"GEOID","NAME","Particulate.Matter"
"31177050202","502.02",5.73165999990369
"31177050102","501.02",6.41447598851432
"31177050300","503",6.01111543029025
"31177050201","502.01",6.03207718949752
"31177050101","501.01",6.34175682605247
