"GEOID","NAME","Particulate.Matter"
"13039010602","106.02",7.66074049834161
"13039010601","106.01",7.91074856780087
"13039010401","104.01",7.80920414448137
"13039010402","104.02",7.66429935847556
"13039010403","104.03",7.83259158774253
"13039010200","102",7.5190623028135
"13039010100","101",7.42317257968769
"13039010301","103.01",7.70619766743294
"13039010302","103.02",7.62330087426544
"13039010500","105",7.78691854422553
