"GEOID","NAMELSAD","Particulate.Matter"
"51075400200","Census Tract 4002",6.15834564503402
"51075400300","Census Tract 4003",6.25814928848747
"51075400400","Census Tract 4004",6.04793216410516
"51075400100","Census Tract 4001",6.45052369279463
"51075400500","Census Tract 4005",5.99984473272344
