"GEOID","NAME","Particulate.Matter"
"17151971300","9713",7.93229068722479
"17151971200","9712",7.62788412063955
