"GEOID","NAME","Particulate.Matter"
"17081050200","502",7.85587457273986
"17081050700","507",7.85162229097343
"17081051100","511",8.11131722164509
"17081050600","506",7.99388785931999
"17081050100","501",7.67311489210192
"17081050800","508",7.913762825276
"17081050300","503",8.07281829634025
"17081050500","505",8.05196586920252
"17081050400","504",7.90813470191859
"17081051000","510",8.84063904019676
"17081050900","509",8.52520418975363
