"GEOID","NAMELSAD","Particulate.Matter"
"29211480200","Census Tract 4802",5.65423162515328
"29211480300","Census Tract 4803",5.77948752928499
"29211480100","Census Tract 4801",5.81747192758239
