"GEOID","NAME","Particulate.Matter"
"19167070600","706",6.15344475903112
"19167070700","707",6.22805249845714
"19167070300","703",6.06792836770992
"19167070200","702",5.89578671936965
"19167070400","704",6.0652898909109
"19167070100","701",6.00877451633012
"19167070500","705",6.02121236913167
