"GEOID","NAME","Particulate.Matter"
"36049950100","9501",5.25212168235167
"36049950400","9504",5.3501795426194
"36049950700","9507",4.62957902583994
"36049950500","9505",4.86549710358469
"36049950200","9502",5.42924874234409
"36049950300","9503",5.26157713010823
"36049950600","9506",5.19918066509751
