"GEOID","NAME","Particulate.Matter"
"01079979100","9791",7.22468858577392
"01079979900","9799",6.91027150481256
"01079979800","9798",6.94987920935999
"01079979700","9797",7.00758420918653
"01079979600","9796",7.31638319014759
"01079979400","9794",7.0427124980194
"01079979300","9793",6.84520620377601
"01079979200","9792",7.09532544194095
"01079979500","9795",6.98475599146692
