"GEOID","NAME","Particulate.Matter"
"42035030300","303",6.40877807209447
"42035030600","306",7.94063280036741
"42035030800","308",6.74462292857454
"42035030200","302",6.60052088413955
"42035030500","305",7.05972869942878
"42035030400","304",7.38306908989663
"42035030900","309",6.29792035814455
"42035030100","301",6.40942647193442
"42035030700","307",7.61924346352274
