"GEOID","NAME","Particulate.Matter"
"31033955000","9550",3.45855441436023
"31033954900","9549",3.49223218560461
"31033954800","9548",3.3237528130181
