"GEOID","NAME","Particulate.Matter"
"01111000300","3",7.39426025488136
"01111000400","4",7.41324008998593
"01111000500","5",7.75086437651761
"01111000600","6",7.60337547541374
"01111000100","1",7.72423716514071
"01111000200","2",7.49347076403673
