"GEOID","NAME","Particulate.Matter"
"12131950602","9506.02",7.33309126870324
"12131950603","9506.03",7.76606271349784
"12131950101","9501.01",6.94585061148803
"12131950102","9501.02",6.88519193780762
"12131950601","9506.01",7.614354002308
"12131950502","9505.02",7.38251834120174
"12131950301","9503.01",7.086765837177
"12131950400","9504",7.34390049461918
"12131950200","9502",7.13528188840222
"12131950302","9503.02",7.12165577988055
"12131950501","9505.01",7.28935477746793
