"GEOID","NAME","Particulate.Matter"
"55061960500","9605",5.6486072039613
"55061960200","9602",5.12860813236115
"55061960400","9604",5.47467195913346
"55061960100","9601",5.50782654424506
