"GEOID","NAME","Particulate.Matter"
"17063000103","1.03",7.94503291619974
"17063000102","1.02",7.74873056070607
"17063000300","3",8.62221423679885
"17063000900","9",6.98672623348714
"17063000700","7",7.90252707356531
"17063000200","2",7.1203685619202
"17063000400","4",7.74435187069226
"17063000800","8",7.47582962379141
"17063000500","5",7.13455483439723
"17063000600","6",6.85282401979538
