"GEOID","NAME","Particulate.Matter"
"47003950402","9504.02",6.811043408551
"47003950401","9504.01",6.87798298580689
"47003950700","9507",6.56060813342522
"47003950600","9506",7.07725422500946
"47003950100","9501",6.42798083550898
"47003950300","9503",6.6781966601108
"47003950500","9505",6.84763621677693
"47003950800","9508",6.81869736388714
"47003950200","9502",6.74089918982809
