"GEOID","NAME","Particulate.Matter"
"48145000800","8",6.17700934629182
"48145000400","4",5.96422164045678
"48145000700","7",6.18169058344955
"48145000200","2",6.25674821621297
"48145000500","5",6.0686445146809
"48145000300","3",6.00873827221438
