"GEOID","NAME","Particulate.Matter"
"49015976300","9763",3.12083252995183
"49015976200","9762",3.48631416819261
"49015976500","9765",3.44485694297556
