"GEOID","NAMELSAD","Particulate.Matter"
"51175200500","Census Tract 2005",6.60799370813114
"51175200100","Census Tract 2001",6.39308764812482
"51175200200","Census Tract 2002",6.40365028469218
"51175200400","Census Tract 2004",6.55086710888768
"51175200300","Census Tract 2003",6.40091630159692
