"GEOID","NAME","Particulate.Matter"
"48465950500","9505",7.55088745899526
"48465950601","9506.01",8.22101867814554
"48465950201","9502.01",8.11912576219812
"48465950400","9504",8.01175557364011
"48465950602","9506.02",8.35695589051153
"48465950700","9507",8.14035860779796
"48465950301","9503.01",8.7507653026404
"48465980000","9800",8.14323940473889
"48465950302","9503.02",8.36011148658585
"48465950800","9508",6.5547869100772
