"GEOID","NAME","Particulate.Matter"
"48035950500","9505",6.6486504551607
"48035950100","9501",6.21572473796386
"48035950400","9504",6.27373962358858
"48035950300","9503",6.29143959491484
"48035950700","9507",6.22727140295291
"48035950600","9506",6.53851859833005
"48035950200","9502",6.2145386472744
