"GEOID","NAME","Particulate.Matter"
"42087961000","9610",8.03589382397179
"42087961100","9611",7.71531802208486
"42087961200","9612",7.28760883665862
"42087960800","9608",8.27133077540325
"42087960200","9602",7.3977105436741
"42087960100","9601",6.80442404472624
"42087960400","9604",7.74981998085629
"42087960500","9605",7.62205096925104
"42087960300","9603",7.58565361656476
"42087960700","9607",8.34186925835516
"42087960900","9609",8.32393378870962
"42087960600","9606",7.80299215993683
