"GEOID","NAMELSAD","Particulate.Matter"
"24029950400","Census Tract 9504",7.73616418458586
"24029950500","Census Tract 9505",7.87950328514184
"24029950300","Census Tract 9503",7.5667339087416
"24029950100","Census Tract 9501",7.5855003131052
"24029950200","Census Tract 9502",7.55914728872972
