"GEOID","NAME","Particulate.Matter"
"21035010100","101",7.59078904969232
"21035010700","107",7.58282970365587
"21035010400","104",8.08267498136611
"21035010200","102",7.88536516118711
"21035010600","106",7.91874319977888
"21035010800","108",7.63198750520662
"21035010500","105",7.9388667833361
"21035010302","103.02",7.88904792293876
"21035010301","103.01",8.7725254156186
