"GEOID","NAME","Particulate.Matter"
"47135930100","9301",7.29087341103816
"47135930200","9302",7.12420354489039
