"GEOID","NAME","Particulate.Matter"
"13281960200","9602",5.66586405972026
"13281960300","9603",5.85611358784591
"13281960100","9601",7.01644656255074
