"GEOID","NAME","Particulate.Matter"
"01123962502","9625.02",7.75507509606989
"01123962300","9623",7.98543993359311
"01123962400","9624",7.66910384661081
"01123962200","9622",7.78176608985313
"01123962000","9620",7.78546893807122
"01123962700","9627",7.94032287954054
"01123962600","9626",7.37997342480111
"01123962100","9621",8.05870515731982
"01123962501","9625.01",7.82576260775987
"01123961900","9619",7.5409094771245
