"GEOID","NAME","Particulate.Matter"
"37113970200","9702",5.43184597450072
"37113970700","9707",5.32197636793992
"37113970100","9701",6.69533671777955
"37113970600","9706",5.98634453372545
"37113970400","9704",6.35752662354075
"37113970302","9703.02",6.87147094868449
"37113970502","9705.02",5.09496733214771
"37113970501","9705.01",4.2917902743038
"37113970301","9703.01",7.6475738464821
