"GEOID","NAME","Particulate.Matter"
"05097953000","9530",6.27556465733148
"05097953200","9532",6.18002289799652
"05097953100","9531",6.00116504630807
