"GEOID","NAME","Particulate.Matter"
"30099000100","1",6.11039139372801
"30099000200","2",7.68937170091894
"30099000300","3",6.68481482301147
