"GEOID","NAMELSAD","Particulate.Matter"
"29163460100","Census Tract 4601",7.12284123970029
"29163460200","Census Tract 4602",6.84121909208147
"29163460400","Census Tract 4604",6.93856692617685
"29163460500","Census Tract 4605",6.7078526481202
"29163460300","Census Tract 4603",6.74801113839042
