"GEOID","NAMELSAD","Particulate.Matter"
"51029930102","Census Tract 9301.02",5.96183449183583
"51029930202","Census Tract 9302.02",5.74109530597392
"51029930101","Census Tract 9301.01",5.77662931678783
"51029930201","Census Tract 9302.01",5.8945263891302
