"GEOID","NAME","Particulate.Matter"
"37043950200","9502",7.43785844370066
"37043950100","9501",5.51458627756447
