"GEOID","NAME","Particulate.Matter"
"46135966400","9664",5.05751346655961
"46135966200","9662",5.43861590912087
"46135966100","9661",6.4768219957201
"46135966302","9663.02",5.90911003953655
"46135966301","9663.01",4.97849198660127
