"GEOID","NAME","Particulate.Matter"
"01109188900","1889",7.2263580586626
"01109188700","1887",7.23016205387727
"01109188800","1888",7.14985743770522
"01109189000","1890",7.04724525227637
"01109188600","1886",7.29197634008137
"01109189300","1893",7.09457580197508
"01109189200","1892",7.20102850651003
"01109189100","1891",6.99805065166285
