"GEOID","NAME","Particulate.Matter"
"28153950300","9503",7.14255163481818
"28153950400","9504",7.11170616478111
"28153950200","9502",7.34865455760715
"28153950100","9501",7.31786320474691
