"GEOID","NAME","Particulate.Matter"
"54009031102","311.02",7.89725832670071
"54009031101","311.01",8.0292989763032
"54009031200","312",9.09986664466774
"54009031600","316",7.65527099867739
"54009031400","314",8.36903497136676
"54009031700","317",7.98426626506166
