"GEOID","NAMELSAD","Particulate.Matter"
"22127960300","Census Tract 9603",7.40681543258602
"22127960100","Census Tract 9601",7.00214576573739
"22127960200","Census Tract 9602",7.12027667680615
"22127960400","Census Tract 9604",7.3431650084224
