"GEOID","NAME","Particulate.Matter"
"47183968600","9686",7.95102912955519
"47183968500","9685",7.95853618180325
"47183968700","9687",7.88689918600611
"47183968000","9680",7.85222131605417
"47183968400","9684",8.03548950857762
"47183968300","9683",8.16058019780155
"47183968101","9681.01",7.84857948818275
"47183968102","9681.02",7.85391952878399
"47183968201","9682.01",7.95344418553606
"47183968203","9682.03",7.95355279602507
"47183968202","9682.02",8.21748403623023
