"GEOID","NAME","Particulate.Matter"
"31161951700","9517",3.42446393964434
"31161951600","9516",3.53204620353861
