"GEOID","NAME","Particulate.Matter"
"48387950600","9506",6.42174120240989
"48387950100","9501",6.44164359136953
"48387950500","9505",6.5420770322802
"48387950700","9507",6.64784287506855
