"GEOID","NAMELSAD","Particulate.Matter"
"29063080200","Census Tract 802",5.88099951275363
"29063080100","Census Tract 801",5.84471362500831
