"GEOID","NAME","Particulate.Matter"
"18131959000","9590",6.73175485449541
"18131959200","9592",6.85111600053088
"18131959100","9591",6.82018353545153
"18131958900","9589",6.78817156263548
