"GEOID","NAME","Particulate.Matter"
"13065970200","9702",7.30181587342558
"13065970100","9701",7.18243299369908
