"GEOID","NAMELSAD","Particulate.Matter"
"29055450302","Census Tract 4503.02",5.7240485955874
"29055450102","Census Tract 4501.02",5.91082473408038
"29055450200","Census Tract 4502",5.9761866391817
"29055450400","Census Tract 4504",5.83082598582023
"29055450101","Census Tract 4501.01",5.59060519447625
"29055450301","Census Tract 4503.01",5.58934595269747
