"GEOID","NAME","Particulate.Matter"
"48143950700","9507",5.78870829283535
"48143950300","9503",5.41821579538169
"48143950500","9505",5.84292780336485
"48143950600","9506",6.04971355804564
"48143950400","9504",5.8856767768376
"48143950100","9501",5.69459824678262
"48143950202","9502.02",5.4039527100359
"48143950201","9502.01",5.74923354207249
