"GEOID","NAMELSAD","Particulate.Matter"
"29131962800","Census Tract 9628",5.65985050233829
"29131962600","Census Tract 9626",5.73598961112945
"29131962900","Census Tract 9629",5.82618240602547
"29131962500","Census Tract 9625",5.56666621015934
"29131962700","Census Tract 9627",5.76026695927568
