"GEOID","NAME","Particulate.Matter"
"54059957400","9574",6.10842523814991
"54059957500","9575",5.45978255954612
"54059957200","9572",5.74924785429569
"54059957300","9573",5.73008928854761
"54059957100","9571",5.66491329640184
"54059957700","9577",5.5491126370006
"54059957600","9576",5.77896503161005
