"GEOID","NAME","Particulate.Matter"
"40015161900","1619",5.6867481314893
"40015162100","1621",5.88599908559408
"40015162300","1623",5.91338937086551
"40015161700","1617",5.62515691585796
"40015161800","1618",5.63947353913416
"40015161600","1616",5.59756995380133
"40015162200","1622",5.84952951799579
"40015162000","1620",5.79165662937576
