"GEOID","NAME","Particulate.Matter"
"45017950100","9501",6.80029843771649
"45017950200","9502",6.93833356588197
"45017950400","9504",7.15583361083533
