"GEOID","NAME","Particulate.Matter"
"27167950100","9501",4.91624242199798
"27167950200","9502",5.00894766480871
