"GEOID","NAME","Particulate.Matter"
"17171970700","9707",6.7131638637381
"17171970600","9706",6.67172531574087
