"GEOID","NAME","Particulate.Matter"
"18029080104","801.04",7.65905514328628
"18029080103","801.03",7.63708144527674
"18029080300","803",8.61880830897445
"18029080500","805",8.07577680090486
"18029080400","804",8.18086358377967
"18029080700","807",6.9205734307786
"18029080600","806",6.99574258110124
"18029080101","801.01",6.98088404783308
"18029080201","802.01",7.01153735209717
"18029080202","802.02",7.72515649502575
