"GEOID","NAME","Particulate.Matter"
"39027964800","9648",7.54595999757188
"39027964900","9649",7.65796103043727
"39027964300","9643",7.38250385518106
"39027964500","9645",7.54068561283813
"39027965000","9650",7.40097024864184
"39027964700","9647",7.49625295041705
"39027965100","9651",6.95713038857898
"39027964400","9644",7.4906802879876
"39027964600","9646",8.44585204238463
