"GEOID","NAMELSAD","Particulate.Matter"
"29167960200","Census Tract 9602",5.81007391250391
"29167960300","Census Tract 9603",5.84008534341783
"29167960100","Census Tract 9601",5.69263821878215
"29167960400","Census Tract 9604",6.04049964435553
