"GEOID","NAME","Particulate.Matter"
"40005587700","5877",6.71686049049418
"40005587600","5876",6.46465719972713
"40005587900","5879",6.76127182651305
"40005587800","5878",6.93548260636651
