"GEOID","NAME","Particulate.Matter"
"20047969700","9697",4.44202600774516
"20047969600","9696",4.37468607483546
