"GEOID","NAME","Particulate.Matter"
"26079950200","9502",4.18183971950898
"26079950400","9504",4.37163799793493
"26079950300","9503",4.29777414825834
"26079950601","9506.01",3.84850185403126
"26079950602","9506.02",4.29732601361898
