"GEOID","NAME","Particulate.Matter"
"21143960100","9601",8.2456745333603
"21143960200","9602",8.03671953573214
"21143980100","9801",8.03610122742714
