"GEOID","NAMELSAD","Particulate.Matter"
"22083970500","Census Tract 9705",7.40192238669267
"22083970100","Census Tract 9701",7.29538184755815
"22083970600","Census Tract 9706",7.24864853167496
"22083970300","Census Tract 9703",7.24251937397485
"22083970400","Census Tract 9704",7.26203445978436
"22083970200","Census Tract 9702",7.23160860253191
