"GEOID","NAME","Particulate.Matter"
"48475950200","9502",5.27188792497737
"48475950100","9501",5.01210521001135
"48475950300","9503",6.06070467973085
