"GEOID","NAME","Particulate.Matter"
"31137967000","9670",4.55829850048638
"31137967200","9672",4.54229755438952
"31137967100","9671",4.53177202378894
