"GEOID","NAME","Particulate.Matter"
"19077950200","9502",5.66420723724705
"19077950300","9503",5.67649752056093
"19077950100","9501",5.57976209227572
