"GEOID","NAME","Particulate.Matter"
"19107080100","801",6.4201287013798
"19107080400","804",6.32910595089187
"19107080300","803",6.39528146896398
"19107080200","802",6.35540989271318
