"GEOID","NAME","Particulate.Matter"
"42113960100","9601",5.67933891354732
"42113960200","9602",5.89100167269145
