"GEOID","NAME","Particulate.Matter"
"17017960100","9601",6.47747156463767
"17017960300","9603",6.64211099329446
"17017960400","9604",7.51094758337528
"17017960200","9602",6.42720894075379
"17017960500","9605",7.51462396422094
