"GEOID","NAME","Particulate.Matter"
"05061950200","9502",6.90368059179362
"05061950100","9501",6.71415289074188
"05061950300","9503",7.16447029251458
