"GEOID","NAME","Particulate.Matter"
"19151780200","7802",4.8200134179936
"19151780300","7803",4.9728790796085
"19151780100","7801",5.04940363418105
