"GEOID","NAME","Particulate.Matter"
"32021970700","9707",4.64068265143661
"32021970800","9708",3.81811201595212
