"GEOID","NAMELSAD","Particulate.Matter"
"51113930100","Census Tract 9301",5.985750287942
"51113930200","Census Tract 9302",5.20473159936804
