"GEOID","NAME","Particulate.Matter"
"27071790300","7903",4.27047066167142
"27071790500","7905",4.2636510633508
"27071790200","7902",4.43017990967621
"27071790100","7901",4.24768144145303
