"GEOID","NAME","Particulate.Matter"
"30083070100","701",4.25828825937124
"30083070300","703",4.14464368746581
"30083070400","704",4.40761335814857
"30083070200","702",4.07600664918447
