"GEOID","NAME","Particulate.Matter"
"28117950300","9503",7.13937954172171
"28117950100","9501",6.81511029994613
"28117950500","9505",7.13767203379913
"28117950200","9502",6.75566789732372
"28117950400","9504",7.03177406676051
