"GEOID","NAMELSAD","Particulate.Matter"
"22043020401","Census Tract 204.01",7.28459910706724
"22043020300","Census Tract 203",7.7867169805907
"22043020402","Census Tract 204.02",7.34657353717446
"22043020200","Census Tract 202",7.27046501922922
"22043020100","Census Tract 201",7.09269213210981
