"GEOID","NAME","Particulate.Matter"
"05073470100","4701",7.2629735460029
"05073470200","4702",7.37883666410862
