"GEOID","NAME","Particulate.Matter"
"05105952700","9527",6.85741863571096
"05105952900","9529",6.21499968057208
"05105952800","9528",6.34764628096808
