"GEOID","NAME","Particulate.Matter"
"21179930302","9303.02",7.1175359744962
"21179930301","9303.01",7.14002451039316
"21179930303","9303.03",7.62858854567841
"21179930400","9304",7.27092192973289
"21179930700","9307",7.31074285856836
"21179930100","9301",6.63844894468429
"21179930200","9302",7.00078545252889
"21179930600","9306",7.2378590343827
"21179930500","9305",7.09577520557791
