"GEOID","NAMELSAD","Particulate.Matter"
"51690000200","Census Tract 2",6.80740948790378
"51690000500","Census Tract 5",6.25842126143807
"51690000100","Census Tract 1",6.37195548625211
"51690000300","Census Tract 3",6.5791980856476
"51690000400","Census Tract 4",6.3704596992195
