"GEOID","NAME","Particulate.Matter"
"55043960700","9607",6.14464889455749
"55043960400","9604",6.23899415834815
"55043961000","9610",6.24935199590528
"55043960900","9609",6.08896920082906
"55043961200","9612",6.40598178999323
"55043960300","9603",6.15952641213764
"55043960200","9602",6.149272004111
"55043960800","9608",6.37415540143487
"55043960100","9601",5.82783139808157
"55043960500","9605",6.43355850557842
"55043961100","9611",6.38372552270713
"55043960600","9606",6.15618737417978
