"GEOID","NAME","Particulate.Matter"
"18147952800","9528",8.67600967237278
"18147952900","9529",8.96019201094926
"18147953100","9531",8.65303725237305
"18147953000","9530",9.13517045174556
"18147952700","9527",8.12995598233024
