"GEOID","NAME","Particulate.Matter"
"13289060100","601",7.46883943188975
"13289060200","602",7.49385145652944
