"GEOID","NAME","Particulate.Matter"
"17137951800","9518",8.32199704945429
"17137951900","9519",7.59353086447098
"17137952100","9521",6.71769728816455
"17137952300","9523",6.75500222401329
"17137951600","9516",7.28283437148523
"17137952000","9520",7.32818392917085
"17137951400","9514",6.69210322599769
"17137951700","9517",7.40070786348706
"17137952200","9522",6.69062407242951
"17137951500","9515",6.54360572934066
