"GEOID","NAME","Particulate.Matter"
"54035963500","9635",5.89294698415373
"54035963600","9636",5.71587242923021
"54035963300","9633",6.10092520794541
"54035963700","9637",5.55486674757458
"54035963200","9632",5.70109813771692
"54035963400","9634",6.20622357711155
