"GEOID","NAME","Particulate.Matter"
"55107960100","9601",4.24170194282487
"55107960500","9605",4.76651501321821
"55107960200","9602",4.16591959030173
"55107960400","9604",4.62401900065246
"55107960300","9603",4.58436745633342
