"GEOID","NAME","Particulate.Matter"
"18073100400","1004",6.84120420865939
"18073101000","1010",6.90858592465956
"18073100902","1009.02",6.83507749997486
"18073100901","1009.01",6.97361350258226
"18073101100","1011",6.84433778815008
"18073100800","1008",7.05750400774965
"18073101300","1013",6.98550065881722
"18073101200","1012",6.9373821526843
