"GEOID","NAME","Particulate.Matter"
"27097780400","7804",4.71280655021566
"27097780200","7802",4.98986824108124
"27097780300","7803",5.10982529893441
"27097780100","7801",4.90136763066088
"27097780800","7808",5.16260940332836
"27097780600","7806",5.34207088215904
"27097780500","7805",4.89281969484475
"27097780700","7807",5.36212880670976
