"GEOID","NAME","Particulate.Matter"
"48043950400","9504",4.89908619798314
"48043950300","9503",4.98470226619977
"48043950500","9505",5.71766606752274
