"GEOID","NAMELSAD","Particulate.Matter"
"22023970201","Census Tract 9702.01",8.7702658773733
"22023970100","Census Tract 9701",8.53458591826041
