"GEOID","NAME","Particulate.Matter"
"19191950500","9505",5.72533377141118
"19191950200","9502",6.00823697405132
"19191950400","9504",5.77551232410194
"19191950100","9501",5.64326117021032
"19191950300","9503",5.84877000801057
