"GEOID","NAME","Particulate.Matter"
"48281950301","9503.01",6.09312207894018
"48281950500","9505",5.81671888769191
"48281950400","9504",6.03629515517039
"48281950100","9501",5.42294915991138
"48281950302","9503.02",5.57539414145725
