"GEOID","NAME","Particulate.Matter"
"41025960100","9601",2.53894221596293
"41025960200","9602",3.22498023327924
