"GEOID","NAME","Particulate.Matter"
"40153953200","9532",4.63404233554248
"40153953100","9531",4.88801906432277
"40153953400","9534",5.13725823146191
"40153953500","9535",4.98912033547778
"40153953300","9533",4.93807004947542
