"GEOID","NAME","Particulate.Matter"
"53065951300","9513",5.41800289274622
"53065950900","9509",5.37752817042971
"53065950700","9507",7.73143482178338
"53065950300","9503",10.7767078220147
"53065951400","9514",5.5413841835743
"53065951100","9511",5.34771843210742
"53065950200","9502",6.44132916249957
"53065950100","9501",7.20168816251223
"53065950800","9508",5.70835777343145
"53065941000","9410",5.48294441188019
"53065950600","9506",5.70064964454874
"53065950500","9505",9.85973785039253
