"GEOID","NAME","Particulate.Matter"
"27077460400","4604",4.48409463382545
"27077460300","4603",4.2584483245781
