"GEOID","NAME","Particulate.Matter"
"40065968300","9683",4.90507922499948
"40065968600","9686",6.30701496064022
"40065968500","9685",5.30242456413904
"40065968100","9681",5.03688254432251
"40065968200","9682",4.95535225651123
"40065968700","9687",5.35133093084076
"40065968800","9688",5.31081486641675
"40065968400","9684",5.15280950623211
