"GEOID","NAME","Particulate.Matter"
"18125953900","9539",8.09210083694935
"18125954100","9541",8.4156250957727
"18125954000","9540",8.33171326085849
"18125954200","9542",8.23008176108365
