"GEOID","NAMELSAD","Particulate.Matter"
"22049970500","Census Tract 9705",7.24776235175144
"22049970100","Census Tract 9701",7.08425426916032
"22049970200","Census Tract 9702",7.06008469787606
"22049970400","Census Tract 9704",7.24891894881268
"22049970300","Census Tract 9703",7.13217299804302
