"GEOID","NAME","Particulate.Matter"
"08095967600","9676",3.39399657174561
"08095967700","9677",3.21694076492246
