"GEOID","NAME","Particulate.Matter"
"05141460200","4602",6.04717582361558
"05141460400","4604",6.35863212297607
"05141460100","4601",5.72210751413917
"05141460302","4603.02",6.28172229497231
"05141460301","4603.01",6.1122171623154
