"GEOID","NAME","Particulate.Matter"
"20065952100","9521",4.53680711148881
"20065952200","9522",4.87604363195108
