"GEOID","NAME","Particulate.Matter"
"42009960400","9604",7.11701123504249
"42009960100","9601",7.10246243013629
"42009961100","9611",6.76117022598069
"42009960300","9603",6.99896978332523
"42009960500","9605",6.50872547325589
"42009960200","9602",6.57086152754343
"42009961000","9610",6.65186536398243
"42009960600","9606",6.9435008790332
"42009960800","9608",7.04655358712817
"42009960900","9609",6.87812283923472
"42009960700","9607",7.47514699254411
