"GEOID","NAME","Particulate.Matter"
"20157978200","9782",4.74197376362515
"20157978100","9781",4.61600890282094
"20157978300","9783",4.89891913284183
