"GEOID","NAME","Particulate.Matter"
"05081030200","302",6.88440072986706
"05081030102","301.02",7.1848335985289
"05081030101","301.01",7.13281164425858
"05081030300","303",6.9804645746117
