"GEOID","NAME","Particulate.Matter"
"28065950202","9502.02",6.79777133864091
"28065950201","9502.01",6.67603777297702
"28065950100","9501",6.67174002096599
