"GEOID","NAME","Particulate.Matter"
"54089000800","8",5.07124119108742
"54089000700","7",6.19107335185761
"54089000500","5",5.00108345695509
"54089000600","6",5.49924035587844
