"GEOID","NAME","Particulate.Matter"
"48323950201","9502.01",7.70882113101772
"48323950500","9505",9.26716134886033
"48323950400","9504",9.9793291932883
"48323950602","9506.02",10.0249628981652
"48323950300","9503",9.35745738987671
"48323950601","9506.01",10.0602688549787
"48323950205","9502.05",8.97204773668657
"48323950700","9507",7.24418274459168
"48323950204","9502.04",9.27929324183027
