"GEOID","NAME","Particulate.Matter"
"23023970600","9706",4.7314878396037
"23023970200","9702",4.58093265515975
"23023970700","9707",4.31524539045673
"23023970302","9703.02",4.71684918082865
"23023970500","9705",4.87927553201722
"23023970400","9704",4.41820372947814
"23023970301","9703.01",4.64117174457096
"23023970100","9701",4.55985078981012
