"GEOID","NAME","Particulate.Matter"
"28017950300","9503",6.7620445452882
"28017950100","9501",7.0553864207682
"28017950200","9502",6.83259419627961
"28017950400","9504",6.70793412473564
