"GEOID","NAME","Particulate.Matter"
"40069660200","6602",6.63631000991694
"40069660300","6603",6.75442580587593
"40069660198","6601.98",6.96313352315194
