"GEOID","NAME","Particulate.Matter"
"27135970200","9702",5.04440700576649
"27135970300","9703",4.99876450146913
"27135970400","9704",4.56018073301825
"27135970500","9705",4.7699721370467
"27135970100","9701",4.77620164080839
