"GEOID","NAME","Particulate.Matter"
"21217920100","9201",6.46574879187284
"21217920400","9204",7.04377402086872
"21217920200","9202",6.91440258474272
"21217920500","9205",6.9891705107851
"21217920300","9203",6.85121889384201
