"GEOID","NAME","Particulate.Matter"
"17003957700","9577",8.50129021890108
"17003957800","9578",9.01832397784111
"17003957600","9576",8.2125002962669
"17003957900","9579",8.88728097106348
