"GEOID","NAME","Particulate.Matter"
"27021960802","9608.02",4.83339695270611
"27021960100","9601",4.29908909066229
"27021940001","9400.01",4.47060024342577
"27021960600","9606",4.38556367651006
"27021960200","9602",4.28964210678006
"27021960700","9607",4.49559789930727
"27021940002","9400.02",4.47638896236665
"27021960301","9603.01",4.36656180743858
"27021960302","9603.02",4.34151841460544
"27021960801","9608.01",4.90285501799967
