"GEOID","NAME","Particulate.Matter"
"19133960100","9601",5.83990747901567
"19133960400","9604",5.8362103296292
"19133960200","9602",6.04314456916932
"19133960300","9603",5.93109505845512
