"GEOID","NAME","Particulate.Matter"
"38081974000","9740",4.53245900952372
"38081974200","9742",4.65222194074451
