"GEOID","NAME","Particulate.Matter"
"55119960600","9606",4.49485710890704
"55119960500","9605",4.63462080988523
"55119960200","9602",4.40227408022688
"55119960400","9604",4.3835849095121
"55119960300","9603",4.57217530992629
"55119960100","9601",4.22135120153543
