"GEOID","NAME","Particulate.Matter"
"13261950600","9506",7.95399881398143
"13261950800","9508",7.46770871557084
"13261950200","9502",7.34414706509675
"13261950400","9504",7.30173437056957
"13261950100","9501",7.37378264597007
"13261950500","9505",7.20603064472423
"13261950300","9503",7.20998563446617
"13261950700","9507",7.25730349379048
