"GEOID","NAME","Particulate.Matter"
"16007950200","9502",3.60217344660446
"16007950100","9501",4.10405551598241
