"GEOID","NAMELSAD","Particulate.Matter"
"51610500300","Census Tract 5003",8.46767936140489
"51610500100","Census Tract 5001",8.21995804810123
"51610500200","Census Tract 5002",8.14643689406298
