"GEOID","NAME","Particulate.Matter"
"46051953300","9533",4.62237772409027
"46051953100","9531",4.98887852991799
