"GEOID","NAME","Particulate.Matter"
"38069956200","9562",4.11561591811902
"38069956100","9561",4.45236018444898
