"GEOID","NAME","Particulate.Matter"
"08103951100","9511",2.75241905432992
"08103951200","9512",2.92407868553199
