"GEOID","NAME","Particulate.Matter"
"54075960200","9602",4.43804932918457
"54075960300","9603",3.88703191885913
"54075960102","9601.02",4.15173961319183
"54075960101","9601.01",4.30207569111848
