"GEOID","NAME","Particulate.Matter"
"41009971000","9710",3.38075596419861
"41009970300","9703",3.74041276314464
"41009970800","9708",6.33638762214775
"41009970900","9709",5.78880289497021
"41009971100","9711",2.21468350104413
"41009970200","9702",2.71433615015737
"41009970400","9704",3.93195865154629
"41009970700","9707",6.31597503707963
"41009970500","9705",3.39723789460462
"41009970600","9706",4.7860210423609
