"GEOID","NAME","Particulate.Matter"
"40089098600","986",6.8388612494272
"40089098300","983",6.59308109756213
"40089098200","982",6.49845626478307
"40089098400","984",6.51982994762876
"40089098800","988",6.74512881749951
"40089098700","987",6.56146733186057
"40089098500","985",6.64276588004442
"40089098900","989",6.73188107513106
