"GEOID","NAME","Particulate.Matter"
"54095962000","9620",6.07386597287408
"54095961800","9618",6.48175493562985
"54095961900","9619",6.18404662617493
