"GEOID","NAME","Particulate.Matter"
"18123952500","9525",8.90789513059497
"18123952400","9524",8.79025644054926
"18123952300","9523",7.84323225500225
"18123952200","9522",7.68740264128788
"18123952600","9526",8.33543288388899
