"GEOID","NAME","Particulate.Matter"
"37017950100","9501",6.78381080320983
"37017950400","9504",6.89235267577259
"37017950300","9503",6.94679261458084
"37017950500","9505",6.81173803895334
"37017950600","9506",6.684653086364
"37017950200","9502",6.86653356667757
