"GEOID","NAME","Particulate.Matter"
"48371950300","9503",6.44960411396266
"48371950100","9501",5.62634790935856
"48371950400","9504",6.59604967442014
"48371950500","9505",5.28218394657812
