"GEOID","NAME","Particulate.Matter"
"18001030400","304",7.65623028502233
"18001030600","306",8.23503648316603
"18001030100","301",7.59649596845514
"18001030500","305",7.74729544490901
"18001030700","307",7.74800962774687
"18001030200","302",7.90607832409993
"18001030300","303",7.74514356768526
