"GEOID","NAME","Particulate.Matter"
"27153790600","7906",4.9765867971912
"27153790800","7908",4.921058648575
"27153790200","7902",4.72089874061688
"27153790700","7907",4.87279223491511
"27153790400","7904",4.91996300434488
"27153790100","7901",5.1291133258069
"27153790300","7903",4.7648854069625
"27153790500","7905",4.81690995377906
