"GEOID","NAME","Particulate.Matter"
"37173960302","9603.02",5.90432748662576
"37173960301","9603.01",6.62757661250721
"37173980200","9802",4.96138195618825
"37173940100","9401",6.41280516124432
"37173960200","9602",6.95389711573926
