"GEOID","NAME","Particulate.Matter"
"20113788100","7881",5.13323198570013
"20113788300","7883",5.08742703289731
"20113788700","7887",5.2437790990909
"20113788200","7882",5.32131531344855
"20113788400","7884",5.06639046238115
"20113788500","7885",6.43404088381616
"20113788600","7886",5.11151790874108
