"GEOID","NAME","Particulate.Matter"
"16075960300","9603",5.90261347689273
"16075960400","9604",5.76840415288447
"16075960100","9601",5.60280385909944
"16075960200","9602",6.79829175033117
