"GEOID","NAMELSAD","Particulate.Matter"
"29143960400","Census Tract 9604",8.65868595006647
"29143960300","Census Tract 9603",8.69887237927872
"29143960100","Census Tract 9601",8.57723626463035
"29143960600","Census Tract 9606",8.6083966112988
"29143960200","Census Tract 9602",8.55180560839898
"29143960500","Census Tract 9605",8.52301461832373
