"GEOID","NAMELSAD","Particulate.Matter"
"51167030402","Census Tract 304.02",4.57482004606373
"51167030401","Census Tract 304.01",5.08926113794806
"51167030200","Census Tract 302",5.62294873255246
"51167030100","Census Tract 301",5.02253277454332
"51167030600","Census Tract 306",5.72467800326598
"51167030300","Census Tract 303",5.53826731519412
"51167030500","Census Tract 305",5.23693013485831
