"GEOID","NAMELSAD","Particulate.Matter"
"35053940000","Census Tract 9400",3.32731651712106
"35053978200","Census Tract 9782",3.397601869237
"35053978303","Census Tract 9783.03",4.62349524415896
"35053978100","Census Tract 9781",3.37184113656708
"35053978302","Census Tract 9783.02",6.21168831584544
"35053978301","Census Tract 9783.01",3.95330685795117
