"GEOID","NAME","Particulate.Matter"
"48013960402","9604.02",6.89509996204577
"48013960202","9602.02",6.85583346505022
"48013960401","9604.01",6.67278898899245
"48013960100","9601",6.96635568220228
"48013960500","9605",6.89579005968074
"48013960201","9602.01",6.8259942977143
"48013960300","9603",6.87318120679118
"48013960600","9606",7.09882279077105
