"GEOID","NAME","Particulate.Matter"
"01119011500","115",7.9139787929879
"01119011300","113",8.08013262309128
"01119011600","116",7.70320219392827
"01119011400","114",7.79573458696489
