"GEOID","NAME","Particulate.Matter"
"48189950400","9504",5.66084809821451
"48189950300","9503",5.07736003688553
"48189950900","9509",4.26046749140379
"48189950500","9505",5.24765203309069
"48189950700","9507",4.43465716691898
"48189950600","9506",4.29425956240839
"48189950100","9501",4.44072546429982
"48189950800","9508",4.3114409636188
"48189950200","9502",4.95997013900496
