"GEOID","NAME","Particulate.Matter"
"27015960700","9607",5.76525071977745
"27015960400","9604",5.72731790494158
"27015960200","9602",5.94463988299916
"27015960500","9605",5.78709294460275
"27015960300","9603",6.32271694735797
"27015960600","9606",5.66317931155783
"27015960101","9601.01",6.63033585911673
"27015960102","9601.02",5.91711360366016
