"GEOID","NAME","Particulate.Matter"
"16009950100","9501",6.19987667902106
"16009940000","9400",5.60378965312784
