"GEOID","NAME","Particulate.Matter"
"18133956300","9563",7.31760914285399
"18133956200","9562",7.26258695028589
"18133956000","9560",6.99657651306308
"18133956100","9561",7.20310803980827
"18133956400","9564",7.45811764100957
"18133956600","9566",7.45058955744023
"18133956500","9565",7.50640549660026
