"GEOID","NAME","Particulate.Matter"
"48411950200","9502",5.11477524359551
"48411950100","9501",5.55104572291537
