"GEOID","NAME","Particulate.Matter"
"17047957100","9571",8.5374559167639
"17047956900","9569",8.63385816178301
"17047957000","9570",8.77925329271227
