"GEOID","NAMELSAD","Particulate.Matter"
"51099040200","Census Tract 402",6.50574269472219
"51099040400","Census Tract 404",6.66331504105729
"51099040100","Census Tract 401",6.91666622171251
"51099040300","Census Tract 403",6.63806770425667
"51099040500","Census Tract 405",6.5722570002976
