"GEOID","NAME","Particulate.Matter"
"37079950200","9502",7.06782322917647
"37079950300","9503",6.93780324659875
"37079950101","9501.01",6.92705579348996
"37079950102","9501.02",6.8071793649501
