"GEOID","NAMELSAD","Particulate.Matter"
"51105950300","Census Tract 9503",5.89807814499547
"51105950500","Census Tract 9505",5.57077176193608
"51105950100","Census Tract 9501",4.80372943649479
"51105950600","Census Tract 9506",5.4791818280229
"51105950200","Census Tract 9502",5.1670896387988
"51105950400","Census Tract 9504",5.94636720040199
