"GEOID","NAMELSAD","Particulate.Matter"
"51051040400","Census Tract 404",5.02554143374494
"51051040200","Census Tract 402",4.92602850963202
"51051040300","Census Tract 403",4.95940647294148
"51051040100","Census Tract 401",5.47372618759068
