"GEOID","NAME","Particulate.Matter"
"39105964100","9641",6.07640366494621
"39105964600","9646",6.1280398035795
"39105964300","9643",6.08585103832747
"39105964200","9642",5.81694607893901
"39105964500","9645",6.11932920569727
"39105964400","9644",6.34828551494533
