"GEOID","NAME","Particulate.Matter"
"28005950200","9502",6.72258800145463
"28005950300","9503",6.85924397355126
"28005950100","9501",6.55979327427439
