"GEOID","NAME","Particulate.Matter"
"12037970302","9703.02",7.34474632201142
"12037970304","9703.04",7.18162140073418
"12037970200","9702",7.2131861263908
"12037970100","9701",7.26870954714211
