"GEOID","NAME","Particulate.Matter"
"19053960300","9603",5.82152220935237
"19053960200","9602",5.86718007177279
"19053960100","9601",5.59769626093634
