"GEOID","NAMELSAD","Particulate.Matter"
"29009960401","Census Tract 9604.01",6.0250331477869
"29009960402","Census Tract 9604.02",6.33171454997339
"29009960300","Census Tract 9603",7.0432854509383
"29009960100","Census Tract 9601",5.94176100759668
"29009960200","Census Tract 9602",6.4512932073637
"29009960500","Census Tract 9605",6.0649234079165
"29009960600","Census Tract 9606",6.37260349964002
