"GEOID","NAME","Particulate.Matter"
"21005950400","9504",6.35876077338543
"21005950100","9501",6.47215353916933
"21005950300","9503",6.35843156786973
"21005950202","9502.02",6.61265976159754
"21005950201","9502.01",6.52627287773813
