"GEOID","NAME","Particulate.Matter"
"16049940000","9400",8.23706766135411
"16049960100","9601",9.29454293133404
"16049960200","9602",8.3605440036236
"16049960400","9604",7.35423282067875
"16049960300","9603",6.60090904813154
