"GEOID","NAME","Particulate.Matter"
"48075950200","9502",4.37647025122733
"48075950100","9501",4.44234224918636
