"GEOID","NAME","Particulate.Matter"
"47159975400","9754",7.31222408302943
"47159975100","9751",7.93525669052014
"47159975200","9752",7.49074929843672
"47159975000","9750",7.30612968417592
"47159975300","9753",7.43774717891198
