"GEOID","NAMELSAD","Particulate.Matter"
"22013970400","Census Tract 9704",7.22766090822479
"22013970100","Census Tract 9701",7.10470959007564
"22013970500","Census Tract 9705",6.9905408032842
"22013970300","Census Tract 9703",7.17271430817147
"22013970200","Census Tract 9702",7.17765549371279
