"GEOID","NAME","Particulate.Matter"
"08107000500","5",4.91095762390639
"08107000700","7",3.36561911700106
"08107000200","2",4.82005513038201
"08107000100","1",3.17162623146363
"08107000300","3",4.10903831909671
"08107000400","4",5.07189962867569
"08107000600","6",3.07980033939389
"08107000800","8",3.38251185904381
