"GEOID","NAME","Particulate.Matter"
"40007951600","9516",4.94808254466764
"40007951800","9518",5.07142562366608
"40007951700","9517",5.10526570565003
