"GEOID","NAME","Particulate.Matter"
"21205950100","9501",5.34277105124362
"21205950200","9502",5.93072981599237
"21205950300","9503",5.83632417925433
"21205950400","9504",5.21484853752347
