"GEOID","NAME","Particulate.Matter"
"27095970300","9703",4.61745640602936
"27095170500","1705",4.99559448366016
"27095170600","1706",5.40596577527643
"27095170700","1707",5.74416840233714
"27095970200","9702",4.54469257457961
"27095970100","9701",4.34538776540736
"27095170400","1704",5.15695985851665
