"GEOID","NAME","Particulate.Matter"
"19059451000","4510",5.71653783584203
"19059450500","4505",5.76654216730095
"19059450800","4508",5.73836855021669
"19059450200","4502",5.78954347702703
"19059451100","4511",5.67153353097017
