"GEOID","NAME","Particulate.Matter"
"28155950200","9502",6.29497569398128
"28155950100","9501",6.2886006382341
"28155950300","9503",6.60573624699682
