"GEOID","NAME","Particulate.Matter"
"28021950200","9502",6.86817737459154
"28021950100","9501",6.73342250586926
"28021950300","9503",6.72350280446036
