"GEOID","NAME","Particulate.Matter"
"08081000500","5",5.03274263016039
"08081000400","4",4.90127449254372
"08081000300","3",4.34369764598217
"08081000600","6",3.02866388231576
