"GEOID","NAMELSAD","Particulate.Matter"
"29045950200","Census Tract 9502",6.46252013739193
"29045950100","Census Tract 9501",6.11320969366496
"29045950300","Census Tract 9503",6.29897408002197
