"GEOID","NAMELSAD","Particulate.Matter"
"22025000300","Census Tract 3",7.70925141058642
"22025000100","Census Tract 1",7.40696242041987
"22025000200","Census Tract 2",7.92715579801743
