"GEOID","NAME","Particulate.Matter"
"01085781000","7810",8.30573093450596
"01085781100","7811",7.67522638931566
"01085780800","7808",8.00852448735204
"01085781200","7812",7.34510173947497
