"GEOID","NAME","Particulate.Matter"
"45053950100","9501",7.07262666101624
"45053950300","9503",7.53307795850825
"45053950202","9502.02",7.26122383570582
"45053950201","9502.01",7.28298085752756
