"GEOID","NAMELSAD","Particulate.Matter"
"29175490600","Census Tract 4906",6.29252692185566
"29175490100","Census Tract 4901",6.36172653094746
"29175490500","Census Tract 4905",7.02845295341068
"29175490400","Census Tract 4904",6.77088511599448
"29175490300","Census Tract 4903",7.23054058808259
"29175490200","Census Tract 4902",6.27662251595731
