"GEOID","NAME","Particulate.Matter"
"39137030100","301",7.41094611095234
"39137030500","305",7.58158624275069
"39137030400","304",7.26475317105998
"39137030700","307",7.66001429174632
"39137030200","302",7.52270943427258
"39137030600","306",7.75716594064582
"39137030300","303",7.43623110827994
