"GEOID","NAME","Particulate.Matter"
"05093010100","101",9.08950049009935
"05093011400","114",8.24460524287541
"05093010900","109",8.01583214197867
"05093011300","113",8.02237384387524
"05093010300","103",8.41299414532243
"05093010600","106",8.09553431760922
"05093010700","107",8.08039805136992
"05093010800","108",8.21735645739756
"05093011200","112",7.98501794684506
"05093010200","102",8.03504805559345
"05093011000","110",8.05017822517318
"05093011100","111",8.0246807264256
