"GEOID","NAME","Particulate.Matter"
"28007060600","606",7.00076628135564
"28007060400","604",6.55222348584735
"28007060100","601",6.51134964106797
"28007060300","603",6.65958100275511
"28007060500","605",7.01461650704449
"28007060200","602",6.67406706262827
