"GEOID","NAME","Particulate.Matter"
"28011950300","9503",6.209022487164
"28011950200","9502",6.33234272942106
"28011950500","9505",6.47457054616441
"28011950400","9504",6.5311721946442
"28011950100","9501",6.41191489707029
"28011950600","9506",6.72059385418354
"28011950702","9507.02",7.04959643795392
"28011950701","9507.01",6.79460825966372
