"GEOID","NAME","Particulate.Matter"
"49029970200","9702",3.76179657649539
"49029970100","9701",3.56265313283041
