"GEOID","NAME","Particulate.Matter"
"13221960100","9601",7.10917363208832
"13221960300","9603",7.17467218459912
"13221960202","9602.02",7.18281752568313
"13221960201","9602.01",7.23313822412562
