"GEOID","NAME","Particulate.Matter"
"20079030600","306",5.560816551919
"20079030300","303",5.95995978751657
"20079030500","305",5.47994999876576
"20079030100","301",5.96581789187922
"20079030400","304",6.13817671694075
"20079030200","302",5.86587366473085
