"GEOID","NAME","Particulate.Matter"
"17125956600","9566",6.84308111899925
"17125956300","9563",6.54596488279247
"17125956700","9567",6.72952858611961
"17125956400","9564",6.80873985856611
"17125956500","9565",7.30817884570858
"17125956800","9568",6.74190011239323
