"GEOID","NAME","Particulate.Matter"
"55113100400","1004",4.0401329012973
"55113100800","1008",3.96423727048618
"55113100300","1003",4.04852915167234
"55113100700","1007",4.01287068074059
"55113940000","9400",3.98662246031154
"55113100500","1005",3.94427679035587
