"GEOID","NAME","Particulate.Matter"
"37111970100","9701",6.09602526454224
"37111970300","9703",7.15377161493205
"37111970200","9702",7.04091487497875
"37111970800","9708",6.02663268382765
"37111970600","9706",7.08149439191476
"37111970400","9704",7.27863713615295
"37111970500","9705",7.09912704411477
"37111970902","9709.02",6.53227082795359
"37111970901","9709.01",6.75296817748608
"37111970700","9707",5.37324329836734
