"GEOID","NAME","Particulate.Matter"
"26089970100","9701",4.26697511286784
"26089970300","9703",4.15039175772346
"26089970500","9705",4.19706055562676
"26089970400","9704",4.11300737668429
"26089970200","9702",4.52563379056508
"26089970600","9706",4.51430647509984
