"GEOID","NAME","Particulate.Matter"
"21219950300","9503",8.22649017008992
"21219950400","9504",8.18067013222057
"21219950200","9502",7.94450488792905
"21219950100","9501",7.54030729866018
