"GEOID","NAME","Particulate.Matter"
"55031020700","207",5.10571569553467
"55031020600","206",6.09711930041472
"55031020900","209",5.21618590130502
"55031020500","205",6.001878270785
"55031020300","203",5.84105138334266
"55031021100","211",5.56400830612473
"55031030100","301",4.12369201280542
"55031020800","208",4.95551375917327
"55031030200","302",4.56012210765508
"55031030300","303",4.15839347218508
"55031020400","204",5.37422518408559
"55031021000","210",4.96122833990768
