"GEOID","NAME","Particulate.Matter"
"31081969300","9693",4.74411947931628
"31081969100","9691",4.9962158379851
"31081969200","9692",4.74518967353625
