"GEOID","NAME","Particulate.Matter"
"20009971700","9717",5.84150911416094
"20009971400","9714",5.45736090558
"20009971500","9715",5.30955403233185
"20009971600","9716",5.87310004066617
"20009971300","9713",4.54743235710116
"20009971200","9712",4.48576191953328
"20009971800","9718",4.71768372634588
"20009971100","9711",4.5625706273443
