"GEOID","NAME","Particulate.Matter"
"13299950800","9508",7.38845449364387
"13299950100","9501",7.0451078057111
"13299950900","9509",7.16715626567708
"13299950200","9502",7.15685004063751
"13299950600","9506",7.28607025133224
"13299950500","9505",7.3611874172868
"13299950700","9507",7.80714299771937
"13299950300","9503",7.62869660369527
"13299950400","9504",7.81448749386602
