"GEOID","NAMELSAD","Particulate.Matter"
"29229490300","Census Tract 4903",5.15980114913284
"29229490400","Census Tract 4904",5.17119274902363
"29229490100","Census Tract 4901",5.41326622952731
"29229490200","Census Tract 4902",5.42366891373689
