"GEOID","NAMELSAD","Particulate.Matter"
"29223690400","Census Tract 6904",6.93277466018989
"29223690100","Census Tract 6901",7.2121924823211
"29223690300","Census Tract 6903",6.65785486612463
"29223690200","Census Tract 6902",6.98218686306227
