"GEOID","NAME","Particulate.Matter"
"13301970400","9704",6.90352150826318
"13301970500","9705",7.02194881242444
