"GEOID","NAMELSAD","Particulate.Matter"
"51063920101","Census Tract 9201.01",4.47383855038301
"51063920200","Census Tract 9202",4.22080918869161
"51063920102","Census Tract 9201.02",4.29331745931016
