"GEOID","NAME","Particulate.Matter"
"21215080103","801.03",7.05168441447434
"21215080200","802",6.72936171510637
"21215080102","801.02",6.96912735456484
"21215080101","801.01",6.668062677902
