"GEOID","NAME","Particulate.Matter"
"38003968300","9683",4.44019672769559
"38003968000","9680",3.95278688217114
"38003968200","9682",4.46041713494042
"38003967900","9679",4.40975297786823
