"GEOID","NAME","Particulate.Matter"
"19079960400","9604",5.51096957474175
"19079960500","9605",5.22038790260878
"19079960300","9603",5.59763059284662
"19079960200","9602",5.37963802541156
"19079960100","9601",5.21728283510214
