"GEOID","NAME","Particulate.Matter"
"18021040100","401",8.24933302293708
"18021040500","405",7.88196297714715
"18021040200","402",8.1470895492384
"18021040600","406",8.01785070162506
"18021040300","403",7.85289159565067
"18021040400","404",8.0702403553413
