"GEOID","NAME","Particulate.Matter"
"47045964900","9649",8.07070267997364
"47045964000","9640",7.96132302112087
"47045964500","9645",7.96282469482298
"47045964200","9642",8.78595257211524
"47045964800","9648",8.19569867229772
"47045964300","9643",8.2215064496906
"47045964400","9644",8.39522267532887
"47045964600","9646",7.95473794407664
