"GEOID","NAME","Particulate.Matter"
"01091972900","9729",8.26631853602151
"01091973300","9733",7.78351203458054
"01091973400","9734",8.22921885929938
"01091973000","9730",7.87617907714769
"01091973100","9731",7.90942218231482
"01091973200","9732",7.55087233773608
