"GEOID","NAME","Particulate.Matter"
"47103975601","9756.01",7.10977684680502
"47103975602","9756.02",6.9895439748308
"47103975000","9750",6.71516774411721
"47103975700","9757",6.84521465329943
"47103975200","9752",6.73752784542604
"47103975100","9751",6.7222405932346
"47103975500","9755",7.14839648449042
"47103975400","9754",7.07621618229632
"47103975300","9753",7.04070877975222
