"GEOID","NAME","Particulate.Matter"
"21039960200","9602",8.4183240003644
"21039960300","9603",8.29862599319267
"21039960100","9601",8.15757493473772
