"GEOID","NAMELSAD","Particulate.Matter"
"22007050100","Census Tract 501",8.3743743479684
"22007050600","Census Tract 506",8.06669224499835
"22007050500","Census Tract 505",8.00277859887574
"22007050400","Census Tract 504",8.14796363146069
"22007050300","Census Tract 503",8.27048636613515
"22007050200","Census Tract 502",8.30140981514022
