"GEOID","NAME","Particulate.Matter"
"48227950801","9508.01",5.17598871527708
"48227950100","9501",4.5604426308846
"48227950600","9506",5.34901309422855
"48227950300","9503",5.04270540548323
"48227950700","9507",5.82240751719793
"48227950500","9505",5.91698772826581
"48227950200","9502",4.64811932873874
"48227950900","9509",5.09362794805805
"48227950400","9504",5.53501033786302
"48227950802","9508.02",5.0153608585119
