"GEOID","NAME","Particulate.Matter"
"01037961200","9612",7.86200593577928
"01037961100","9611",7.98509301363347
"01037961000","9610",7.93156499670835
