"GEOID","NAME","Particulate.Matter"
"48083950700","9507",5.01792570788152
"48083950300","9503",4.89728893392914
"48083950600","9506",4.77394738511322
