"GEOID","NAME","Particulate.Matter"
"13029920303","9203.03",7.86713375782386
"13029920306","9203.06",7.89140404309202
"13029980000","9800",7.44432282163259
"13029920101","9201.01",7.02082962988006
"13029920102","9201.02",7.10156937827752
"13029920301","9203.01",7.94802376981359
"13029920305","9203.05",7.93602719211937
