"GEOID","NAME","Particulate.Matter"
"26015011300","113",6.79611407106845
"26015011400","114",6.75778862135241
"26015010100","101",6.78153977851568
"26015010600","106",6.44510277035443
"26015010700","107",6.44638501850926
"26015010800","108",6.39357688991758
"26015010402","104.02",6.49411438703141
"26015010401","104.01",6.29587657279642
"26015010200","102",6.63381089010421
"26015010300","103",6.73361583790172
"26015010500","105",6.19431359228987
