"GEOID","NAME","Particulate.Matter"
"46045962100","9621",4.36198384559099
"46045962200","9622",4.17565444122132
