"GEOID","NAMELSAD","Particulate.Matter"
"29053950300","Census Tract 9503",6.69821974210836
"29053950400","Census Tract 9504",6.70578343522878
"29053950200","Census Tract 9502",6.65746795179265
"29053950500","Census Tract 9505",6.18738606063128
"29053950100","Census Tract 9501",6.27227463813783
