"GEOID","NAME","Particulate.Matter"
"19145490300","4903",6.521178658881
"19145490400","4904",6.31107183710373
"19145490500","4905",6.32649681184946
"19145490600","4906",6.11613415906706
"19145490100","4901",5.93100192169597
"19145490200","4902",6.38392235393666
