"GEOID","NAME","Particulate.Matter"
"54051020601","206.01",7.48414357618497
"54051020702","207.02",8.25043189814569
"54051021100","211",6.94392774361678
"54051020500","205",9.27501834911589
"54051021000","210",6.60905328801874
"54051020900","209",6.76709630955281
"54051020800","208",6.57732072943309
"54051021300","213",7.19138844123145
"54051020200","202",8.59871511412926
