"GEOID","NAME","Particulate.Matter"
"38049955900","9559",4.00582618537745
"38049955600","9556",4.45618021861492
