"GEOID","NAME","Particulate.Matter"
"17023060200","602",7.84425362358356
"17023060300","603",7.59552179944382
"17023060400","604",7.62516069263259
"17023060100","601",7.7054238556075
