"GEOID","NAME","Particulate.Matter"
"05107480100","4801",7.44132657060641
"05107480300","4803",7.0647647258896
"05107480400","4804",7.37876977149099
"05107480500","4805",7.1955353786074
"05107480200","4802",6.64676559178542
"05107480600","4806",6.85758156296491
