"GEOID","NAME","Particulate.Matter"
"31023967800","9678",5.21991811469181
"31023967700","9677",5.05290690534342
"31023967600","9676",5.22174075813187
