"GEOID","NAME","Particulate.Matter"
"36095740100","7401",5.67291460769694
"36095740600","7406",5.07951357361496
"36095740300","7403",5.77830252627423
"36095740700","7407",5.29360473002598
"36095740800","7408",4.90207552933813
"36095740200","7402",5.50515151022721
"36095740400","7404",5.53919821574382
"36095740500","7405",5.19503200368725
