"GEOID","NAME","Particulate.Matter"
"45067950500","9505",7.2574903238044
"45067950300","9503",7.2027513429511
"45067950800","9508",7.08238875388176
"45067950100","9501",7.19086013490575
"45067950400","9504",7.18841590515249
"45067950600","9506",7.19388095278882
"45067950700","9507",7.07786234443948
"45067950200","9502",7.13604851164623
