"GEOID","NAME","Particulate.Matter"
"40047001602","16.02",6.59570673747437
"40047001601","16.01",6.61372536762867
"40047001100","11",6.62309180077301
"40047001500","15",6.67212577730851
"40047001300","13",6.95815538951067
"40047000200","2",7.01543527094801
"40047000600","6",6.74523814904558
"40047001200","12",6.62347282243197
"40047000100","1",7.69083304104075
"40047001401","14.01",7.50018852239389
"40047001402","14.02",7.39446182746128
"40047000700","7",7.65410101526941
