"GEOID","NAMELSAD","Particulate.Matter"
"29177080200","Census Tract 802",6.23886262582128
"29177080300","Census Tract 803",6.07869645768485
"29177080100","Census Tract 801",5.89317029612646
"29177080000","Census Tract 800",5.69564487553034
