"GEOID","NAME","Particulate.Matter"
"48457950300","9503",6.80435111101865
"48457950400","9504",7.02570499564372
"48457950500","9505",6.7557792096725
"48457950100","9501",6.71233932798833
"48457950200","9502",6.60526247055805
