"GEOID","NAME","Particulate.Matter"
"38079941800","9418",3.95323794198393
"38079951700","9517",3.7781411448871
"38079951900","9519",4.37654949097697
"38079951600","9516",3.90911132776267
