"GEOID","NAME","Particulate.Matter"
"08003960000","9600",4.24403345761637
"08003960200","9602",4.89938015496132
"08003960100","9601",4.60294871519815
"08003960300","9603",4.77336535391452
