"GEOID","NAMELSAD","Particulate.Matter"
"29081950100","Census Tract 9501",5.47613932029936
"29081950300","Census Tract 9503",5.88631927791151
"29081950200","Census Tract 9502",5.61955202433005
