"GEOID","NAMELSAD","Particulate.Matter"
"51119951000","Census Tract 9510",6.39928106709361
"51119950900","Census Tract 9509",6.38666799466467
"51119951100","Census Tract 9511",6.46787727348842
"51119951200","Census Tract 9512",6.37910373842058
