"GEOID","NAME","Particulate.Matter"
"19019950100","9501",5.87023110354965
"19019950300","9503",6.03612049429393
"19019950600","9506",6.11293289977226
"19019950500","9505",6.32236325789609
"19019950200","9502",6.12249388548846
"19019950400","9504",6.1473346571268
