"GEOID","NAMELSAD","Particulate.Matter"
"22067950500","Census Tract 9505",8.10915636677137
"22067950400","Census Tract 9504",8.14837439541984
"22067950300","Census Tract 9503",7.48078993768194
"22067950100","Census Tract 9501",6.78794833971106
"22067950600","Census Tract 9506",7.04885655467546
"22067950200","Census Tract 9502",7.34213932839688
"22067950700","Census Tract 9507",7.38272646058481
"22067950800","Census Tract 9508",7.83200597291854
