"GEOID","NAME","Particulate.Matter"
"18011810603","8106.03",7.16285015259943
"18011810500","8105",7.73743860026103
"18011810200","8102",7.16353469622559
"18011810100","8101",7.35724627967493
"18011810300","8103",7.15927145879257
"18011810604","8106.04",7.1914401914818
"18011810400","8104",8.13162291240028
"18011810700","8107",6.93889428334421
"18011810601","8106.01",7.26854456301954
"18011810605","8106.05",7.7222660515721
