"GEOID","NAME","Particulate.Matter"
"21013960700","9607",6.63507423147165
"21013960300","9603",5.84432106459983
"21013960200","9602",5.7330686019685
"21013960800","9608",5.30618709772446
"21013960500","9605",5.77599526497345
"21013960600","9606",5.26179291411049
"21013960100","9601",5.37674387622801
"21013960400","9604",5.04546112245608
"21013961100","9611",5.27761297532174
