"GEOID","NAME","Particulate.Matter"
"46067968800","9688",4.81263093672191
"46067968600","9686",4.92257698412543
"46067968700","9687",4.72231265492222
