"GEOID","NAMELSAD","Particulate.Matter"
"51007930200","Census Tract 9302",6.08391980807351
"51007930100","Census Tract 9301",5.8383915000056
