"GEOID","NAME","Particulate.Matter"
"21131920200","9202",5.45137865710988
"21131920300","9203",5.67302583039375
"21131920100","9201",5.96151578708364
