"GEOID","NAME","Particulate.Matter"
"21155970400","9704",6.88747092721899
"21155970300","9703",6.82499095600809
"21155970200","9702",6.68758418370221
"21155970700","9707",6.73547740862828
"21155970500","9705",7.09567823424244
"21155970800","9708",6.31706001030946
