"GEOID","NAME","Particulate.Matter"
"13229960200","9602",7.1111398493856
"13229960300","9603",7.22840308492241
"13229960400","9604",7.18506538104224
"13229960100","9601",7.19823770696234
