"GEOID","NAME","Particulate.Matter"
"12063210300","2103",6.98737125148339
"12063210800","2108",7.58477159682821
"12063210900","2109",7.18702878208147
"12063210400","2104",6.92162010009778
"12063210700","2107",7.35911508798335
"12063210600","2106",7.01194442161649
"12063210100","2101",7.61650529200315
"12063210200","2102",7.13623568566422
"12063211100","2111",6.75476682495835
"12063210500","2105",7.20591665790747
"12063211000","2110",7.11384030434879
