"GEOID","NAME","Particulate.Matter"
"08049000202","2.02",3.44781369216028
"08049000100","1",3.89439517961649
"08049000201","2.01",3.04779830568052
