"GEOID","NAME","Particulate.Matter"
"48279950100","9501",4.37184568022134
"48279950500","9505",4.29200277879647
"48279950200","9502",4.3081035917952
"48279950600","9506",4.25010051018343
"48279950300","9503",4.22439936174572
