"GEOID","NAME","Particulate.Matter"
"55017010100","101",6.01683473515231
"55017011200","112",5.26526539663292
"55017010500","105",5.81504130202155
"55017011100","111",4.80362898562572
"55017010200","102",5.78177545419495
"55017010300","103",6.4729884234607
"55017010800","108",5.01600152798432
"55017010700","107",5.34297594147146
"55017010900","109",4.79675063231124
"55017010400","104",5.51127323194937
"55017011000","110",5.08897141411305
