"GEOID","NAME","Particulate.Matter"
"01071950900","9509",8.39392312883336
"01071951000","9510",6.78547889328261
"01071950100","9501",7.073385163937
"01071950600","9506",7.54628483973121
"01071950200","9502",7.94625849094628
"01071950400","9504",6.62498692475303
"01071950700","9507",8.02519978329283
"01071950300","9503",7.40539136888395
"01071950500","9505",7.21759187822778
"01071951100","9511",7.1059916981428
"01071950800","9508",8.63013830047423
