"GEOID","NAME","Particulate.Matter"
"50017959102","9591.02",4.37262574171257
"50017959000","9590",5.07497302505667
"50017959400","9594",4.63681218523212
"50017959700","9597",4.83846760345316
"50017959200","9592",4.4747743036292
"50017959300","9593",4.46823943175289
"50017959500","9595",4.38319597964786
"50017959600","9596",4.97640452614147
"50017959800","9598",4.91670651407499
"50017959101","9591.01",3.92029494882985
