"GEOID","NAME","Particulate.Matter"
"48019000101","1.01",6.06000928442001
"48019000102","1.02",6.22471179474455
"48019000200","2",5.38606774093695
"48019000300","3",6.45604344841534
"48019000400","4",6.84219385486198
