"GEOID","NAME","Particulate.Matter"
"27147960400","9604",5.9638435931165
"27147960500","9605",5.65084891411896
"27147960700","9607",6.07276558024765
"27147960300","9603",5.853371834876
"27147960800","9608",5.80530340195202
"27147960600","9606",6.22125117999622
"27147960100","9601",5.68013396822575
"27147960200","9602",5.67516492366367
