"GEOID","NAMELSAD","Particulate.Matter"
"51043010300","Census Tract 103",6.13427023529866
"51043010200","Census Tract 102",6.84418571257915
"51043010100","Census Tract 101",7.03949282154011
