"GEOID","NAME","Particulate.Matter"
"26071000200","2",3.7484168161687
"26071000300","3",3.9683527074454
"26071000100","1",3.73000085072215
"26071000400","4",4.02554514378614
"26071000500","5",4.0405831239449
