"GEOID","NAME","Particulate.Matter"
"47139950201","9502.01",7.5318229531759
"47139950202","9502.02",7.62181387103418
"47139950400","9504",6.79318681608468
"47139950100","9501",7.02311422088096
"47139950300","9503",7.73914000398028
