"GEOID","NAME","Particulate.Matter"
"16057005600","56",6.64070736306557
"16057005100","51",5.44250952455474
"16057005500","55",5.2609410991053
"16057005400","54",4.91477380106819
"16057005200","52",4.85541841329555
"16057005300","53",4.95951296585383
"16057005700","57",6.42020779457386
