"GEOID","NAME","Particulate.Matter"
"01021060600","606",8.18671131800723
"01021060101","601.01",8.0235370344773
"01021060500","605",8.23464216722665
"01021060200","602",7.98841423622419
"01021060401","604.01",8.0793459520585
"01021060102","601.02",8.14030172998487
"01021060300","603",8.16823393590225
"01021060700","607",7.88352801031146
"01021060402","604.02",8.31685666578923
