"GEOID","NAME","Particulate.Matter"
"13309780200","7802",6.80597436967748
"13309780100","7801",6.84814001909561
