"GEOID","NAME","Particulate.Matter"
"48065950100","9501",4.72614488058822
"48065950200","9502",4.89205967672662
