"GEOID","NAME","Particulate.Matter"
"27011950300","9503",5.75779107090481
"27011950100","9501",5.28361580448795
"27011950200","9502",5.25021234960869
