"GEOID","NAME","Particulate.Matter"
"54071970400","9704",4.7084868717645
"54071970600","9706",5.12666520618029
"54071970500","9705",5.40868926073447
