"GEOID","NAMELSAD","Particulate.Matter"
"51111930100","Census Tract 9301",5.78817187691669
"51111930200","Census Tract 9302",5.74430355199497
"51111930300","Census Tract 9303",5.98045913264539
