"GEOID","NAME","Particulate.Matter"
"48389950100","9501",5.15268974250736
"48389950200","9502",6.97771201939827
"48389950300","9503",6.63984284930674
"48389950400","9504",6.11585882920475
"48389950500","9505",5.42073393602127
