"GEOID","NAME","Particulate.Matter"
"08075966200","9662",3.98231826478395
"08075966000","9660",3.71543449530316
"08075966100","9661",3.84727748386259
"08075966400","9664",3.29768885450042
"08075966300","9663",3.85383034415483
"08075965900","9659",3.62531947167707
