"GEOID","NAME","Particulate.Matter"
"31025965700","9657",6.01353696866623
"31025966100","9661",6.26797661889967
"31025965600","9656",6.18369092132949
"31025965800","9658",5.99873047684276
"31025966000","9660",5.84689607676727
"31025965900","9659",5.75832066501576
