"GEOID","NAME","Particulate.Matter"
"01075030100","301",7.21305116561631
"01075030000","300",6.8878294099309
"01075030200","302",7.29328103500554
