"GEOID","NAME","Particulate.Matter"
"21043960200","9602",5.55829773001457
"21043960100","9601",5.23347843491871
"21043960600","9606",6.02312284073483
"21043960400","9604",5.44755859709887
"21043960300","9603",5.70491274391661
"21043960700","9607",5.77677358929048
"21043960500","9605",5.92325341194342
