"GEOID","NAME","Particulate.Matter"
"55023960200","9602",6.15230355510773
"55023960500","9605",8.29943244143169
"55023960600","9606",7.07503092577562
"55023960300","9603",6.30268748514116
"55023960400","9604",6.59016342510602
"55023960100","9601",5.91810565751507
