"GEOID","NAME","Particulate.Matter"
"13075960300","9603",7.65216385062065
"13075960200","9602",7.67240238946594
"13075960400","9604",7.69000144772435
"13075960100","9601",7.5763450798977
