"GEOID","NAME","Particulate.Matter"
"13129970600","9706",9.04025261872935
"13129970300","9703",9.24014719452219
"13129970400","9704",9.28851040562073
"13129970200","9702",8.53084867215422
"13129970800","9708",8.92392829256117
"13129970900","9709",8.84811598022916
"13129970700","9707",8.61048618753547
"13129970100","9701",8.92908899632631
"13129970500","9705",9.40404667831214
