"GEOID","NAME","Particulate.Matter"
"13191110300","1103",7.75835544904727
"13191980000","9800",7.49410763859133
"13191110100","1101",7.6401227142515
"13191110200","1102",7.62810143833193
