"GEOID","NAME","Particulate.Matter"
"40055967100","9671",4.70890071306936
"40055967200","9672",4.81051447986167
