"GEOID","NAME","Particulate.Matter"
"21147960400","9604",5.90553352677198
"21147960200","9602",6.03580919430858
"21147960300","9603",6.06525249983919
"21147960100","9601",6.28463287779566
