"GEOID","NAME","Particulate.Matter"
"39125960300","9603",7.92210830377083
"39125960500","9605",7.73773099338088
"39125960200","9602",7.64105644792375
"39125960400","9604",7.84958343122974
"39125960100","9601",7.52208283068384
