"GEOID","NAME","Particulate.Matter"
"40113940008","9400.08",6.84317865595957
"40113940003","9400.03",7.2540910579223
"40113940002","9400.02",6.95476752807567
"40113940005","9400.05",7.44875583118111
"40113940004","9400.04",6.75153436133048
"40113940007","9400.07",7.00135624852175
"40113940011","9400.11",6.68031987932768
"40113940001","9400.01",7.19433533119004
"40113940009","9400.09",7.10681002151997
"40113940006","9400.06",7.75084189318089
"40113940010","9400.10",7.47876528909958
