"GEOID","NAMELSAD","Particulate.Matter"
"51101950102","Census Tract 9501.02",6.45882480596509
"51101950101","Census Tract 9501.01",6.59641205664303
"51101950300","Census Tract 9503",6.75461982741894
"51101950200","Census Tract 9502",6.61076841460389
