"GEOID","NAME","Particulate.Matter"
"28069030100","301",7.55906457394816
"28069030200","302",6.98713673536402
