"GEOID","NAME","Particulate.Matter"
"21063920100","9201",5.69983414156338
"21063920200","9202",5.65218723420422
