"GEOID","NAME","Particulate.Matter"
"48241950400","9504",7.03680253327805
"48241950800","9508",7.54593835116292
"48241950300","9503",7.3531774706323
"48241950600","9506",7.16866550853153
"48241950500","9505",7.02399016010692
"48241950700","9507",7.68836174559524
"48241950100","9501",7.08885135718618
"48241950200","9502",7.31405917909637
