"GEOID","NAME","Particulate.Matter"
"47185935000","9350",6.2628733092173
"47185935200","9352",7.08519362852519
"47185935500","9355",7.0877304853711
"47185935400","9354",7.3121641234677
"47185935300","9353",7.28894480683066
"47185935100","9351",7.02368466199119
