"GEOID","NAME","Particulate.Matter"
"05059020100","201",6.7032049143919
"05059020500","205",6.87400925482994
"05059020300","203",6.99123352446434
"05059020600","206",6.78857577412288
"05059020400","204",6.82918576263559
"05059020700","207",6.61486423097867
"05059020200","202",7.19404173786808
