"GEOID","NAME","Particulate.Matter"
"13189950100","9501",7.01752943636681
"13189950200","9502",6.9181375034605
"13189950400","9504",6.73363882913451
"13189950500","9505",6.88923053957086
"13189950300","9503",6.8107376470529
