"GEOID","NAME","Particulate.Matter"
"28029950400","9504",6.80857923115507
"28029950100","9501",6.92571662803318
"28029950600","9506",6.67484832866861
"28029950200","9502",6.82662540560277
"28029950300","9503",6.75686754150351
"28029950500","9505",6.88897620122564
