"GEOID","NAME","Particulate.Matter"
"16069960700","9607",5.55655594238831
"16069960900","9609",9.819354435314
"16069960400","9604",12.7603903598933
"16069960200","9602",6.63550436459737
"16069960300","9603",6.69757622249275
"16069960600","9606",10.8847374632547
"16069940000","9400",6.8406164767792
"16069960500","9605",11.953623833402
"16069961000","9610",8.04837178405365
"16069960800","9608",9.33554438012648
