"GEOID","NAME","Particulate.Matter"
"05089960300","9603",6.21788663023983
"05089960100","9601",6.002082486163
"05089960202","9602.02",6.33918097601674
"05089960201","9602.01",5.89739763091404
