"GEOID","NAME","Particulate.Matter"
"21083020400","204",7.58789854101727
"21083020200","202",8.02412095030528
"21083020300","203",8.16059381199205
"21083020100","201",7.82611681692335
"21083020900","209",7.68395804800274
"21083020800","208",7.70520129132428
"21083020600","206",8.06093820903659
"21083020700","207",8.02561161631532
"21083020500","205",7.87760965883359
