"GEOID","NAME","Particulate.Matter"
"13133950301","9503.01",7.88239380919882
"13133950302","9503.02",7.78213673890668
"13133950303","9503.03",7.40533831012974
"13133950100","9501",7.40212004862663
"13133950200","9502",7.02076002248017
"13133950400","9504",7.1473175103823
"13133950500","9505",7.31547634293199
