"GEOID","NAME","Particulate.Matter"
"31147964500","9645",5.79704636678976
"31147968500","9685",5.61926332368402
"31147968600","9686",5.69921306275744
