"GEOID","NAME","Particulate.Matter"
"38041964800","9648",3.93677548414839
"38041964700","9647",3.77662433188278
