"GEOID","NAME","Particulate.Matter"
"28097950300","9503",6.36894927903501
"28097950100","9501",6.33916056181384
"28097950200","9502",6.33185864997761
