"GEOID","NAMELSAD","Particulate.Matter"
"51600300400","Census Tract 3004",7.53074007501842
"51600300100","Census Tract 3001",7.6168562340447
"51600300300","Census Tract 3003",7.44792766198461
"51600300500","Census Tract 3005",7.36568240811658
"51600300200","Census Tract 3002",7.66944982274317
