"GEOID","NAME","Particulate.Matter"
"48333950100","9501",5.07297704087583
"48333950200","9502",5.11164169016886
