"GEOID","NAME","Particulate.Matter"
"13305970100","9701",6.8954775245829
"13305970500","9705",7.23658777141449
"13305970600","9706",7.21378841938342
"13305970200","9702",7.28186216551876
"13305970300","9703",7.12223797017865
"13305970400","9704",7.09674079069189
