"GEOID","NAME","Particulate.Matter"
"54063950300","9503",5.48348104780352
"54063950100","9501",4.58728986025578
"54063950200","9502",5.3114819997485
