"GEOID","NAME","Particulate.Matter"
"37143920100","9201",6.3390251582944
"37143920202","9202.02",6.23156458714998
"37143920201","9202.01",6.41033937228462
