"GEOID","NAME","Particulate.Matter"
"20191962100","9621",6.83755571124193
"20191962600","9626",6.77568497733026
"20191962400","9624",6.91554762213849
"20191962500","9625",7.08117978795657
"20191962200","9622",6.48368004179541
"20191962300","9623",6.64156664188575
