"GEOID","NAME","Particulate.Matter"
"54023969500","9695",6.20066652552336
"54023969600","9696",6.17068034110951
"54023969400","9694",5.54733492612779
