"GEOID","NAME","Particulate.Matter"
"31139979200","9792",4.89146904678974
"31139979100","9791",5.03086134371156
