"GEOID","NAME","Particulate.Matter"
"13017960200","9602",7.30980042942305
"13017960100","9601",7.30343593247445
"13017960400","9604",7.52781258498913
"13017960300","9603",7.48894825391969
"13017960500","9605",7.4148439402547
