"GEOID","NAME","Particulate.Matter"
"33019975100","9751",4.44773078019945
"33019975600","9756",4.11952356548505
"33019975700","9757",4.8135876634403
"33019975902","9759.02",4.72582404963491
"33019975800","9758",5.1925493582786
"33019975901","9759.01",4.5832224739343
"33019975400","9754",4.31831064625972
"33019975200","9752",3.93971767932494
"33019975300","9753",4.15685691564009
"33019975500","9755",3.58219024652428
