"GEOID","NAME","Particulate.Matter"
"48153950500","9505",4.14657820211826
"48153950600","9506",4.01026230648993
