"GEOID","NAME","Particulate.Matter"
"18169102500","1025",7.47173208086808
"18169102700","1027",8.76730891014366
"18169102800","1028",8.09731168924354
"18169102400","1024",7.65576862254763
"18169102300","1023",7.41579275022751
"18169102600","1026",7.96181888906668
"18169102200","1022",7.75836314141835
"18169102900","1029",7.31573630329007
