"GEOID","NAME","Particulate.Matter"
"54101970200","9702",4.79688643780039
"54101970300","9703",4.27106541563375
"54101970100","9701",5.30601601857927
