"GEOID","NAME","Particulate.Matter"
"39117965200","9652",6.68308010332918
"39117965100","9651",6.22017222803815
"39117965300","9653",7.20902651950357
"39117965500","9655",6.91935969527911
"39117965000","9650",6.33222488103141
"39117965400","9654",6.41875389423011
