"GEOID","NAME","Particulate.Matter"
"21109960200","9602",5.43702066168229
"21109960300","9603",5.71772299695157
"21109960100","9601",5.49506827136385
