"GEOID","NAME","Particulate.Matter"
"19007950200","9502",5.60667769130969
"19007950500","9505",5.58612331613839
"19007950400","9504",5.6920403206389
"19007950300","9503",5.70287209692253
"19007950100","9501",5.65768720823153
