"GEOID","NAME","Particulate.Matter"
"56015957800","9578",4.4824859482676
"56015957700","9577",3.68363816585199
"56015957900","9579",4.36186421425572
"56015958000","9580",4.08119164668152
