"GEOID","NAME","Particulate.Matter"
"01027958900","9589",7.3055921257614
"01027959200","9592",7.59292860577065
"01027959100","9591",7.37942584777964
"01027959000","9590",7.0783159549399
