"GEOID","NAME","Particulate.Matter"
"13233010300","103",7.5450234042982
"13233010500","105",7.62255177986964
"13233010100","101",8.03051179716968
"13233010700","107",7.67443364379327
"13233010600","106",7.75398324435216
"13233010400","104",7.55111687180421
"13233010200","102",7.65149882419428
