"GEOID","NAME","Particulate.Matter"
"42031160101","1601.01",6.89795880105637
"42031160400","1604",7.32245768627485
"42031160300","1603",7.01637042019166
"42031160800","1608",7.25635012847109
"42031160500","1605",7.68322599209791
"42031160600","1606",7.91036915676526
"42031160900","1609",7.09141834223394
"42031160200","1602",6.90676913998452
"42031160700","1607",7.66938664168637
"42031160102","1601.02",7.46357181883043
