"GEOID","NAME","Particulate.Matter"
"13219030300","303",7.47840299219292
"13219030600","306",7.42522437293694
"13219030500","305",7.40298915364363
"13219030400","304",7.7547121680462
"13219030100","301",7.70589862821656
"13219030200","302",7.90597870231903
