"GEOID","NAME","Particulate.Matter"
"19005960400","9604",6.20125559752235
"19005960500","9605",6.08534070236163
"19005960100","9601",6.1311474422125
"19005960300","9603",5.9030710769146
"19005960200","9602",5.95029032355614
