"GEOID","NAME","Particulate.Matter"
"42115032600","326",6.1596119806988
"42115032100","321",6.30220241998501
"42115032000","320",6.51377609432667
"42115032500","325",5.95507104663432
"42115032200","322",6.14554724355954
"42115032901","329.01",5.85754144919004
"42115032400","324",5.86014294101961
"42115032700","327",6.39481213637515
"42115032300","323",5.90855301982097
"42115032800","328",6.24800987297299
"42115032902","329.02",5.79401609061736
