"GEOID","NAME","Particulate.Matter"
"20149000400","4",5.11052112214478
"20149000200","2",5.52768452484349
"20149000100","1",5.27477403348968
"20149000300","3",5.44914685227414
