"GEOID","NAME","Particulate.Matter"
"45025950600","9506",7.48731664745167
"45025950300","9503",7.02661465713741
"45025950200","9502",6.95477561260892
"45025950400","9504",7.04518378921562
"45025950800","9508",6.99697755093786
"45025950700","9507",7.15423078933697
"45025950102","9501.02",7.07138789325302
"45025950101","9501.01",6.75910992511702
"45025950502","9505.02",7.65916190292098
"45025950501","9505.01",7.44078168654878
