"GEOID","NAME","Particulate.Matter"
"05037950400","9504",7.91061948011712
"05037950300","9503",7.81572200965957
"05037950100","9501",7.9282161878054
"05037950500","9505",8.45330732181114
"05037950600","9506",8.25506563555858
"05037950200","9502",8.1876470617775
