"GEOID","NAME","Particulate.Matter"
"19095960300","9603",6.54927490137094
"19095960100","9601",6.42929581922708
"19095960400","9604",6.65770720394517
"19095960200","9602",6.47380267471082
