"GEOID","NAME","Particulate.Matter"
"20197483200","4832",5.33127172623506
"20197483100","4831",5.24803591872148
