"GEOID","NAME","Particulate.Matter"
"54015957900","9579",5.87164365940593
"54015958000","9580",5.78465359361614
"54015958100","9581",5.57387517383445
