"GEOID","NAME","Particulate.Matter"
"30015010300","103",5.07259221085442
"30015010200","102",5.18553165679088
