"GEOID","NAME","Particulate.Matter"
"21235920600","9206",6.15674568969123
"21235920400","9204",6.4194631857906
"21235920200","9202",6.63829180534804
"21235920300","9203",6.41998488420814
"21235920800","9208",6.11071847518017
"21235920100","9201",6.71054959890199
"21235920500","9205",6.49923797480422
"21235920700","9207",6.14413337132979
