"GEOID","NAME","Particulate.Matter"
"05023480202","4802.02",6.16494635810024
"05023480502","4805.02",6.27182323004655
"05023480201","4802.01",6.09986746355252
"05023480501","4805.01",6.2807965515523
"05023480300","4803",6.95434670328377
"05023480400","4804",6.53653179538164
"05023480100","4801",6.16033693578973
