"GEOID","NAME","Particulate.Matter"
"05015950200","9502",5.98069915875106
"05015950500","9505",5.62647552079297
"05015950300","9503",6.18835013369371
"05015950400","9504",6.0135070449418
"05015950100","9501",5.80648648835368
