"GEOID","NAMELSAD","Particulate.Matter"
"29155470400","Census Tract 4704",8.3558596955224
"29155470600","Census Tract 4706",8.36088286025516
"29155470300","Census Tract 4703",8.47741892106271
"29155470200","Census Tract 4702",8.15004326657014
"29155470100","Census Tract 4701",8.23977813285861
"29155470500","Census Tract 4705",8.08474773608482
