"GEOID","NAME","Particulate.Matter"
"19149970100","9701",6.47624627380292
"19149970300","9703",6.20071893853415
"19149970600","9706",6.30538443627906
"19149970200","9702",6.57568073534812
"19149970400","9704",6.22918973541682
"19149970500","9705",6.26779045964321
