"GEOID","NAME","Particulate.Matter"
"48223950500","9505",6.88191095185327
"48223950800","9508",6.70519478401251
"48223950100","9501",6.54789173735283
"48223950600","9506",6.98077596610346
"48223950700","9507",6.60940893641549
"48223950200","9502",6.6664790022782
"48223950300","9503",6.79108523510962
"48223950402","9504.02",7.00809294328224
"48223950401","9504.01",7.3177231621713
