"GEOID","NAME","Particulate.Matter"
"37121950200","9502",4.86184925041395
"37121950100","9501",4.76706736947938
"37121950400","9504",4.9689911406508
"37121950300","9503",4.83888501210336
