"GEOID","NAME","Particulate.Matter"
"48179950300","9503",5.12732737985578
"48179950700","9507",5.3211335285944
"48179950600","9506",5.12143899964053
"48179950500","9505",6.01980549918963
"48179950100","9501",4.65317997119481
"48179950400","9504",5.09760838351984
"48179950800","9508",5.20136566605691
