"GEOID","NAME","Particulate.Matter"
"21129950300","9503",5.91712744405197
"21129950200","9502",5.87116653761539
"21129950100","9501",5.74936171000703
