"GEOID","NAME","Particulate.Matter"
"48115950500","9505",4.72488040614642
"48115950600","9506",4.28952461525218
"48115950402","9504.02",4.18822721004556
"48115950401","9504.01",4.07758574052031
