"GEOID","NAME","Particulate.Matter"
"27155460100","4601",4.95194036584327
"27155460200","4602",5.01922500904908
