"GEOID","NAME","Particulate.Matter"
"21141960300","9603",7.71269745832532
"21141960600","9606",8.07283398340071
"21141960400","9604",8.02141375376866
"21141960200","9602",7.70421740834488
"21141960500","9605",8.04800071904487
"21141960100","9601",7.61792543827486
