"GEOID","NAME","Particulate.Matter"
"05147490200","4902",7.81892953913132
"05147490100","4901",7.78712962883105
