"GEOID","NAME","Particulate.Matter"
"31151960700","9607",5.11092893117312
"31151960600","9606",5.05127356261498
"31151960800","9608",4.93422101310257
"31151960900","9609",5.26814077044606
