"GEOID","NAME","Particulate.Matter"
"27049080500","805",5.6524767464031
"27049080200","802",6.26689744247667
"27049080101","801.01",6.60614319379837
"27049080400","804",5.78703912749437
"27049080600","806",5.73716830860106
"27049080700","807",5.78948219354655
"27049080800","808",5.96110021975836
"27049080300","803",5.95058759048586
"27049080900","809",5.86287699835239
"27049080102","801.02",6.30675830173709
