"GEOID","NAMELSAD","Particulate.Matter"
"29137960100","Census Tract 9601",6.61614253554187
"29137960300","Census Tract 9603",6.46582664969294
"29137960200","Census Tract 9602",6.57161722206509
