"GEOID","NAME","Particulate.Matter"
"05133080200","802",6.78505476542755
"05133080400","804",6.96810909542531
"05133080300","803",7.039742657391
"05133080100","801",6.74173677985636
