"GEOID","NAMELSAD","Particulate.Matter"
"29199480200","Census Tract 4802",5.96799113123121
"29199480100","Census Tract 4801",5.84144778419615
