"GEOID","NAME","Particulate.Matter"
"54041967600","9676",6.46752781152877
"54041967300","9673",6.58408164688003
"54041967500","9675",6.20992489595543
"54041967200","9672",5.98652836784691
"54041967400","9674",6.41231541528642
