"GEOID","NAME","Particulate.Matter"
"37187950100","9501",6.34289440208385
"37187950300","9503",6.40780933686702
"37187950200","9502",6.33380988115944
