"GEOID","NAME","Particulate.Matter"
"45087030100","301",7.1506171917196
"45087030900","309",6.68737582361353
"45087030500","305",6.7923620458186
"45087030400","304",6.78387120716741
"45087030300","303",6.87822899675979
"45087030200","302",7.1695532624249
"45087030600","306",6.90207445811157
"45087030700","307",6.79293945374
"45087030800","308",6.68752533733672
