"GEOID","NAME","Particulate.Matter"
"08099000200","2",5.06004260092626
"08099000300","3",5.3743826240793
"08099000100","1",4.53334823715555
"08099000600","6",4.55444272768036
"08099000700","7",4.40383194967115
