"GEOID","NAME","Particulate.Matter"
"21231920200","9202",6.5575455969748
"21231920300","9203",6.3273344610945
"21231920100","9201",6.87156266622846
"21231920400","9204",6.41507572688826
"21231920700","9207",6.03838257745656
