"GEOID","NAME","Particulate.Matter"
"28137950301","9503.01",7.4032560249459
"28137950400","9504",7.17620034710509
"28137950100","9501",6.73895521085468
"28137950200","9502",7.07122717787535
"28137950302","9503.02",7.16892999689035
