"GEOID","NAME","Particulate.Matter"
"20035493600","4936",7.05636858290082
"20035494000","4940",7.43421690086126
"20035494100","4941",7.21882588584021
"20035493300","4933",6.73208529653784
"20035493400","4934",6.95089316135707
"20035493100","4931",6.29707656164961
"20035493500","4935",6.77817776790155
"20035493700","4937",7.0012402841022
"20035493800","4938",6.69599621385304
"20035493200","4932",6.57869523478526
"20035493900","4939",6.61792256002966
