"GEOID","NAME","Particulate.Matter"
"55015020200","202",5.55169752619819
"55015020100","201",5.79222740028267
"55015020304","203.04",6.46519559101957
"55015020800","208",5.94839398333811
"55015020306","203.06",5.61137367969956
"55015020303","203.03",6.84257598399271
"55015020308","203.08",5.78892948067088
"55015020700","207",5.91388792732261
"55015020400","204",5.48441092310222
"55015020500","205",5.43099793835261
"55015020600","206",5.3893460374347
