"GEOID","NAME","Particulate.Matter"
"05123960500","9605",7.86017877897297
"05123960200","9602",7.68452996232731
"05123960300","9603",7.80435950303483
"05123960100","9601",7.58993216592155
"05123960600","9606",7.47609422140858
"05123960400","9604",7.67235593608002
