"GEOID","NAME","Particulate.Matter"
"55057100200","1002",5.46430242591564
"55057100100","1001",5.68524428839871
"55057100500","1005",5.55612474653595
"55057100600","1006",5.41861833107194
"55057100700","1007",5.44804922598984
"55057100400","1004",5.49414542871213
"55057100300","1003",5.51566039292483
