"GEOID","NAME","Particulate.Matter"
"05049550200","5502",6.05468590580486
"05049550100","5501",6.29158269922141
