"GEOID","NAME","Particulate.Matter"
"28013950400","9504",6.80371926037307
"28013950100","9501",6.5593211836405
"28013950500","9505",6.73727473181373
"28013950200","9502",6.80232726868648
"28013950300","9503",6.61808391315106
