"GEOID","NAME","Particulate.Matter"
"21211040301","403.01",7.63516400986602
"21211040401","404.01",6.72021264844294
"21211040102","401.02",6.15993581680304
"21211040501","405.01",6.40992566079397
"21211040402","404.02",6.55341183642479
"21211040101","401.01",6.35704203678072
"21211040302","403.02",7.42334901405313
"21211040200","402",6.38840138502209
"21211040502","405.02",6.38264304410083
