"GEOID","NAME","Particulate.Matter"
"55077960100","9601",5.32259260654524
"55077960500","9605",5.43292357589509
"55077960400","9604",5.6342757629676
"55077960200","9602",5.44546313666487
"55077960300","9603",5.51589678341227
