"GEOID","NAME","Particulate.Matter"
"30105100100","1001",4.4887875584449
"30105940600","9406",4.39089016375823
"30105100500","1005",5.27486583106348
