"GEOID","NAME","Particulate.Matter"
"19127950300","9503",5.98672316433715
"19127950100","9501",5.92736489719691
"19127950200","9502",5.88042098605419
"19127950800","9508",6.34371211984282
"19127950400","9504",6.19806743968301
"19127950900","9509",6.59921822360879
"19127950500","9505",6.45333736770579
"19127950700","9507",6.11559795523465
"19127950600","9506",7.41462154154672
"19127951000","9510",6.44560283515309
