"GEOID","NAME","Particulate.Matter"
"21193971000","9710",6.07080829864932
"21193970400","9704",5.91692474533266
"21193970500","9705",6.21396393702873
"21193970700","9707",5.8264931587052
"21193970900","9709",5.26942619254981
"21193970300","9703",5.91155404091807
"21193970600","9706",6.09913165242607
"21193970800","9708",5.66690076939548
