"GEOID","NAMELSAD","Particulate.Matter"
"35047957500","Census Tract 9575",3.24584244412151
"35047957800","Census Tract 9578",3.78894337260803
"35047957700","Census Tract 9577",2.95948232784422
"35047957200","Census Tract 9572",3.72479915369197
"35047957600","Census Tract 9576",2.91129928520446
"35047957400","Census Tract 9574",3.77485126326837
"35047957300","Census Tract 9573",3.88530342863272
