"GEOID","NAME","Particulate.Matter"
"17067954300","9543",6.50150812294746
"17067954000","9540",6.40555675883088
"17067954100","9541",6.63573966173227
"17067954200","9542",6.57894632634929
"17067953700","9537",6.51205752701306
"17067953900","9539",6.37383095905501
"17067953800","9538",6.58917446397856
