"GEOID","NAME","Particulate.Matter"
"27121970300","9703",5.09852191283739
"27121970100","9701",4.92612300057435
"27121970400","9704",5.31876402445412
"27121970200","9702",5.05944275341393
