"GEOID","NAME","Particulate.Matter"
"13119890300","8903",7.58070655207466
"13119890400","8904",7.378544661577
"13119890200","8902",7.51288063938919
"13119890102","8901.02",7.72702943449236
"13119890101","8901.01",7.4807752977481
