"GEOID","NAME","Particulate.Matter"
"19121060100","601",6.11675918924449
"19121060300","603",5.79409769820384
"19121060200","602",5.9672117049989
