"GEOID","NAME","Particulate.Matter"
"31169963100","9631",5.00221264886706
"31169963200","9632",4.72369976415974
