"GEOID","NAMELSAD","Particulate.Matter"
"29133950400","Census Tract 9504",8.51592329946405
"29133950100","Census Tract 9501",8.69804861477856
"29133950200","Census Tract 9502",8.64574049748958
"29133950300","Census Tract 9503",8.34280215212866
