"GEOID","NAME","Particulate.Matter"
"25007200400","2004",4.29668320932596
"25007200200","2002",4.39556098681546
"25007200100","2001",4.33957939297304
"25007200300","2003",4.26525700177522
