"GEOID","NAME","Particulate.Matter"
"48425000200","2",7.0179296848427
"48425000100","1",6.54701025827366
