"GEOID","NAME","Particulate.Matter"
"13283960200","9602",6.96413295634326
"13283960100","9601",6.9778015975553
