"GEOID","NAME","Particulate.Matter"
"47069950300","9503",7.16471362581
"47069950500","9505",6.94732575639522
"47069950600","9506",6.78442470615693
"47069950100","9501",6.85329990036558
"47069950200","9502",7.13480307618187
"47069950400","9504",6.89384297452626
