"GEOID","NAME","Particulate.Matter"
"19033951600","9516",5.98261298277521
"19033950102","9501.02",5.74227955880568
"19033950402","9504.02",5.5900707724027
"19033951400","9514",5.29797111676798
"19033950300","9503",5.53634192508881
"19033950700","9507",5.35484974392001
"19033950900","9509",5.21567773127829
"19033950800","9508",5.45647538081234
"19033950600","9506",5.39778821053509
"19033951000","9510",5.35625223578066
"19033950200","9502",5.27907939395587
