"GEOID","NAMELSAD","Particulate.Matter"
"24011955600","Census Tract 9556",6.97911259222467
"24011955400","Census Tract 9554",7.04785629616437
"24011955500","Census Tract 9555",7.09164638178915
"24011955000","Census Tract 9550",7.43980005760936
"24011955100","Census Tract 9551",7.50557521089154
"24011955201","Census Tract 9552.01",7.47835602748559
"24011955301","Census Tract 9553.01",7.2995219806392
"24011955202","Census Tract 9552.02",7.39724664798179
"24011955302","Census Tract 9553.02",7.44472520495425
