"GEOID","NAME","Particulate.Matter"
"47107970102","9701.02",7.59208744987133
"47107970101","9701.01",7.81144267364798
"47107970401","9704.01",8.0580638460172
"47107970402","9704.02",8.03419730088242
"47107970300","9703",8.09978799772794
"47107970500","9705",7.74466119782482
"47107970800","9708",7.79147930646115
"47107970200","9702",8.28583468661092
"47107970700","9707",7.60380392766118
"47107970600","9706",7.85063256733031
