"GEOID","NAME","Particulate.Matter"
"48077030200","302",6.66957293422991
"48077030301","303.01",6.29100894321657
"48077030302","303.02",6.39341355156722
