"GEOID","NAME","Particulate.Matter"
"40085094200","942",7.1347435469362
"40085094100","941",7.16543512704904
"40085094300","943",6.91696132640127
