"GEOID","NAME","Particulate.Matter"
"47181950200","9502",6.43029319368029
"47181950100","9501",6.91718300037331
"47181950400","9504",6.44072334714874
"47181950300","9503",6.39083175080723
