"GEOID","NAME","Particulate.Matter"
"47085130400","1304",7.49293712034031
"47085130200","1302",7.59663924081576
"47085130500","1305",8.27831030576271
"47085130300","1303",7.37137768130816
"47085130100","1301",6.78715283999627
