"GEOID","NAME","Particulate.Matter"
"54077963800","9638",6.5998875847134
"54077964100","9641",5.86144690752043
"54077964300","9643",6.36466724424107
"54077964200","9642",5.73619357734847
"54077963900","9639",6.56095209797871
"54077964400","9644",6.69133934501071
"54077964500","9645",6.40234863813596
"54077964000","9640",6.25344160677362
