"GEOID","NAME","Particulate.Matter"
"18051050502","505.02",8.67556023507965
"18051050200","502",8.95579532448564
"18051050100","501",8.85042693351922
"18051050501","505.01",8.55207357515894
"18051050300","503",8.96426605313263
"18051050401","504.01",8.49687255737278
"18051050402","504.02",8.7972250908422
