"GEOID","NAME","Particulate.Matter"
"48403950200","9502",7.09671941288682
"48403950100","9501",7.19262538068272
"48403950300","9503",7.25478112048348
