"GEOID","NAMELSAD","Particulate.Matter"
"29221460100","Census Tract 4601",6.3728310962434
"29221460200","Census Tract 4602",6.19253637659649
"29221460500","Census Tract 4605",6.13665241832309
"29221460400","Census Tract 4604",6.10867920714712
"29221460300","Census Tract 4603",6.36320919577861
