"GEOID","NAME","Particulate.Matter"
"05091020900","209",7.10360118131826
"05091020500","205",7.57048681305092
"05091021000","210",6.85272365169352
"05091020400","204",7.621853136234
"05091020200","202",8.54357247713491
"05091020600","206",8.54197521302955
"05091020701","207.01",8.29026352226635
"05091020100","201",8.57703725970757
"05091980000","9800",7.47975042983141
"05091020802","208.02",6.91656959527779
"05091020702","207.02",8.1006805075227
"05091020801","208.01",7.46676884534224
