"GEOID","NAME","Particulate.Matter"
"30005940100","9401",5.09566134482981
"30005000200","2",4.42133531494075
"30005000100","1",4.13807936720811
"30005940200","9402",4.38867825633941
