"GEOID","NAME","Particulate.Matter"
"08055960600","9606",4.27003285127739
"08055960900","9609",3.43329897686627
