"GEOID","NAME","Particulate.Matter"
"55121100500","1005",6.01887827729998
"55121100700","1007",6.26697655198148
"55121100300","1003",5.77732909360621
"55121100600","1006",5.96788930868078
"55121100800","1008",6.15446864844854
"55121100400","1004",5.65342802853201
"55121100200","1002",5.45544177988211
"55121100100","1001",5.53521274960766
