"GEOID","NAME","Particulate.Matter"
"21133950401","9504.01",5.37669425991027
"21133950402","9504.02",5.66012363286362
"21133950100","9501",4.99544351352154
"21133950200","9502",5.39317984420576
"21133950300","9503",5.45894138764991
"21133950600","9506",5.39374181477409
"21133950500","9505",4.3526995695706
