"GEOID","NAME","Particulate.Matter"
"37029950102","9501.02",6.18393815889549
"37029950101","9501.01",6.35935677505707
