"GEOID","NAME","Particulate.Matter"
"20183475900","4759",4.73097175573144
"20183475800","4758",4.88326017681913
