"GEOID","NAME","Particulate.Matter"
"26019000500","5",4.31560746295975
"26019000300","3",4.27840423021983
"26019000200","2",4.17352874385945
"26019000400","4",4.30828823088854
"26019000100","1",4.40679650201478
