"GEOID","NAME","Particulate.Matter"
"17011965600","9656",6.43236591698572
"17011964800","9648",6.47053154711144
"17011965100","9651",6.8561378395964
"17011964900","9649",6.6316245170847
"17011965400","9654",6.81701445278188
"17011965300","9653",6.87154927142267
"17011964700","9647",6.49091020038733
"17011965500","9655",6.65854794937076
"17011965200","9652",7.11458354208882
"17011965000","9650",6.77509508298388
