"GEOID","NAME","Particulate.Matter"
"05001480800","4808",6.85071299090784
"05001480600","4806",7.05614930975495
"05001480500","4805",7.90551385294529
"05001480200","4802",7.29094507524545
"05001480700","4807",6.94241075462161
"05001480100","4801",7.03703431850332
"05001480400","4804",7.58539160329985
"05001480300","4803",7.49919709647252
