"GEOID","NAME","Particulate.Matter"
"17021958900","9589",7.45515624188553
"17021958300","9583",7.108646847843
"17021958400","9584",7.74902503022188
"17021958800","9588",7.75707367709974
"17021958600","9586",6.94100649981454
"17021958200","9582",6.98407910450393
"17021958500","9585",7.33503528944585
"17021959000","9590",7.03529697563321
"17021958700","9587",7.12389819468461
"17021958100","9581",6.81522335931792
