"GEOID","NAME","Particulate.Matter"
"47005963300","9633",7.70968738602551
"47005963100","9631",7.71466385857244
"47005963400","9634",7.61023804051528
"47005963200","9632",7.35774301458411
"47005963000","9630",7.60868198974227
