"GEOID","NAME","Particulate.Matter"
"38053962300","9623",4.41891733587919
"38053940100","9401",4.36057162922087
"38053962500","9625",4.40407008112433
"38053962400","9624",4.48578813224099
