"GEOID","NAME","Particulate.Matter"
"17123961300","9613",6.54273382921798
"17123961100","9611",6.6587257188537
"17123961200","9612",7.10198865843204
"17123961500","9615",6.50089643855731
"17123961400","9614",6.63299471055777
