"GEOID","NAME","Particulate.Matter"
"40095094802","948.02",7.19264769738387
"40095094801","948.01",7.14860119556231
"40095094700","947",7.49549633775901
"40095094698","946.98",7.24533077627922
