"GEOID","NAME","Particulate.Matter"
"17103000700","7",6.54914554036432
"17103000300","3",6.56190079165761
"17103000100","1",6.48066027811562
"17103000900","9",6.56752055257699
"17103000500","5",6.28859691401728
"17103000800","8",6.3786157152824
"17103000600","6",6.86585027914386
"17103000200","2",6.1915234047117
"17103000400","4",6.09707873929443
