"GEOID","NAME","Particulate.Matter"
"48007950400","9504",7.00674402587469
"48007950100","9501",6.32943393634254
"48007950200","9502",6.70016775838834
"48007950500","9505",6.81644173479895
"48007950300","9503",6.8967667583619
