"GEOID","NAMELSAD","Particulate.Matter"
"29119070200","Census Tract 702",6.99143733224407
"29119070100","Census Tract 701",6.36539640053317
"29119070400","Census Tract 704",6.73533718031673
"29119070300","Census Tract 703",6.93814573514901
