"GEOID","NAME","Particulate.Matter"
"05027950200","9502",7.4690635425434
"05027950400","9504",8.0587634826345
"05027950500","9505",7.77011789789755
"05027950300","9503",7.38028737619913
"05027950100","9501",7.16673668474104
