"GEOID","NAMELSAD","Particulate.Matter"
"22091951100","Census Tract 9511",7.14299966703184
"22091951200","Census Tract 9512",7.37335449251491
