"GEOID","NAME","Particulate.Matter"
"48315950300","9503",6.46663136313306
"48315950400","9504",6.70240499352358
"48315950200","9502",6.59237263468547
"48315950100","9501",6.87999575756355
