"GEOID","NAME","Particulate.Matter"
"41007950300","9503",2.44677096669689
"41007950600","9506",2.01299894856294
"41007950900","9509",3.46966266167839
"41007951300","9513",2.55538486951829
"41007950200","9502",2.57923844099292
"41007950400","9504",2.04373976424498
"41007950100","9501",2.58470913098352
"41007951200","9512",1.64586164676039
"41007950700","9507",2.50568216353784
"41007951100","9511",1.62559379634837
"41007950500","9505",2.61019306989173
