"GEOID","NAME","Particulate.Matter"
"08121924200","9242",3.45829701192087
"08121924100","9241",3.44753531354183
