"GEOID","NAME","Particulate.Matter"
"31095963600","9636",4.93378867080977
"31095963700","9637",5.09758156709652
"31095963800","9638",5.80957102082911
