"GEOID","NAMELSAD","Particulate.Matter"
"22029000400","Census Tract 4",7.85348996965605
"22029000500","Census Tract 5",7.80595193632244
"22029000200","Census Tract 2",7.87595223782369
"22029000300","Census Tract 3",7.84967643981844
"22029000100","Census Tract 1",7.66428682611692
