"GEOID","NAME","Particulate.Matter"
"19171290400","2904",6.4566593594419
"19171290300","2903",6.23813052478651
"19171290100","2901",6.36077306441299
"19171290200","2902",6.14518175358059
"19171290500","2905",6.51788556638536
"19171290600","2906",6.49605397021257
