"GEOID","NAME","Particulate.Matter"
"17069970900","9709",7.94379975601636
"17069971000","9710",8.3606298291955
