"GEOID","NAMELSAD","Particulate.Matter"
"29209090400","Census Tract 904",6.30755064085873
"29209090500","Census Tract 905",6.78450724760912
"29209090100","Census Tract 901",6.07510483289634
"29209090200","Census Tract 902",6.17808860143773
"29209090601","Census Tract 906.01",6.50618184123087
"29209090602","Census Tract 906.02",6.01321080234656
