"GEOID","NAME","Particulate.Matter"
"50003971100","9711",4.9165033780515
"50003971000","9710",5.02388287646539
"50003970900","9709",4.63901998132948
"50003970500","9705",3.82047749711976
"50003970600","9706",3.80932241059355
"50003970700","9707",4.47485067750772
"50003971200","9712",6.05567253235004
"50003970200","9702",4.39687751629065
"50003970300","9703",4.51364729847437
"50003970400","9704",4.37587014662342
"50003970800","9708",4.51050868191383
"50003971300","9713",4.28463152361427
