"GEOID","NAME","Particulate.Matter"
"27161790300","7903",5.5807422240125
"27161790100","7901",5.55107743631661
"27161790200","7902",5.43685903387972
"27161790400","7904",5.69399974480703
"27161790500","7905",5.66514485884105
