"GEOID","NAME","Particulate.Matter"
"19161080200","802",5.61970577707028
"19161080400","804",4.98299500997858
"19161080300","803",5.11577196551449
"19161080100","801",5.29285171194577
