"GEOID","NAME","Particulate.Matter"
"31045950600","9506",3.79547569061402
"31045950700","9507",4.35128564750551
