"GEOID","NAME","Particulate.Matter"
"20121100400","1004",5.74277952589899
"20121100300","1003",5.60815917618872
"20121100500","1005",5.88612827677581
"20121100200","1002",5.73562561984573
"20121100700","1007",5.8392323324972
"20121100601","1006.01",6.2231893100556
"20121100100","1001",5.84571934194977
"20121100602","1006.02",5.84293476284815
