"GEOID","NAME","Particulate.Matter"
"50009950500","9505",4.43585593177787
"50009950200","9502",4.60088942946121
"50009950100","9501",4.29182278912388
