"GEOID","NAME","Particulate.Matter"
"47075930301","9303.01",7.48549849556364
"47075930302","9303.02",7.55276716829988
"47075930500","9305",7.5746952101932
"47075930100","9301",7.62827734209387
"47075930200","9302",7.69732820715544
"47075930400","9304",7.59403483735342
