"GEOID","NAME","Particulate.Matter"
"18151971000","9710",6.65096974240587
"18151971300","9713",6.68208425273668
"18151971500","9715",6.70105479874976
"18151971200","9712",6.7946625034075
"18151971400","9714",6.64013473999094
"18151970900","9709",6.36119438183306
"18151971100","9711",6.53667846012239
"18151970800","9708",6.4938329450199
"18151971600","9716",6.72978577725482
