"GEOID","NAME","Particulate.Matter"
"48217960400","9604",6.80149331233317
"48217960600","9606",6.99596840011894
"48217960500","9605",6.68985973498931
"48217960800","9608",7.00962376411327
"48217961000","9610",6.9813332510343
"48217960700","9607",6.79409536438521
"48217960100","9601",7.01768877970069
"48217960900","9609",7.08242118432609
"48217960200","9602",6.80140445441338
"48217961100","9611",6.63325911749709
"48217961400","9614",6.59326686154506
