"GEOID","NAMELSAD","Particulate.Matter"
"29005950200","Census Tract 9502",6.00870422740921
"29005950100","Census Tract 9501",5.88049399186875
