"GEOID","NAME","Particulate.Matter"
"46047964200","9642",4.48306333325933
"46047964100","9641",4.22536836530019
