"GEOID","NAME","Particulate.Matter"
"28113950600","9506",6.57462281668905
"28113950300","9503",6.77556152727265
"28113950700","9507",6.70995574441458
"28113950101","9501.01",6.52452634770222
"28113950102","9501.02",6.61093549265707
"28113950400","9504",6.91491295956418
"28113950200","9502",6.52076371702582
"28113950500","9505",6.59869355967879
