"GEOID","NAME","Particulate.Matter"
"13291000203","2.03",5.56971741730788
"13291000205","2.05",6.4572430153295
"13291000102","1.02",6.9870123792645
"13291000201","2.01",5.3899954755465
"13291000204","2.04",6.92948208667056
"13291000101","1.01",6.86473569024931
