"GEOID","NAMELSAD","Particulate.Matter"
"29083950300","Census Tract 9503",6.1298124061709
"29083950500","Census Tract 9505",6.5006991900368
"29083950400","Census Tract 9504",6.3670578717284
"29083950100","Census Tract 9501",6.10306033931073
"29083950200","Census Tract 9502",6.06065849034437
"29083950600","Census Tract 9506",6.55028512787936
