"GEOID","NAME","Particulate.Matter"
"08029964600","9646",3.2912343221197
"08029964700","9647",3.27336525814398
"08029965200","9652",2.29843061585556
"08029964900","9649",5.48413308922356
"08029965000","9650",4.28454516872662
"08029965100","9651",5.68466477018406
"08029964800","9648",4.78842125960698
