"GEOID","NAME","Particulate.Matter"
"18059411000","4110",7.68432289987363
"18059410900","4109",7.91647438844125
"18059410600","4106",8.67748525497661
"18059410800","4108",7.79999317514471
"18059410300","4103",7.7696276637757
"18059410200","4102",7.76916351717017
"18059410100","4101",7.69215585862737
"18059410500","4105",7.98730905106722
"18059410400","4104",8.12773423167094
"18059410700","4107",7.82274483978503
