"GEOID","NAME","Particulate.Matter"
"13319960300","9603",7.57768151838123
"13319960200","9602",7.63034566443575
"13319960400","9604",7.52575022550435
