"GEOID","NAME","Particulate.Matter"
"13269950200","9502",7.74699860442323
"13269950100","9501",7.6668780189548
"13269950300","9503",7.34831935101107
