"GEOID","NAME","Particulate.Matter"
"18015959300","9593",7.57471502888538
"18015959500","9595",7.59863676085767
"18015959900","9599",7.37170046236986
"18015959400","9594",7.53164057447141
"18015959700","9597",7.40346274141909
"18015959600","9596",7.75688974718824
"18015959800","9598",7.23392848401951
