"GEOID","NAME","Particulate.Matter"
"13317010302","103.02",7.00143700117577
"13317010301","103.01",7.00316098965882
"13317010101","101.01",6.97724057684954
"13317010102","101.02",6.99327711715219
