"GEOID","NAME","Particulate.Matter"
"38019950900","9509",4.31381874282837
"38019951100","9511",4.69275103350809
