"GEOID","NAME","Particulate.Matter"
"08073961800","9618",3.67311790538112
"08073961700","9617",3.5830667124828
