"GEOID","NAME","Particulate.Matter"
"48299970600","9706",5.98132459395601
"48299970100","9701",5.5944846836186
"48299970300","9703",5.84624376748105
"48299970400","9704",6.40717748259932
"48299970500","9705",6.48056443562949
"48299970200","9702",6.00825274903556
