"GEOID","NAME","Particulate.Matter"
"13307960100","9601",7.42269859644838
"13307960200","9602",7.48181060198493
