"GEOID","NAME","Particulate.Matter"
"49021110701","1107.01",5.76179638518049
"49021110600","1106",3.22507311937073
"49021110200","1102",5.57941527921171
"49021110400","1104",7.01124622550345
"49021110100","1101",4.34476643660958
"49021110500","1105",4.08472485463361
"49021110300","1103",4.66697309942244
"49021110702","1107.02",4.18229600966679
