"GEOID","NAMELSAD","Particulate.Matter"
"51830370100","Census Tract 3701",6.72465257908527
"51830370200","Census Tract 3702",6.77484927955156
"51830370300","Census Tract 3703",6.6890577433854
