"GEOID","NAME","Particulate.Matter"
"01001020802","208.02",8.45305811905988
"01001020801","208.01",8.7407120466363
"01001020700","207",8.84962349927057
"01001020200","202",8.8413510478853
"01001020900","209",8.00886027535162
"01001020600","206",8.86834226897251
"01001020100","201",8.70636349759032
"01001020400","204",9.01742977034777
"01001020300","203",8.86135797411037
"01001021100","211",8.54323465685194
"01001020500","205",9.06106507821984
"01001021000","210",8.16393249801273
