"GEOID","NAME","Particulate.Matter"
"19119950200","9502",5.95633525834253
"19119950100","9501",6.00842391297301
"19119950300","9503",5.82253925885009
