"GEOID","NAME","Particulate.Matter"
"47083120200","1202",7.20490137150522
"47083120100","1201",6.95356410320231
"47083120300","1203",7.32206771866077
