"GEOID","NAME","Particulate.Matter"
"20189965100","9651",4.88739230471363
"20189965200","9652",4.82164768613392
