"GEOID","NAME","Particulate.Matter"
"48009020200","202",5.50066570842169
"48009020300","203",5.96050523004477
"48009020100","201",5.9722545359141
