"GEOID","NAME","Particulate.Matter"
"16079960200","9602",5.67268640493901
"16079960400","9604",6.06441306364829
"16079960300","9603",6.478784560983
