"GEOID","NAME","Particulate.Matter"
"16065950100","9501",6.30491589307408
"16065950200","9502",6.60835989176783
"16065950400","9504",4.68252385709405
"16065950301","9503.01",7.14139189285364
"16065950500","9505",5.93933696687937
"16065950302","9503.02",6.33509464418996
