"GEOID","NAMELSAD","Particulate.Matter"
"29057480100","Census Tract 4801",5.99981715131552
"29057480200","Census Tract 4802",6.33150982179848
