"GEOID","NAMELSAD","Particulate.Matter"
"51775010501","Census Tract 105.01",6.76577133783942
"51775010502","Census Tract 105.02",7.0003335695468
"51775010100","Census Tract 101",6.59059736486558
"51775010200","Census Tract 102",6.80797847292951
"51775010300","Census Tract 103",7.30347254974365
