"GEOID","NAME","Particulate.Matter"
"13147960200","9602",7.36508662894368
"13147960100","9601",7.41928004088694
"13147960400","9604",7.06580496377528
"13147960300","9603",7.26426498974667
"13147960500","9605",7.06059673281649
