"GEOID","NAME","Particulate.Matter"
"48237950500","9505",5.83422763230347
"48237950300","9503",6.27246208844346
"48237950100","9501",6.04528825661006
