"GEOID","NAMELSAD","Particulate.Matter"
"22125951702","Census Tract 9517.02",8.14414572328793
"22125951800","Census Tract 9518",7.94622151531649
"22125951701","Census Tract 9517.01",7.8197915133231
