"GEOID","NAME","Particulate.Matter"
"39115969100","9691",6.20176024169995
"39115969000","9690",6.02963703917994
"39115968900","9689",6.35452407518698
"39115968800","9688",6.311859631035
