"GEOID","NAME","Particulate.Matter"
"08087000100","1",3.59710764952788
"08087000700","7",4.21461022249055
"08087000200","2",3.57059940321093
"08087000600","6",3.7389769717771
"08087000400","4",5.38685405977315
"08087000500","5",5.08897520454938
"08087000800","8",3.7287109948969
"08087000300","3",3.99623724531133
