"GEOID","NAME","Particulate.Matter"
"20041084400","844",5.72078186893823
"20041084600","846",5.78472421898672
"20041084300","843",5.52243274077033
"20041084200","842",5.20400539554413
"20041084500","845",5.24368004335693
"20041084100","841",5.09070439048556
