"GEOID","NAME","Particulate.Matter"
"13205090200","902",7.37557476910661
"13205090300","903",7.41332177005751
"13205090500","905",7.67032102933955
"13205090100","901",7.33478385901522
"13205090400","904",7.59305867326071
