"GEOID","NAME","Particulate.Matter"
"19063070400","704",5.73478774323417
"19063070100","701",5.34191146290649
"19063070200","702",5.61242097847313
"19063070300","703",5.80207962951733
