"GEOID","NAME","Particulate.Matter"
"18071967700","9677",8.34358627011135
"18071967500","9675",7.79447991617513
"18071968000","9680",7.390612886688
"18071967600","9676",8.31118123156236
"18071967800","9678",9.11772018780621
"18071968100","9681",7.83084290585412
"18071968200","9682",7.44211448278783
"18071968300","9683",7.60681460409004
"18071967902","9679.02",8.4237607504017
"18071967901","9679.01",8.14056371539722
