"GEOID","NAME","Particulate.Matter"
"28019950200","9502",6.38960100788834
"28019950300","9503",6.45485860713083
"28019950100","9501",6.47302315857937
