"GEOID","NAME","Particulate.Matter"
"20021958500","9585",7.46171606327955
"20021958600","9586",7.8208967207775
"20021958200","9582",7.31248294609933
"20021958100","9581",7.14870638784689
"20021958400","9584",7.42633414058388
"20021958300","9583",7.28833792079152
