"GEOID","NAME","Particulate.Matter"
"12051000200","2",7.53136057047452
"12051000100","1",7.3452745894827
"12051000300","3",6.93256673214947
"12051000401","4.01",6.69499473627247
"12051000402","4.02",6.70455485281068
"12051000600","6",7.80955660695213
