"GEOID","NAME","Particulate.Matter"
"40123089598","895.98",6.6784708218957
"40123089300","893",6.98952603754441
"40123089100","891",7.40033048397579
"40123088800","888",6.90656586011026
"40123088600","886",6.87972601936547
"40123089600","896",6.50280044591655
"40123088700","887",6.80381348287512
"40123088900","889",7.2490739876534
"40123089200","892",7.68782577212055
"40123089000","890",6.7773739713088
