"GEOID","NAMELSAD","Particulate.Matter"
"29151490400","Census Tract 4904",5.59836537885754
"29151490300","Census Tract 4903",5.78852478934842
"29151490100","Census Tract 4901",5.89651822150157
"29151490200","Census Tract 4902",5.59191985273343
