"GEOID","NAME","Particulate.Matter"
"40087400300","4003",6.81609875240969
"40087400101","4001.01",6.53746001364246
"40087400102","4001.02",6.27356629123113
"40087400400","4004",6.87301943092668
"40087400202","4002.02",6.47299883266502
"40087400201","4002.01",6.60636679337719
