"GEOID","NAME","Particulate.Matter"
"26007000900","9",5.02224872945287
"26007000100","1",4.70286083842158
"26007000400","4",5.62717693677765
"26007000500","5",6.46594779255902
"26007000600","6",4.92636401410805
"26007000800","8",6.15066185607268
"26007000200","2",4.64260668538503
"26007000700","7",5.02710289020284
"26007000300","3",4.68489494622122
