"GEOID","NAME","Particulate.Matter"
"39069000600","6",7.23732003966341
"39069000300","3",7.64548539908367
"39069000500","5",6.99299985672617
"39069000100","1",6.72050145172852
"39069000200","2",6.98791498708881
"39069000700","7",7.20462947346148
"39069000400","4",7.06157112269445
