"GEOID","NAME","Particulate.Matter"
"28131020202","202.02",6.58693643409092
"28131020201","202.01",6.8346342583917
"28131020100","201",6.60581274421584
