"GEOID","NAME","Particulate.Matter"
"53037975401","9754.01",8.93287864092583
"53037975500","9755",8.29947791383353
"53037975700","9757",4.75359710974748
"53037975600","9756",10.6168979408139
"53037975300","9753",4.3476925858132
"53037975100","9751",3.75115671870275
"53037975402","9754.02",9.41571840663931
"53037975200","9752",5.0938566970267
