"GEOID","NAME","Particulate.Matter"
"26105950400","9504",5.95698239728925
"26105950700","9507",4.91374430297636
"26105950200","9502",4.98885693032896
"26105950600","9506",5.08355072272161
"26105950800","9508",5.19962181867531
"26105950300","9503",5.2282202941703
"26105950500","9505",6.21072947379865
"26105950100","9501",5.01595417855693
