"GEOID","NAME","Particulate.Matter"
"48177000600","6",6.7661338514043
"48177000100","1",6.21856203153624
"48177000500","5",6.56104998159748
"48177000200","2",6.44175412999283
"48177000400","4",7.01651521004344
"48177000300","3",6.79087454963453
