"GEOID","NAME","Particulate.Matter"
"37091950401","9504.01",6.59314858968461
"37091950200","9502",6.63458005850951
"37091950100","9501",6.55461762489588
"37091950300","9503",6.44805564418303
"37091950402","9504.02",6.57952051507494
