"GEOID","NAME","Particulate.Matter"
"28103950200","9502",7.12762533658447
"28103950300","9503",7.59817209165185
"28103950100","9501",7.61209878697846
