"GEOID","NAME","Particulate.Matter"
"27039950400","9504",5.68537060542325
"27039950500","9505",5.80525557860579
"27039950200","9502",5.72716899401579
"27039950300","9503",5.81641762192079
"27039950100","9501",5.9115625512015
