"GEOID","NAME","Particulate.Matter"
"20181453600","4536",3.96130680886678
"20181453700","4537",4.0103662781993
