"GEOID","NAME","Particulate.Matter"
"18149953900","9539",6.78409927953627
"18149953800","9538",6.56567698291537
"18149954100","9541",6.73311464290322
"18149954200","9542",6.70618750578505
"18149953600","9536",6.52714241296445
"18149954000","9540",6.84625477989246
"18149953700","9537",6.69282768996618
