"GEOID","NAME","Particulate.Matter"
"16067970100","9701",5.19891841166554
"16067970500","9705",5.53784169052271
"16067970400","9704",5.74967500954254
"16067970200","9702",5.42482033325402
"16067970300","9703",4.79676998524783
