"GEOID","NAME","Particulate.Matter"
"26047970800","9708",4.28211766227722
"26047970700","9707",4.29157965209033
"26047970100","9701",4.05706272326809
"26047970600","9706",4.09178787586843
"26047970500","9705",4.01250373705896
"26047970200","9702",3.91389681086715
"26047970400","9704",3.90941729050791
"26047970300","9703",3.6913962509392
