"GEOID","NAME","Particulate.Matter"
"18079960500","9605",8.00025071518562
"18079960200","9602",7.17140783273156
"18079960400","9604",7.62296547688345
"18079960600","9606",7.18071459444766
"18079960302","9603.02",7.47262985024861
"18079960301","9603.01",7.69071736370688
