"GEOID","NAME","Particulate.Matter"
"48001950500","9505",6.38874937510577
"48001950100","9501",6.43955731033084
"48001950700","9507",6.57734073088502
"48001950600","9506",6.36650397330177
"48001951000","9510",6.48332282691486
"48001950800","9508",6.42370700526559
"48001950901","9509.01",6.36662428333659
"48001951100","9511",6.60077243386269
"48001950401","9504.01",6.46508986240751
"48001950902","9509.02",6.46857298196377
"48001950402","9504.02",6.72333043128675
