"GEOID","NAME","Particulate.Matter"
"55099970500","9705",3.89539845208211
"55099970100","9701",3.86226041578618
"55099970200","9702",3.91462689297
"55099970700","9707",4.25820496232588
"55099970600","9706",3.9169638840116
"55099970400","9704",3.95000914685036
