"GEOID","NAME","Particulate.Matter"
"27157490200","4902",5.91120993249454
"27157490400","4904",5.99029495959143
"27157490500","4905",5.87145820429611
"27157490100","4901",5.83123156434305
"27157490600","4906",5.96357536773529
"27157490300","4903",6.34504774867652
