"GEOID","NAME","Particulate.Matter"
"53019940000","9400",4.70751689236874
"53019970200","9702",4.35298149556786
"53019970100","9701",4.9709718607232
