"GEOID","NAMELSAD","Particulate.Matter"
"51173030302","Census Tract 303.02",5.79343428111196
"51173030702","Census Tract 307.02",4.43248047912457
"51173030701","Census Tract 307.01",5.91157998972116
"51173030301","Census Tract 303.01",5.83326107420818
"51173030500","Census Tract 305",4.57014857676354
"51173030200","Census Tract 302",4.9995027143844
"51173030400","Census Tract 304",4.76040920548291
"51173030100","Census Tract 301",5.27894232762805
"51173030600","Census Tract 306",5.27840173346423
