"GEOID","NAME","Particulate.Matter"
"21149970200","9702",8.78668519385955
"21149970100","9701",8.6229810045733
"21149970500","9705",8.98867964629038
