"GEOID","NAME","Particulate.Matter"
"31093970500","9705",4.84809916884283
"31093970600","9706",4.9140489200281
