"GEOID","NAME","Particulate.Matter"
"13251970200","9702",7.18094879849374
"13251970400","9704",6.9129570950229
"13251970500","9705",6.91071896424848
"13251970600","9706",6.94056785035916
"13251970300","9703",6.92105720843328
