"GEOID","NAME","Particulate.Matter"
"26039960400","9604",4.56091340379851
"26039960200","9602",4.46439264464678
"26039960100","9601",4.31424984004626
"26039960300","9603",4.58890314604377
"26039960500","9605",4.68825745025107
