"GEOID","NAME","Particulate.Matter"
"26013000200","2",3.59533991008304
"26013000100","1",3.30150933001635
