"GEOID","NAME","Particulate.Matter"
"13103030301","303.01",7.2773236607036
"13103030202","302.02",7.03294710134915
"13103030100","301",6.92229214490915
"13103030304","303.04",7.2894684827839
"13103030305","303.05",7.35493205628934
"13103030203","302.03",6.98023375139808
"13103030204","302.04",6.95993752243536
"13103030401","304.01",7.27262137191307
"13103030303","303.03",7.18901268992267
"13103030402","304.02",7.31989948379967
