"GEOID","NAME","Particulate.Matter"
"30093000100","1",7.57355559329395
"30093000600","6",8.49192690042089
"30093000500","5",8.74090149034282
"30093000200","2",7.77827085981281
"30093000700","7",8.93974841976401
"30093000800","8",6.35965123773086
"30093000300","3",8.58092442672146
"30093000400","4",8.51836246304807
