"GEOID","NAME","Particulate.Matter"
"56033000500","5",4.54607950168367
"56033000300","3",6.94247854827477
"56033000400","4",6.81292102172284
"56033000600","6",3.21292791593419
"56033000100","1",6.37036113893177
"56033000200","2",7.01162691716704
