"GEOID","NAME","Particulate.Matter"
"39065000100","1",7.14712882803134
"39065000700","7",7.02060657355327
"39065000400","4",7.00384689477787
"39065000500","5",7.08482140660445
"39065000300","3",7.1862705060983
"39065000200","2",7.22078309447345
"39065000600","6",7.36384220307017
