"GEOID","NAME","Particulate.Matter"
"17041952000","9520",7.29116206798261
"17041952300","9523",7.13138775882602
"17041952200","9522",7.19899838569378
"17041952400","9524",7.13996672030077
"17041952100","9521",7.27941659631423
