"GEOID","NAME","Particulate.Matter"
"21025920700","9207",5.80600235983108
"21025920600","9206",5.90396709683624
"21025920400","9204",5.6637139757715
"21025920500","9205",5.94561927474743
"21025920100","9201",5.59333672655785
"21025920300","9203",5.95254163572885
"21025920200","9202",5.94568739984168
