"GEOID","NAME","Particulate.Matter"
"40151954300","9543",5.7681978325234
"40151954400","9544",5.54036458511285
"40151954200","9542",5.08522145957946
