"GEOID","NAME","Particulate.Matter"
"21197970100","9701",5.55215848773383
"21197970200","9702",6.1440659497559
