"GEOID","NAME","Particulate.Matter"
"19055950100","9501",6.24079381678659
"19055950300","9503",6.2099714782687
"19055950400","9504",6.29478004669167
"19055950200","9502",6.11407112480645
