"GEOID","NAMELSAD","Particulate.Matter"
"29181870100","Census Tract 8701",6.67616682209686
"29181870400","Census Tract 8704",7.87957375282354
"29181870300","Census Tract 8703",7.02700437348002
"29181870200","Census Tract 8702",6.48977116681715
