"GEOID","NAME","Particulate.Matter"
"48159950100","9501",6.55951949733647
"48159950200","9502",6.61468341030057
"48159950300","9503",6.40677737006978
