"GEOID","NAME","Particulate.Matter"
"04012020602","206.02",6.65679778195826
"04012940200","9402",8.95299269770631
"04012940300","9403",6.74127961193543
"04012020100","201",6.09125781770107
"04012980000","9800",6.0211270877637
"04012020501","205.01",5.87008301969596
"04012020502","205.02",6.10402069916938
"04012020201","202.01",6.82303981347743
"04012020202","202.02",6.32570431056302
