"GEOID","NAME","Particulate.Matter"
"17187870100","8701",6.58955324004063
"17187870200","8702",6.65119376625496
"17187870400","8704",6.61120362289952
"17187870300","8703",6.680522051772
"17187870500","8705",6.8205074557437
