"GEOID","NAME","Particulate.Matter"
"17057953600","9536",6.87739349830231
"17057953500","9535",6.77670339026092
"17057953400","9534",7.63743520743602
"17057952800","9528",6.84489180134333
"17057953800","9538",6.85175518063458
"17057953200","9532",6.78749680901566
"17057953100","9531",6.69663261575803
"17057952900","9529",6.69361074783856
"17057953000","9530",6.77729287761748
"17057953700","9537",6.94657390488416
"17057953900","9539",6.66224157373675
"17057953300","9533",6.64564007116927
