"GEOID","NAME","Particulate.Matter"
"39019720500","7205",7.09279591083384
"39019720600","7206",6.92812056355777
"39019720300","7203",7.40093301992068
"39019720400","7204",7.02491347906184
"39019720700","7207",6.97597001242671
"39019720200","7202",7.38613264154839
"39019720100","7201",7.15981321340332
