"GEOID","NAME","Particulate.Matter"
"31111959900","9599",4.06995212091646
"31111960600","9606",3.35906184584126
"31111959700","9597",3.32125730675776
"31111959800","9598",3.38235995169854
"31111960200","9602",5.17256821292256
"31111960500","9605",4.08030300109445
"31111960300","9603",5.68442023880438
"31111960400","9604",4.77085175945743
