"GEOID","NAMELSAD","Particulate.Matter"
"29035960100","Census Tract 9601",6.47362812000704
"29035960200","Census Tract 9602",6.53248143647776
