"GEOID","NAME","Particulate.Matter"
"20185470600","4706",4.86564159388613
"20185470700","4707",4.7664731024649
