"GEOID","NAME","Particulate.Matter"
"19069360300","3603",5.25140801413073
"19069360100","3601",5.60426663666682
"19069360200","3602",5.46640315699447
