"GEOID","NAMELSAD","Particulate.Matter"
"22075050100","Census Tract 501",6.54623593292988
"22075050800","Census Tract 508",6.24687158495873
"22075050200","Census Tract 502",7.19782963630091
"22075050400","Census Tract 504",6.58799281201841
"22075050600","Census Tract 506",6.34328378628321
"22075050300","Census Tract 503",7.01818657890468
"22075050500","Census Tract 505",6.68579655773339
"22075050700","Census Tract 507",6.3315340971348
