"GEOID","NAME","Particulate.Matter"
"21027960502","9605.02",7.258426428521
"21027960501","9605.01",6.93992235473479
"21027960300","9603",7.5634379256343
"21027960100","9601",7.29742174815153
"21027960200","9602",7.23205619499096
"21027960400","9604",7.34067608343321
