"GEOID","NAME","Particulate.Matter"
"31019969700","9697",4.6193627392989
"31019969202","9692.02",5.33792627681907
"31019969100","9691",4.7058261209633
"31019969000","9690",4.41360442443663
"31019968900","9689",4.66747518275773
"31019969204","9692.04",4.59438135246973
"31019969203","9692.03",4.72172576581703
"31019969300","9693",4.62353702143082
"31019969400","9694",5.76393655596699
"31019969500","9695",6.15720355385157
"31019969600","9696",5.2113863807031
