"GEOID","NAME","Particulate.Matter"
"28101050300","503",7.0606343051129
"28101050500","505",7.48026044596496
"28101050400","504",7.32418150761609
"28101050200","502",6.88758621993339
"28101050100","501",6.98655151565984
