"GEOID","NAMELSAD","Particulate.Matter"
"29203470100","Census Tract 4701",6.24543414348069
"29203470200","Census Tract 4702",6.30078521364659
