"GEOID","NAME","Particulate.Matter"
"18171951100","9511",7.1979002204145
"18171951000","9510",7.25799328423937
