"GEOID","NAME","Particulate.Matter"
"20127963600","9636",5.18017424009506
"20127963700","9637",5.15974318026978
