"GEOID","NAME","Particulate.Matter"
"47101970200","9702",6.57603582903166
"47101970100","9701",6.5374710628722
