"GEOID","NAMELSAD","Particulate.Matter"
"51125950200","Census Tract 9502",5.43553521122697
"51125950100","Census Tract 9501",5.75252663660552
"51125950300","Census Tract 9503",5.23721962169914
