"GEOID","NAME","Particulate.Matter"
"42061951200","9512",7.15730580845247
"42061950100","9501",7.37852458973398
"42061950600","9506",7.51449494643701
"42061951000","9510",7.45904346500128
"42061950200","9502",7.53639149953074
"42061951300","9513",6.43884922217765
"42061951100","9511",7.09662090408826
"42061950500","9505",7.54136931656011
"42061950800","9508",6.63262171222942
"42061950300","9503",7.70057558699583
"42061950900","9509",8.28883215015653
"42061950400","9504",8.1374724636305
