"GEOID","NAME","Particulate.Matter"
"46035962800","9628",5.4320442471105
"46035962600","9626",4.57822448999427
"46035962700","9627",4.92781648511333
"46035962900","9629",4.93795500039057
