"GEOID","NAME","Particulate.Matter"
"37137950201","9502.01",6.08357036621868
"37137950101","9501.01",6.11532229506094
"37137950202","9502.02",6.39444828096786
"37137950102","9501.02",6.27849865376819
