"GEOID","NAME","Particulate.Matter"
"54053954802","9548.02",6.05354769370378
"54053954801","9548.01",6.11064424052477
"54053955000","9550",6.69049411873616
"54053955101","9551.01",6.06568323124108
"54053955102","9551.02",5.76267828624651
"54053954900","9549",5.88988578361185
