"GEOID","NAME","Particulate.Matter"
"39073965200","9652",6.41061374036283
"39073965400","9654",6.36205980074815
"39073964900","9649",6.094164122377
"39073965300","9653",6.37841122559612
"39073965000","9650",6.2401986941359
"39073965100","9651",6.13330400501782
"39073965500","9655",6.27190494912024
