"GEOID","NAMELSAD","Particulate.Matter"
"51071930100","Census Tract 9301",4.65010067804168
"51071930200","Census Tract 9302",4.58868866835251
"51071930300","Census Tract 9303",5.33929138181959
"51071930400","Census Tract 9304",4.81657682738837
