"GEOID","NAME","Particulate.Matter"
"12129010100","101",7.43772595722186
"12129010201","102.01",7.43656228427317
"12129010202","102.02",7.52816387644803
"12129010203","102.03",7.59739293180785
