"GEOID","NAME","Particulate.Matter"
"20001952700","9527",6.22397663015345
"20001952800","9528",6.62369675380446
"20001953000","9530",6.54275190804687
"20001952600","9526",6.344285316847
"20001952900","9529",6.64674713563897
