"GEOID","NAME","Particulate.Matter"
"21003920600","9206",7.04381203291611
"21003920400","9204",7.01932146074165
"21003920200","9202",7.07541399981939
"21003920500","9205",7.17409443838396
"21003920100","9201",7.18418215821412
"21003920300","9203",7.03289406233544
