"GEOID","NAME","Particulate.Matter"
"18155965700","9657",6.98747470565609
"18155965800","9658",6.20394064164145
"18155965900","9659",6.61417119731432
