"GEOID","NAME","Particulate.Matter"
"27087940300","9403",4.64313095544532
"27087940100","9401",5.16754783916348
