"GEOID","NAME","Particulate.Matter"
"13275960300","9603",7.41550195192967
"13275960800","9608",7.16402119102427
"13275960900","9609",7.45739337555328
"13275961100","9611",7.44591028295232
"13275960600","9606",7.64981635582925
"13275960200","9602",7.37049890778275
"13275960700","9607",7.43730400840544
"13275961000","9610",7.22104747555797
"13275960400","9604",7.48883346426634
"13275960100","9601",7.41927536750163
"13275960500","9605",7.36805677029905
