"GEOID","NAMELSAD","Particulate.Matter"
"22123000200","Census Tract 2",6.95289222131537
"22123000100","Census Tract 1",6.76728446806101
"22123000300","Census Tract 3",7.21963879248387
