"GEOID","NAME","Particulate.Matter"
"21091960200","9602",8.84440810226939
"21091960100","9601",8.37930240693699
"21091960300","9603",7.70081274977427
