"GEOID","NAME","Particulate.Matter"
"20087020102","201.02",5.72632630149927
"20087020101","201.01",5.7516459742253
"20087020300","203",5.60497572525414
"20087020200","202",5.55147210521439
