"GEOID","NAME","Particulate.Matter"
"47121960200","9602",8.17556851840601
"47121960100","9601",8.08619411509873
"47121960300","9603",7.88285866674318
