"GEOID","NAME","Particulate.Matter"
"28095950502","9505.02",7.10084299910455
"28095950501","9505.01",7.25694656095136
"28095950300","9503",7.63127241834887
"28095950700","9507",7.55477539148618
"28095950600","9506",7.25744557908355
"28095950400","9504",7.83832603155611
"28095950100","9501",6.79317354702281
"28095950200","9502",7.43368264305143
"28095950800","9508",7.53897310594776
