"GEOID","NAME","Particulate.Matter"
"27051070200","702",4.99076529160841
"27051070100","701",4.87052067005361
