"GEOID","NAME","Particulate.Matter"
"20151968600","9686",4.79987251360471
"20151968800","9688",4.91972014320995
"20151968700","9687",5.01002118215718
