"GEOID","NAME","Particulate.Matter"
"48129950200","9502",4.5934225265262
"48129950300","9503",4.41192073630138
