"GEOID","NAME","Particulate.Matter"
"48483950100","9501",4.50357321161083
"48483950300","9503",4.24585380529613
