"GEOID","NAME","Particulate.Matter"
"31089974300","9743",3.99847221764403
"31089974000","9740",3.95743086750781
"31089974200","9742",3.85089122049015
"31089974100","9741",3.75660596579951
