"GEOID","NAME","Particulate.Matter"
"40149964900","9649",4.9103031087333
"40149965000","9650",5.02088952855032
"40149965100","9651",5.27806691840914
"40149965400","9654",5.38972602257166
