"GEOID","NAME","Particulate.Matter"
"45033970300","9703",7.10069829888996
"45033970100","9701",7.1031082701937
"45033970400","9704",7.32398279156205
"45033970500","9705",7.18490542660579
"45033970200","9702",7.2073090966215
"45033970600","9706",7.18578428536858
