"GEOID","NAME","Particulate.Matter"
"54007967900","9679",6.36691615024465
"54007968000","9680",6.05824665329325
"54007968100","9681",5.94539261123629
