"GEOID","NAME","Particulate.Matter"
"54025950300","9503",4.38733730285379
"54025950400","9504",5.0157812535588
"54025950200","9502",3.97362618212436
"54025950500","9505",5.31434203671261
"54025950100","9501",4.69363376216781
"54025950600","9506",5.33379427372913
"54025950700","9507",5.14377974489055
