"GEOID","NAME","Particulate.Matter"
"53047940100","9401",4.51142060295327
"53047940200","9402",5.24989029991537
"53047970900","9709",4.65402791042552
"53047970700","9707",9.0126310572757
"53047970400","9704",8.45988736703279
"53047970500","9705",6.38851543451484
"53047971000","9710",4.52827385917856
"53047970300","9703",5.16172306698318
"53047970800","9708",5.91811339090378
"53047970600","9706",10.487055640892
