"GEOID","NAME","Particulate.Matter"
"21221970300","9703",7.37404585004825
"21221970100","9701",7.80363502413965
"21221970200","9702",7.6333034761329
"21221980200","9802",7.36048846889232
"21221980100","9801",7.51262463486029
