"GEOID","NAME","Particulate.Matter"
"50011010400","104",5.05117315038757
"50011011000","110",5.19058819027257
"50011010600","106",5.90849743151115
"50011010500","105",6.03283683513696
"50011010200","102",5.3059066211446
"50011010100","101",5.86604322807436
"50011010300","103",4.31362878858117
"50011010700","107",6.41863272064918
"50011010800","108",6.16285274278485
"50011010900","109",5.81596196302234
