"GEOID","NAME","Particulate.Matter"
"17045070500","705",7.47585716835519
"17045070200","702",7.22963143211008
"17045070100","701",7.43533354726818
"17045070300","703",7.16583061193642
"17045070400","704",7.36572851075777
