"GEOID","NAMELSAD","Particulate.Matter"
"29091090600","Census Tract 906",5.98949663759841
"29091090200","Census Tract 902",5.93140708453652
"29091090400","Census Tract 904",5.74731976310854
"29091090100","Census Tract 901",5.63736931945079
"29091090500","Census Tract 905",5.82212712764513
"29091090300","Census Tract 903",5.97874441287154
"29091090800","Census Tract 908",6.10082051484369
"29091090700","Census Tract 907",6.29608692200756
