"GEOID","NAME","Particulate.Matter"
"27133570300","5703",5.81841011171266
"27133570200","5702",5.7071730913794
"27133570100","5701",5.79164434407145
