"GEOID","NAME","Particulate.Matter"
"19045001000","10",6.76468393282198
"19045001100","11",6.61347723596768
"19045000100","1",8.48893391812866
"19045000700","7",6.79597196991829
"19045000300","3",8.83133637828886
"19045000400","4",7.15050533086701
"19045000200","2",7.50613207844905
"19045000500","5",7.2304085703863
"19045000800","8",7.48261958232328
"19045001200","12",6.70856086870549
"19045000900","9",7.06958220857926
"19045000600","6",7.44251025368505
