"GEOID","NAME","Particulate.Matter"
"13035150200","1502",7.31066190945666
"13035150100","1501",7.5509185128945
"13035150300","1503",7.36101494945007
