"GEOID","NAME","Particulate.Matter"
"31099966600","9666",4.63779307708391
"31099966700","9667",4.60149011782577
