"GEOID","NAME","Particulate.Matter"
"37185950101","9501.01",6.01117850290492
"37185950102","9501.02",6.13776731903731
"37185950103","9501.03",6.0784199127576
"37185950200","9502",6.08776050322081
"37185950300","9503",6.13207809129866
"37185950400","9504",6.20978988976547
