"GEOID","NAME","Particulate.Matter"
"42099030202","302.02",8.28959958336686
"42099030201","302.01",8.35855795702667
"42099030501","305.01",8.07702487060639
"42099030302","303.02",8.45152482463367
"42099030301","303.01",8.30367133545802
"42099030400","304",8.02164322906793
"42099030100","301",8.14739306512453
"42099030602","306.02",6.80786113975708
"42099030502","305.02",7.83501979825826
"42099030601","306.01",7.45063156011674
