"GEOID","NAME","Particulate.Matter"
"30085080100","801",4.34681103457348
"30085940002","9400.02",4.62337686910941
"30085940001","9400.01",4.2168812114579
