"GEOID","NAME","Particulate.Matter"
"05129970200","9702",6.02265798465834
"05129970300","9703",5.62594649903636
"05129970100","9701",5.85042699469794
