"GEOID","NAMELSAD","Particulate.Matter"
"22047953000","Census Tract 9530",8.28753430169212
"22047953101","Census Tract 9531.01",9.07238106849964
"22047952900","Census Tract 9529",8.12347183432119
"22047953102","Census Tract 9531.02",8.75909255306155
"22047952600","Census Tract 9526",8.24210569577386
"22047952700","Census Tract 9527",8.01251323791172
"22047953200","Census Tract 9532",8.6197549732363
