"GEOID","NAME","Particulate.Matter"
"18027954300","9543",7.74418012546878
"18027954700","9547",8.04203996457755
"18027954500","9545",7.97536641221298
"18027954400","9544",7.84449046046955
"18027954900","9549",8.21309954830094
"18027954600","9546",8.1545491288904
"18027954800","9548",8.31119121759915
