"GEOID","NAME","Particulate.Matter"
"48031950100","9501",5.73017881064586
"48031950200","9502",5.73633778440202
