"GEOID","NAME","Particulate.Matter"
"27041450702","4507.02",5.13224603934419
"27041450701","4507.01",5.2287967383396
"27041450600","4506",5.02508425583343
"27041450900","4509",4.90743656130459
"27041451000","4510",4.90564328193513
"27041450100","4501",4.73253456907875
"27041450500","4505",4.93835783667364
"27041450800","4508",4.84808602399138
"27041450200","4502",5.02536037762344
