"GEOID","NAME","Particulate.Matter"
"47031970801","9708.01",7.14014151216524
"47031980100","9801",7.06745408681792
"47031970802","9708.02",6.85712886863888
"47031971000","9710",6.91246367273209
"47031970100","9701",6.96734260886828
"47031970600","9706",7.02163459961469
"47031970700","9707",7.07964776640213
"47031970300","9703",6.23900707998659
"47031970200","9702",6.6963434398115
"47031970400","9704",6.77658056684692
"47031970900","9709",7.15107211413169
"47031970500","9705",7.14420013825515
