"GEOID","NAMELSAD","Particulate.Matter"
"22009030800","Census Tract 308",8.12163147774538
"22009030900","Census Tract 309",8.33456220329797
"22009030400","Census Tract 304",8.03064293812579
"22009030100","Census Tract 301",7.943479951037
"22009030500","Census Tract 305",8.2585061566642
"22009030300","Census Tract 303",8.08569095602472
"22009030700","Census Tract 307",8.23655277451121
"22009030200","Census Tract 302",7.59349141828305
"22009030600","Census Tract 306",8.4403229585666
