"GEOID","NAME","Particulate.Matter"
"38067950400","9504",5.39093147314858
"38067950500","9505",5.33231205854568
"38067950300","9503",5.24008077704931
"38067950100","9501",5.37736981063595
"38067950200","9502",5.37046763879946
