"GEOID","NAME","Particulate.Matter"
"21239050300","503",6.79367404333681
"21239050200","502",6.63566868423122
"21239050400","504",6.87962819074441
"21239050104","501.04",7.00026625617371
"21239050107","501.07",6.62373915742234
"21239050103","501.03",6.64782942602263
"21239050105","501.05",6.74859909800403
"21239050106","501.06",6.62162777955463
