"GEOID","NAME","Particulate.Matter"
"26131970200","9702",3.75745236069436
"26131970100","9701",3.76269392897729
"26131970300","9703",3.59377720918312
