"GEOID","NAME","Particulate.Matter"
"47027955000","9550",6.94549688667149
"47027955100","9551",6.91439780035993
