"GEOID","NAMELSAD","Particulate.Matter"
"29139970100","Census Tract 9701",6.81894163825666
"29139970300","Census Tract 9703",6.09702613227234
"29139970400","Census Tract 9704",6.3808799467121
"29139970200","Census Tract 9702",6.46682528233817
