"GEOID","NAME","Particulate.Matter"
"26151970200","9702",5.97310458269526
"26151970900","9709",6.28840650745669
"26151970800","9708",5.98734015943763
"26151970300","9703",6.18000524010425
"26151971100","9711",6.22328464214634
"26151970400","9704",5.90038639562728
"26151971000","9710",6.20890110415497
"26151971200","9712",6.17652931885156
"26151970700","9707",6.36301424449545
"26151970500","9705",5.95377499375257
"26151970600","9706",6.17524371729069
"26151970100","9701",5.75575590626531
