"GEOID","NAME","Particulate.Matter"
"49013940300","9403",2.88112360560461
"49013940500","9405",5.67386549075841
"49013940600","9406",4.44182395600078
