"GEOID","NAME","Particulate.Matter"
"20117060510","605.10",4.83360487852196
"20117090186","901.86",5.15544487403006
"20117070182","701.82",5.13935288385728
"20117040701","407.01",5.04979957748126
