"GEOID","NAME","Particulate.Matter"
"17107953200","9532",6.62250981468148
"17107953300","9533",6.99160431615491
"17107953400","9534",6.93051104884491
"17107953500","9535",6.70099675157455
"17107953000","9530",6.77694222780058
"17107953100","9531",6.77962074908747
"17107952900","9529",6.50890659020189
"17107953600","9536",6.57834689565468
