"GEOID","NAME","Particulate.Matter"
"41023960200","9602",3.42488839870874
"41023960100","9601",3.06815897770479
