"GEOID","NAME","Particulate.Matter"
"46085972600","9726",4.03702577772735
"46085940100","9401",4.10380166715455
