"GEOID","NAME","Particulate.Matter"
"08063962200","9622",3.69459790677777
"08063962300","9623",3.58784306054629
"08063962100","9621",3.9292966380339
