"GEOID","NAME","Particulate.Matter"
"21139040100","401",8.17458983194503
"21139040200","402",8.30865911095925
