"GEOID","NAME","Particulate.Matter"
"31037964700","9647",5.24338060659346
"31037964800","9648",5.3249248410676
"31037964600","9646",5.30873831801364
