"GEOID","NAME","Particulate.Matter"
"48429950500","9505",5.30206841910548
"48429950300","9503",5.30687895484501
"48429950200","9502",5.48632241504377
