"GEOID","NAME","Particulate.Matter"
"56029965100","9651",4.78412649404785
"56029965400","9654",5.86673643674098
"56029965300","9653",3.30148642582076
"56029965500","9655",5.84450286979729
"56029965200","9652",5.48562233476329
