"GEOID","NAME","Particulate.Matter"
"55047100100","1001",5.53410671808044
"55047100200","1002",5.68652484386533
"55047100500","1005",5.45007693723381
"55047100300","1003",5.51253099750678
"55047100600","1006",5.35931938300193
"55047100400","1004",5.34632380557706
