"GEOID","NAMELSAD","Particulate.Matter"
"51033030400","Census Tract 304",6.28270183757014
"51033030500","Census Tract 305",6.13087774854235
"51033030100","Census Tract 301",6.34599333196428
"51033030300","Census Tract 303",6.22435503823111
"51033030600","Census Tract 306",6.42770980558597
"51033030202","Census Tract 302.02",6.33505103347789
"51033030201","Census Tract 302.01",6.27110689866257
