"GEOID","NAME","Particulate.Matter"
"28139950100","9501",6.78085739410406
"28139950200","9502",6.64074080035742
"28139950300","9503",6.91101906464446
"28139950400","9504",6.60584879634054
