"GEOID","NAME","Particulate.Matter"
"19085290100","2901",5.93202529978872
"19085290500","2905",6.05004824164255
"19085290400","2904",6.06513223255721
"19085290200","2902",5.8256932000852
"19085290300","2903",6.09784606154842
