"GEOID","NAME","Particulate.Matter"
"20053086700","867",4.54864161557347
"20053086600","866",4.67858434591612
