"GEOID","NAME","Particulate.Matter"
"50001960800","9608",5.68114017863398
"50001960900","9609",5.7357142488057
"50001960500","9605",4.95396043953424
"50001961000","9610",5.12488814451876
"50001960400","9604",6.11763621121817
"50001960300","9603",6.47371399209891
"50001960200","9602",6.25303718458626
"50001960100","9601",4.91291567865886
"50001960600","9606",3.73462033759346
"50001960700","9607",5.29612008491662
