"GEOID","NAME","Particulate.Matter"
"20119966600","9666",4.91097744742591
"20119966700","9667",4.9384448002914
