"GEOID","NAME","Particulate.Matter"
"06103000200","2",7.56012401386456
"06103000500","5",8.52054700124924
"06103000900","9",7.86711626062336
"06103001000","10",8.36007007223382
"06103000100","1",4.86404570351943
"06103000300","3",5.82095460685111
"06103000400","4",7.31399690161744
"06103000800","8",8.08475822539115
"06103000600","6",8.69608929283187
"06103001100","11",8.22384798839751
"06103000700","7",8.89412063951547
