"GEOID","NAME","Particulate.Matter"
"19041080300","803",5.77845609710811
"19041080400","804",5.65780331214525
"19041080200","802",5.78911311482998
"19041080100","801",5.54099517685853
