"GEOID","NAME","Particulate.Matter"
"38071957800","9578",5.05412284016772
"38071957700","9577",5.02074346706104
"38071957600","9576",5.23951565141354
