"GEOID","NAME","Particulate.Matter"
"46011958802","9588.02",5.30503633184466
"46011958803","9588.03",5.23616080281526
"46011958700","9587",5.02989682107425
"46011958600","9586",5.06675708498767
"46011959000","9590",5.48343261149774
"46011958900","9589",5.59791722371807
