"GEOID","NAME","Particulate.Matter"
"37039930300","9303",6.21121498164061
"37039930500","9305",7.58587669802605
"37039930200","9302",6.31265836096778
"37039930400","9304",7.06954336064385
"37039930100","9301",5.55595957648445
"37039930602","9306.02",6.94001865412191
"37039930601","9306.01",7.33643898189716
