"GEOID","NAME","Particulate.Matter"
"48071710200","7102",7.66324544389698
"48071710300","7103",7.6663650297783
"48071710401","7104.01",7.79730959918047
"48071710500","7105",7.19931481736561
"48071710100","7101",8.01870204700042
