"GEOID","NAME","Particulate.Matter"
"38009952300","9523",4.69521032665734
"38009952400","9524",4.36510915216671
"38009952500","9525",4.65758810007399
