"GEOID","NAME","Particulate.Matter"
"13023790200","7902",7.22817441616203
"13023790100","7901",7.19203853462705
"13023790300","7903",7.31027876649291
