"GEOID","NAME","Particulate.Matter"
"16077960100","9601",4.23221438178073
"16077960200","9602",4.75050398361915
