"GEOID","NAME","Particulate.Matter"
"28031950100","9501",7.10943062496662
"28031950200","9502",6.93055933131527
"28031950300","9503",6.70909920707492
"28031950400","9504",6.95765327516746
