"GEOID","NAME","Particulate.Matter"
"12065250102","2501.02",7.48609668483087
"12065250101","2501.01",7.39054860597228
"12065250200","2502",7.47447091652547
