"GEOID","NAME","Particulate.Matter"
"18183050500","505",7.30688331548986
"18183050400","504",7.30211988865119
"18183050600","506",7.3256877048618
"18183050200","502",7.10782599693461
"18183050700","507",7.51379677663984
"18183050300","503",7.27781564657698
"18183050100","501",7.18816656368389
