"GEOID","NAME","Particulate.Matter"
"12059960300","9603",7.09832192661878
"12059960200","9602",7.00781601010641
"12059960100","9601",6.89242571442418
"12059960400","9604",7.11270727416135
