"GEOID","NAME","Particulate.Matter"
"30091090200","902",4.68325661719472
"30091090400","904",4.73798951033399
