"GEOID","NAMELSAD","Particulate.Matter"
"22093040600","Census Tract 406",8.12897788282476
"22093040300","Census Tract 403",8.16190712786451
"22093040100","Census Tract 401",7.99223575172909
"22093040500","Census Tract 405",8.10274045842349
"22093040700","Census Tract 407",7.99410217491708
"22093040400","Census Tract 404",8.09389596416909
"22093040200","Census Tract 402",8.6952590004824
