"GEOID","NAME","Particulate.Matter"
"13109970200","9702",7.24272608923977
"13109970100","9701",7.16260845308913
"13109970300","9703",7.08211361852361
