"GEOID","NAME","Particulate.Matter"
"05013480200","4802",7.01081629461957
"05013480100","4801",6.81163833015515
