"GEOID","NAME","Particulate.Matter"
"31179978600","9786",4.97869327568836
"31179978700","9787",5.33151089361845
