"GEOID","NAME","Particulate.Matter"
"55137960200","9602",5.3286731618436
"55137960600","9606",5.40456024700759
"55137960400","9604",5.20012903505277
"55137960700","9607",5.53360984015816
"55137960100","9601",5.36759380307518
"55137960300","9603",5.00506596608459
"55137960800","9608",5.29524583506639
