"GEOID","NAME","Particulate.Matter"
"39097040102","401.02",7.45648949453549
"39097040101","401.01",7.53490637061126
"39097040202","402.02",7.48764923705386
"39097040201","402.01",7.24493342043439
"39097041000","410",7.41439985408779
"39097040500","405",7.53275245535442
"39097041100","411",7.34178929513963
"39097040400","404",7.43517616242189
"39097040600","406",7.45672560750772
"39097040700","407",7.90137476511129
"39097041200","412",7.14344119568192
"39097041300","413",7.06706140326961
