"GEOID","NAME","Particulate.Matter"
"31047968500","9685",4.50275812160258
"31047968100","9681",3.95111957229568
"31047968000","9680",4.10009833661321
"31047968600","9686",3.84755122927294
"31047968200","9682",3.98314066490192
"31047968400","9684",4.21849414790776
"31047968300","9683",4.11330122493271
