"GEOID","NAME","Particulate.Matter"
"47169090100","901",7.59169297670843
"47169090200","902",7.78893213699546
