"GEOID","NAME","Particulate.Matter"
"17049950600","9506",8.44307782613517
"17049950300","9503",7.90476037641355
"17049950100","9501",8.09156584927704
"17049950800","9508",8.13536500685427
"17049950500","9505",8.07044608748454
"17049950200","9502",7.91822608502392
"17049950400","9504",7.885583269254
"17049950700","9507",8.55645525201711
