"GEOID","NAME","Particulate.Matter"
"47007953100","9531",7.07912213283336
"47007953000","9530",5.82737527676269
"47007953200","9532",6.00190459997787
