"GEOID","NAMELSAD","Particulate.Matter"
"55061960500","Census Tract 9605",5.27464476811843
"55061960200","Census Tract 9602",4.97464112465307
"55061960400","Census Tract 9604",5.02584042457803
"55061960100","Census Tract 9601",5.5402007970743
