"GEOID","NAMELSAD","Particulate.Matter"
"55045960800","Census Tract 9608",6.60973084557953
"55045960500","Census Tract 9605",6.38347306983118
"55045960100","Census Tract 9601",6.21528079751196
"55045960400","Census Tract 9604",6.4032637036751
"55045960300","Census Tract 9603",6.43903249068541
"55045960200","Census Tract 9602",5.90929278092
"55045960600","Census Tract 9606",6.38763283256897
"55045960700","Census Tract 9607",6.36113311703173
