"GEOID","NAMELSAD","Particulate.Matter"
"48179950300","Census Tract 9503",5.34867763246992
"48179950700","Census Tract 9507",5.20222140653179
"48179950600","Census Tract 9506",5.15045229858305
"48179950500","Census Tract 9505",6.10204597964006
"48179950100","Census Tract 9501",4.76498175757957
"48179950400","Census Tract 9504",5.27752302407306
"48179950800","Census Tract 9508",5.01104167886429
