"GEOID","NAMELSAD","Particulate.Matter"
"01067030400","Census Tract 304",6.94219531108838
"01067030600","Census Tract 306",7.05180239805298
"01067030500","Census Tract 305",6.9873521201023
"01067030300","Census Tract 303",7.26881940499149
"01067030100","Census Tract 301",7.05957473863832
"01067030200","Census Tract 302",7.10373660167124
