"GEOID","NAMELSAD","Particulate.Matter"
"20191962100","Census Tract 9621",6.56075814635536
"20191962600","Census Tract 9626",6.75126582554583
"20191962400","Census Tract 9624",6.72138049954373
"20191962500","Census Tract 9625",6.68107151251452
"20191962200","Census Tract 9622",6.54715416214286
"20191962300","Census Tract 9623",6.71082259713578
