"GEOID","NAMELSAD","Particulate.Matter"
"46007941000","Census Tract 9410",2.84784176586215
"46007941200","Census Tract 9412",2.79510041630065
