"GEOID","NAMELSAD","Particulate.Matter"
"56035000102","Census Tract 1.02",3.47160811772704
"56035000101","Census Tract 1.01",3.5580516280151
