"GEOID","NAMELSAD","Particulate.Matter"
"12129010100","Census Tract 101",7.0422921012052
"12129010201","Census Tract 102.01",6.93296230166152
"12129010202","Census Tract 102.02",7.02492574272118
"12129010203","Census Tract 102.03",7.12188356674646
