"GEOID","NAMELSAD","Particulate.Matter"
"13133950301","Census Tract 9503.01",7.92084928868445
"13133950302","Census Tract 9503.02",7.8176882834379
"13133950303","Census Tract 9503.03",7.66188030079588
"13133950100","Census Tract 9501",7.89894006251825
"13133950200","Census Tract 9502",7.35749247495658
"13133950400","Census Tract 9504",7.38091080872913
"13133950500","Census Tract 9505",7.44568864083589
