"GEOID","NAMELSAD","Particulate.Matter"
"37041930102","Census Tract 9301.02",6.27788750430181
"37041930101","Census Tract 9301.01",6.53506733343274
"37041930200","Census Tract 9302",6.40263474864859
