"GEOID","NAMELSAD","Particulate.Matter"
"51037930100","Census Tract 9301",5.84049075818824
"51037930200","Census Tract 9302",5.97782222839423
"51037930300","Census Tract 9303",5.85308239834502
