"GEOID","NAMELSAD","Particulate.Matter"
"40043959200","Census Tract 9592",5.21014863591269
"40043959300","Census Tract 9593",5.40297997028519
"40043959100","Census Tract 9591",5.5193329793029
