"GEOID","NAMELSAD","Particulate.Matter"
"27173970100","Census Tract 9701",5.17836956904932
"27173970400","Census Tract 9704",5.35208178426182
"27173970300","Census Tract 9703",5.1207708641128
"27173970200","Census Tract 9702",4.620875480748
