"GEOID","NAMELSAD","Particulate.Matter"
"08065961900","Census Tract 9619",2.66053865130291
"08065961700","Census Tract 9617",3.22326285237414
