"GEOID","NAMELSAD","Particulate.Matter"
"48289950100","Census Tract 9501",6.05706104693345
"48289950300","Census Tract 9503",6.08163320790269
"48289950200","Census Tract 9502",6.04155342870769
