"GEOID","NAMELSAD","Particulate.Matter"
"39111966800","Census Tract 9668",6.06346862541143
"39111966700","Census Tract 9667",6.03975714311133
"39111966900","Census Tract 9669",6.33015362434977
"39111966600","Census Tract 9666",6.35263643145868
