"GEOID","NAMELSAD","Particulate.Matter"
"48387950600","Census Tract 9506",6.4524798113967
"48387950100","Census Tract 9501",6.37424820224568
"48387950500","Census Tract 9505",6.42709230002711
"48387950700","Census Tract 9507",6.47919652328292
