"GEOID","NAMELSAD","Particulate.Matter"
"29195090600","Census Tract 906",7.62469151868962
"29195090100","Census Tract 901",6.08222114450274
"29195090400","Census Tract 904",6.70708893819774
"29195090500","Census Tract 905",6.25594252611902
"29195090800","Census Tract 908",6.05677116129568
"29195090300","Census Tract 903",6.35596407897855
"29195090200","Census Tract 902",6.04088924568312
"29195090700","Census Tract 907",5.93087264764814
