"GEOID","NAMELSAD","Particulate.Matter"
"48055960400","Census Tract 9604",6.99834048422502
"48055960500","Census Tract 9605",7.13154225752255
"48055960300","Census Tract 9603",6.9554289877325
"48055960700","Census Tract 9607",6.86976347942854
"48055960600","Census Tract 9606",6.60066126014215
"48055960200","Census Tract 9602",6.92966354985596
"48055960101","Census Tract 9601.01",7.0112498071535
"48055960102","Census Tract 9601.02",6.75021253324022
