"GEOID","NAMELSAD","Particulate.Matter"
"28057950300","Census Tract 9503",7.61191955034682
"28057950200","Census Tract 9502",7.25358459361216
"28057950500","Census Tract 9505",7.30487706292641
"28057950400","Census Tract 9504",7.43731855132321
"28057950100","Census Tract 9501",7.29512179345103
