"GEOID","NAMELSAD","Particulate.Matter"
"27077460400","Census Tract 4604",3.09191920840194
"27077460300","Census Tract 4603",2.96041490042963
