"GEOID","NAMELSAD","Particulate.Matter"
"21217920100","Census Tract 9201",7.16871246742466
"21217920400","Census Tract 9204",7.63317376880123
"21217920200","Census Tract 9202",7.46581653458875
"21217920500","Census Tract 9205",7.4624765736049
"21217920300","Census Tract 9203",7.3017982682849
