"GEOID","NAMELSAD","Particulate.Matter"
"48379950100","Census Tract 9501",6.10157106418428
"48379950200","Census Tract 9502",6.33686315299242
