"GEOID","NAMELSAD","Particulate.Matter"
"51820003300","Census Tract 33",6.44173594233032
"51820003100","Census Tract 31",7.01627941219088
"51820003400","Census Tract 34",6.64903874552446
"51820003500","Census Tract 35",6.35563098883755
"51820003200","Census Tract 32",6.33299395901555
