"GEOID","NAMELSAD","Particulate.Matter"
"31059091600","Census Tract 916",4.99838261273319
"31059091700","Census Tract 917",4.90057218453672
