"GEOID","NAMELSAD","Particulate.Matter"
"48463950200","Census Tract 9502",6.58695159226413
"48463950100","Census Tract 9501",6.28751878825388
"48463950500","Census Tract 9505",7.05528599554743
"48463950400","Census Tract 9504",7.16013383482071
"48463950300","Census Tract 9503",7.1039744256372
