"GEOID","NAMELSAD","Particulate.Matter"
"27015960700","Census Tract 9607",5.28368936606894
"27015960400","Census Tract 9604",5.41194305396798
"27015960200","Census Tract 9602",5.64478096055687
"27015960500","Census Tract 9605",5.68696365279131
"27015960300","Census Tract 9603",6.17593459475668
"27015960600","Census Tract 9606",5.5484854602524
"27015960101","Census Tract 9601.01",6.39431744071118
"27015960102","Census Tract 9601.02",5.52635551055906
