"GEOID","NAMELSAD","Particulate.Matter"
"13155950200","Census Tract 9502",7.33284917832549
"13155950100","Census Tract 9501",7.27551387894249
