"GEOID","NAMELSAD","Particulate.Matter"
"21141960300","Census Tract 9603",7.72919649169917
"21141960600","Census Tract 9606",7.82592886497774
"21141960400","Census Tract 9604",7.79509525640657
"21141960200","Census Tract 9602",7.69562459893178
"21141960500","Census Tract 9605",7.71477340158127
"21141960100","Census Tract 9601",7.70143148952106
