"GEOID","NAMELSAD","Particulate.Matter"
"35023970200","Census Tract 9702",6.16311445126811
"35023970000","Census Tract 9700",4.35554548597135
