"GEOID","NAMELSAD","Particulate.Matter"
"13311950100","Census Tract 9501",8.1662537660595
"13311950300","Census Tract 9503",8.98717985882279
"13311950201","Census Tract 9502.01",8.58193475071878
"13311950203","Census Tract 9502.03",7.83413951869758
"13311950202","Census Tract 9502.02",9.00906463917593
