"GEOID","NAMELSAD","Particulate.Matter"
"28063950100","Census Tract 9501",7.42454476753847
"28063950200","Census Tract 9502",7.36073698803151
