"GEOID","NAMELSAD","Particulate.Matter"
"37015960100","Census Tract 9601",6.26244259704762
"37015960200","Census Tract 9602",6.11336832483148
"37015960400","Census Tract 9604",6.25803035599527
"37015960300","Census Tract 9603",6.23111814374225
