"GEOID","NAMELSAD","Particulate.Matter"
"51159040200","Census Tract 402",6.08553746956987
"51159040100","Census Tract 401",6.32362992256188
