"GEOID","NAMELSAD","Particulate.Matter"
"19149970100","Census Tract 9701",5.94927627545382
"19149970300","Census Tract 9703",5.77444322647885
"19149970600","Census Tract 9706",5.82819485688457
"19149970200","Census Tract 9702",6.00798477846356
"19149970400","Census Tract 9704",5.86276259946877
"19149970500","Census Tract 9705",5.98725293780416
