"GEOID","NAMELSAD","Particulate.Matter"
"23015976200","Census Tract 9762",3.97138773621203
"23015975500","Census Tract 9755",4.08343486831432
"23015975800","Census Tract 9758",3.96747677032849
"23015975300","Census Tract 9753",4.06454127630356
"23015975600","Census Tract 9756",3.8590899569595
"23015975700","Census Tract 9757",3.93819361740975
"23015975400","Census Tract 9754",4.01227031406681
"23015975200","Census Tract 9752",3.71256936865074
"23015975100","Census Tract 9751",3.82041569455757
