"GEOID","NAMELSAD","Particulate.Matter"
"41031960301","Census Tract 9603.01",3.53769405884016
"41031960302","Census Tract 9603.02",2.50011778909329
"41031960202","Census Tract 9602.02",3.76579918462804
"41031960201","Census Tract 9602.01",4.1773873033489
"41031960100","Census Tract 9601",2.64916171328282
"41031940000","Census Tract 9400",2.54917388421246
