"GEOID","NAMELSAD","Particulate.Matter"
"46005957000","Census Tract 9570",4.34375312567887
"46005956900","Census Tract 9569",4.98679333870525
"46005956700","Census Tract 9567",3.9592441652752
"46005956800","Census Tract 9568",4.26668588653246
"46005957100","Census Tract 9571",4.27371897412338
"46005956600","Census Tract 9566",4.34768654992761
