"GEOID","NAMELSAD","Particulate.Matter"
"13141480300","Census Tract 4803",7.42750740815516
"13141480400","Census Tract 4804",7.27271966727787
