"GEOID","NAMELSAD","Particulate.Matter"
"22003950500","Census Tract 9505",8.05048860553491
"22003950400","Census Tract 9504",8.07037663472903
"22003950100","Census Tract 9501",7.84796450602974
"22003950200","Census Tract 9502",7.79808540506535
"22003950300","Census Tract 9503",7.76694149928138
