"GEOID","NAMELSAD","Particulate.Matter"
"30105100100","Census Tract 1001",3.11182421468871
"30105940600","Census Tract 9406",2.96737100305962
"30105100500","Census Tract 1005",3.66901217630436
