"GEOID","NAMELSAD","Particulate.Matter"
"31033955000","Census Tract 9550",3.29032829792732
"31033954900","Census Tract 9549",3.23086463444465
"31033954800","Census Tract 9548",2.95312408104701
