"GEOID","NAMELSAD","Particulate.Matter"
"56011950200","Census Tract 9502",2.65025937265334
"56011950300","Census Tract 9503",2.19329424292378
