"GEOID","NAMELSAD","Particulate.Matter"
"37197050501","Census Tract 505.01",7.19647691431575
"37197050400","Census Tract 504",7.2362812347393
"37197050300","Census Tract 503",7.33064087256641
"37197050102","Census Tract 501.02",7.26791746489304
"37197050502","Census Tract 505.02",7.37699542439042
"37197050101","Census Tract 501.01",7.22525777537444
"37197050200","Census Tract 502",7.2394191476187
