"GEOID","NAMELSAD","Particulate.Matter"
"21147960400","Census Tract 9604",7.34703179348318
"21147960200","Census Tract 9602",7.26754161710337
"21147960300","Census Tract 9603",7.67437161633671
"21147960100","Census Tract 9601",7.57662733630061
