"GEOID","NAMELSAD","Particulate.Matter"
"48281950301","Census Tract 9503.01",6.48164893363089
"48281950500","Census Tract 9505",6.26937151586993
"48281950400","Census Tract 9504",6.44214969383207
"48281950100","Census Tract 9501",6.07792038515704
"48281950302","Census Tract 9503.02",6.11652804343633
