"GEOID","NAMELSAD","Particulate.Matter"
"48295950200","Census Tract 9502",4.9300666150622
"48295950300","Census Tract 9503",4.91571588664248
