"GEOID","NAMELSAD","Particulate.Matter"
"56033000500","Census Tract 5",2.98164684657434
"56033000300","Census Tract 3",5.27942779962785
"56033000400","Census Tract 4",5.02789382647998
"56033000600","Census Tract 6",2.38200031731528
"56033000100","Census Tract 1",4.5897866411571
"56033000200","Census Tract 2",5.521218632603
