"GEOID","NAMELSAD","Particulate.Matter"
"17175951400","Census Tract 9514",6.30904607553677
"17175951500","Census Tract 9515",6.43041143742766
