"GEOID","NAMELSAD","Particulate.Matter"
"13233010300","Census Tract 103",8.12081710276967
"13233010500","Census Tract 105",8.20199333324546
"13233010100","Census Tract 101",8.77026415311687
"13233010700","Census Tract 107",8.41733561201551
"13233010600","Census Tract 106",8.41183732729414
"13233010400","Census Tract 104",8.14479742798711
"13233010200","Census Tract 102",8.38869760051812
