"GEOID","NAMELSAD","Particulate.Matter"
"13279970300","Census Tract 9703",7.30910782859367
"13279970100","Census Tract 9701",7.1972605371474
"13279970600","Census Tract 9706",7.29770794891297
"13279970200","Census Tract 9702",7.22953800344612
"13279970400","Census Tract 9704",7.15163816816207
"13279970500","Census Tract 9705",7.18042404864501
