"GEOID","NAMELSAD","Particulate.Matter"
"12123950400","Census Tract 9504",6.68720813738785
"12123950300","Census Tract 9503",6.97751866968861
"12123950100","Census Tract 9501",6.98039735514312
"12123950200","Census Tract 9502",6.96765368313244
