"GEOID","NAMELSAD","Particulate.Matter"
"01091972900","Census Tract 9729",7.99018744905629
"01091973300","Census Tract 9733",7.9609794102332
"01091973400","Census Tract 9734",7.9266379595319
"01091973000","Census Tract 9730",7.77755651207512
"01091973100","Census Tract 9731",7.6753702654302
"01091973200","Census Tract 9732",7.75155482883447
