"GEOID","NAMELSAD","Particulate.Matter"
"30007000200","Census Tract 2",4.01041835186002
"30007000100","Census Tract 1",6.70369859735655
