"GEOID","NAMELSAD","Particulate.Matter"
"17083010200","Census Tract 102",6.19220058148387
"17083010500","Census Tract 105",6.21737983528551
"17083010100","Census Tract 101",6.35766430220294
"17083010300","Census Tract 103",6.43731132139791
"17083010402","Census Tract 104.02",6.33696002782786
"17083010401","Census Tract 104.01",6.33265403920801
