"GEOID","NAMELSAD","Particulate.Matter"
"55137960200","Census Tract 9602",5.27659050077483
"55137960600","Census Tract 9606",5.52006981919756
"55137960400","Census Tract 9604",5.08184102827239
"55137960700","Census Tract 9607",5.64873898814446
"55137960100","Census Tract 9601",5.48609501183808
"55137960300","Census Tract 9603",4.96891396449245
"55137960800","Census Tract 9608",5.40803876757422
