"GEOID","NAMELSAD","Particulate.Matter"
"54101970200","Census Tract 9702",6.00024949200908
"54101970300","Census Tract 9703",5.12814240074902
"54101970100","Census Tract 9701",6.21454845628714
