"GEOID","NAMELSAD","Particulate.Matter"
"37173960302","Census Tract 9603.02",7.69146695896566
"37173960301","Census Tract 9603.01",8.38324641742562
"37173980200","Census Tract 9802",6.05273716045169
"37173940100","Census Tract 9401",7.38273242339091
"37173960200","Census Tract 9602",8.87326790915665
