"GEOID","NAMELSAD","Particulate.Matter"
"22023970201","Census Tract 9702.01",7.54835060000315
"22023970100","Census Tract 9701",7.56258772779788
