"GEOID","NAMELSAD","Particulate.Matter"
"46053971100","Census Tract 9711",3.31203555875021
"46053971200","Census Tract 9712",3.35539560259621
