"GEOID","NAMELSAD","Particulate.Matter"
"38049955900","Census Tract 9559",3.05680382598981
"38049955600","Census Tract 9556",3.08846478038184
