"GEOID","NAMELSAD","Particulate.Matter"
"20131480100","Census Tract 4801",5.07240671763298
"20131480300","Census Tract 4803",5.03389291998535
"20131480200","Census Tract 4802",5.13877310021631
