"GEOID","NAMELSAD","Particulate.Matter"
"29203470100","Census Tract 4701",6.05460463419764
"29203470200","Census Tract 4702",5.91219269787205
