"GEOID","NAMELSAD","Particulate.Matter"
"30085080100","Census Tract 801",3.12594238622112
"30085940002","Census Tract 9400.02",3.14406249763984
"30085940001","Census Tract 9400.01",2.84651576753213
