"GEOID","NAMELSAD","Particulate.Matter"
"19183960400","Census Tract 9604",6.35236891722392
"19183960500","Census Tract 9605",6.52381787147819
"19183960300","Census Tract 9603",6.39848804309112
"19183960200","Census Tract 9602",6.3994653128713
"19183960100","Census Tract 9601",6.40142705872341
