"GEOID","NAMELSAD","Particulate.Matter"
"35057963600","Census Tract 9636",3.28147479566113
"35057963700","Census Tract 9637",3.20768692445245
"35057963201","Census Tract 9632.01",3.33298152211439
"35057963202","Census Tract 9632.02",3.39608267222682
