"GEOID","NAMELSAD","Particulate.Matter"
"27105105600","Census Tract 1056",5.37199260907141
"27105105100","Census Tract 1051",5.32068078270906
"27105105500","Census Tract 1055",5.41170419808835
"27105105300","Census Tract 1053",5.42653989582126
"27105105200","Census Tract 1052",5.35033781830149
"27105105400","Census Tract 1054",5.52160963576511
