"GEOID","NAMELSAD","Particulate.Matter"
"19129040202","Census Tract 402.02",6.00824785519641
"19129040201","Census Tract 402.01",5.98595189055266
"19129040100","Census Tract 401",5.83299097645646
"19129040302","Census Tract 403.02",6.0480266976453
"19129040301","Census Tract 403.01",6.17066682168454
