"GEOID","NAMELSAD","Particulate.Matter"
"31025965700","Census Tract 9657",6.17716696255011
"31025966100","Census Tract 9661",6.00842768366168
"31025965600","Census Tract 9656",6.07811835414486
"31025965800","Census Tract 9658",5.95655297899501
"31025966000","Census Tract 9660",5.86540346463651
"31025965900","Census Tract 9659",5.91078988073562
