"GEOID","NAMELSAD","Particulate.Matter"
"17139976900","Census Tract 9769",6.95738447930693
"17139977200","Census Tract 9772",7.4214416356358
"17139977100","Census Tract 9771",6.97421071718832
"17139977000","Census Tract 9770",6.8626842711762
