"GEOID","NAMELSAD","Particulate.Matter"
"42131400100","Census Tract 4001",6.7002363643404
"42131400600","Census Tract 4006",6.7092976364305
"42131400500","Census Tract 4005",7.5682013167849
"42131400200","Census Tract 4002",5.94449976550863
"42131400700","Census Tract 4007",6.28903517560534
"42131400300","Census Tract 4003",6.85712048690954
"42131400400","Census Tract 4004",7.32215439019433
