"GEOID","NAMELSAD","Particulate.Matter"
"28085950100","Census Tract 9501",7.25444033510777
"28085950600","Census Tract 9506",7.38686850341905
"28085950500","Census Tract 9505",7.59152756157982
"28085950400","Census Tract 9504",6.86375089330427
"28085950200","Census Tract 9502",7.0822881654085
"28085950300","Census Tract 9503",7.07394328694451
