"GEOID","NAMELSAD","Particulate.Matter"
"27101900100","Census Tract 9001",5.04079641078097
"27101900300","Census Tract 9003",5.17257436847149
"27101900200","Census Tract 9002",5.19723401926892
