"GEOID","NAMELSAD","Particulate.Matter"
"31181965100","Census Tract 9651",4.20413932902741
"31181965000","Census Tract 9650",4.31158757392236
