"GEOID","NAMELSAD","Particulate.Matter"
"21001970600","Census Tract 9706",7.07555760969839
"21001970200","Census Tract 9702",7.34506667578906
"21001970500","Census Tract 9705",6.90718625181756
"21001970100","Census Tract 9701",7.38412376340911
"21001970300","Census Tract 9703",7.24374544290122
"21001970401","Census Tract 9704.01",7.14395823579697
"21001970402","Census Tract 9704.02",7.32416803992566
