"GEOID","NAMELSAD","Particulate.Matter"
"13241970302","Census Tract 9703.02",8.7402842744097
"13241970202","Census Tract 9702.02",7.86191998066545
"13241970201","Census Tract 9702.01",7.4906711086147
"13241970301","Census Tract 9703.01",7.7889673713422
"13241970100","Census Tract 9701",7.26725445138451
