"GEOID","NAMELSAD","Particulate.Matter"
"29107090602","Census Tract 906.02",5.94690182394769
"29107090601","Census Tract 906.01",5.98049055670127
"29107090500","Census Tract 905",5.89305749897705
"29107090200","Census Tract 902",5.91834176413911
"29107090100","Census Tract 901",6.05239090323976
"29107090400","Census Tract 904",5.86234017772262
"29107090300","Census Tract 903",5.89758789685502
