"GEOID","NAMELSAD","Particulate.Matter"
"47173040100","Census Tract 401",8.35736034679687
"47173040201","Census Tract 402.01",8.39672666887177
"47173040300","Census Tract 403",8.68277977056098
"47173040202","Census Tract 402.02",8.7775953894294
