"GEOID","NAMELSAD","Particulate.Matter"
"45039960400","Census Tract 9604",7.66943452816411
"45039960100","Census Tract 9601",7.81862894062998
"45039960500","Census Tract 9605",7.36571210130191
"45039960300","Census Tract 9603",7.42350630447263
"45039960200","Census Tract 9602",7.54008673239247
