"GEOID","NAMELSAD","Particulate.Matter"
"17127970400","Census Tract 9704",7.9578698264852
"17127970300","Census Tract 9703",7.86706077810753
"17127970100","Census Tract 9701",7.90704499569617
"17127970200","Census Tract 9702",8.1374281561765
