"GEOID","NAMELSAD","Particulate.Matter"
"05103950600","Census Tract 9506",7.32827572174225
"05103950300","Census Tract 9503",7.18917775678062
"05103950200","Census Tract 9502",7.16338509010429
"05103950400","Census Tract 9504",7.39187160610552
"05103950100","Census Tract 9501",7.25459040656113
"05103950500","Census Tract 9505",7.38577831064609
