"GEOID","NAMELSAD","Particulate.Matter"
"31119960801","Census Tract 9608.01",6.01601271982519
"31119960802","Census Tract 9608.02",5.01976344327012
"31119961200","Census Tract 9612",4.6528926750013
"31119961300","Census Tract 9613",4.89722600210587
"31119961100","Census Tract 9611",5.15832336884434
"31119960600","Census Tract 9606",5.45834087222221
"31119960700","Census Tract 9607",5.33349397051473
"31119960900","Census Tract 9609",6.71440649291789
"31119961000","Census Tract 9610",6.84705901749194
