"GEOID","NAMELSAD","Particulate.Matter"
"46093020500","Census Tract 205",2.77876274129889
"46093020301","Census Tract 203.01",2.21865652375314
"46093020200","Census Tract 202",3.53056669679532
"46093020302","Census Tract 203.02",3.43605678883922
"46093020400","Census Tract 204",2.68910562722626
