"GEOID","NAMELSAD","Particulate.Matter"
"46029954100","Census Tract 9541",4.20992725975377
"46029954502","Census Tract 9545.02",4.55265711353314
"46029954600","Census Tract 9546",4.30768833246657
"46029954301","Census Tract 9543.01",4.86958224891703
"46029954302","Census Tract 9543.02",4.74815045818711
"46029954501","Census Tract 9545.01",4.34845927449143
"46029954400","Census Tract 9544",5.41396623025168
