"GEOID","NAMELSAD","Particulate.Matter"
"19031450400","Census Tract 4504",6.7679088395552
"19031450200","Census Tract 4502",6.28567255509371
"19031450500","Census Tract 4505",6.66320799603405
"19031450300","Census Tract 4503",6.54478068420662
"19031450100","Census Tract 4501",6.50342025844218
