"GEOID","NAMELSAD","Particulate.Matter"
"31061964700","Census Tract 9647",4.13110927573337
"31061964600","Census Tract 9646",4.15842570417144
