"GEOID","NAMELSAD","Particulate.Matter"
"55091950200","Census Tract 9502",5.15684290510946
"55091950100","Census Tract 9501",4.69007095809108
