"GEOID","NAMELSAD","Particulate.Matter"
"19105070300","Census Tract 703",6.2923342103845
"19105070100","Census Tract 701",6.15327166751451
"19105070600","Census Tract 706",6.20754997436922
"19105070400","Census Tract 704",6.26589114450324
"19105070500","Census Tract 705",6.29878155356484
