"GEOID","NAMELSAD","Particulate.Matter"
"16021970100","Census Tract 9701",4.11593806491575
"16021970200","Census Tract 9702",2.61754459262475
