"GEOID","NAMELSAD","Particulate.Matter"
"13243790200","Census Tract 7902",7.13161149547411
"13243790100","Census Tract 7901",7.10874887040606
