"GEOID","NAMELSAD","Particulate.Matter"
"29133950400","Census Tract 9504",7.93769188353483
"29133950100","Census Tract 9501",7.74349446464309
"29133950200","Census Tract 9502",7.76581926316891
"29133950300","Census Tract 9503",7.62231465449798
