"GEOID","NAMELSAD","Particulate.Matter"
"28015950200","Census Tract 9502",6.91527668170315
"28015950100","Census Tract 9501",6.95428223551619
