"GEOID","NAMELSAD","Particulate.Matter"
"48285000300","Census Tract 3",6.86130090435297
"48285000500","Census Tract 5",6.69315457035603
"48285000400","Census Tract 4",6.75974686257053
"48285000600","Census Tract 6",6.66757423943116
"48285000200","Census Tract 2",7.01344149078663
"48285000100","Census Tract 1",6.78078110241051
