"GEOID","NAMELSAD","Particulate.Matter"
"20113788100","Census Tract 7881",4.96240441510956
"20113788300","Census Tract 7883",4.94588691603479
"20113788700","Census Tract 7887",5.28273303261
"20113788200","Census Tract 7882",5.05679798114794
"20113788400","Census Tract 7884",5.21036223392822
"20113788500","Census Tract 7885",6.58642365824428
"20113788600","Census Tract 7886",5.38430511912956
