"GEOID","NAMELSAD","Particulate.Matter"
"29169470102","Census Tract 4701.02",5.86738445786778
"29169470400","Census Tract 4704",6.03783353056094
"29169470500","Census Tract 4705",5.94530049025596
"29169470390","Census Tract 4703.90",5.97361330030714
"29169470287","Census Tract 4702.87",6.09582018036202
"29169470286","Census Tract 4702.86",5.90336537233781
"29169470101","Census Tract 4701.01",5.7861337429775
"29169470389","Census Tract 4703.89",6.19352054740386
"29169470600","Census Tract 4706",5.98245128914326
