"GEOID","NAMELSAD","Particulate.Matter"
"28073020202","Census Tract 202.02",7.15093455204523
"28073020302","Census Tract 203.02",7.51144493298025
"28073020201","Census Tract 202.01",7.08049761515012
"28073020301","Census Tract 203.01",7.19213924794266
"28073020500","Census Tract 205",6.91911159816757
"28073020600","Census Tract 206",7.01246956367345
"28073020100","Census Tract 201",6.99900307469184
"28073020400","Census Tract 204",6.97190310339394
