"GEOID","NAMELSAD","Particulate.Matter"
"12043000200","Census Tract 2",6.97979954034123
"12043000300","Census Tract 3",6.92067284546247
"12043000100","Census Tract 1",6.79193972390765
