"GEOID","NAMELSAD","Particulate.Matter"
"13131950200","Census Tract 9502",6.9342687880564
"13131950600","Census Tract 9506",7.04004319943138
"13131950300","Census Tract 9503",7.12734619402574
"13131950400","Census Tract 9504",7.0912020867497
"13131950500","Census Tract 9505",7.06405308209749
"13131950100","Census Tract 9501",7.380078973356
