"GEOID","NAMELSAD","Particulate.Matter"
"22035000200","Census Tract 2",7.54770594131768
"22035000300","Census Tract 3",7.7624371671304
"22035000100","Census Tract 1",7.49650054954711
