"GEOID","NAMELSAD","Particulate.Matter"
"30023000400","Census Tract 4",3.07230046986955
"30023000300","Census Tract 3",4.33720517915813
"30023000500","Census Tract 5",2.90466993648239
