"GEOID","NAMELSAD","Particulate.Matter"
"31067965100","Census Tract 9651",5.68636322216393
"31067964700","Census Tract 9647",5.14764001719687
"31067965200","Census Tract 9652",5.17491976562404
"31067964800","Census Tract 9648",5.17339240883539
"31067964600","Census Tract 9646",5.40622571376454
"31067965000","Census Tract 9650",6.37338042171148
"31067964900","Census Tract 9649",5.35254891947215
