"GEOID","NAMELSAD","Particulate.Matter"
"08009964700","Census Tract 9647",3.94207922196638
"08009964600","Census Tract 9646",3.89489444675469
