"GEOID","NAMELSAD","Particulate.Matter"
"17193958400","Census Tract 9584",7.97896691813575
"17193958300","Census Tract 9583",7.85813306259568
"17193958200","Census Tract 9582",7.87943556252585
"17193958000","Census Tract 9580",8.04836254266962
"17193958100","Census Tract 9581",7.96946462101593
