"GEOID","NAMELSAD","Particulate.Matter"
"29141470400","Census Tract 4704",5.99075864093352
"29141470300","Census Tract 4703",5.69711055329201
"29141470100","Census Tract 4701",5.91700849299212
"29141470500","Census Tract 4705",5.98239091903948
"29141470200","Census Tract 4702",5.68964088716224
