"GEOID","NAMELSAD","Particulate.Matter"
"54083966500","Census Tract 9665",5.2830084848953
"54083966400","Census Tract 9664",6.40829917758865
"54083966300","Census Tract 9663",5.14779799188992
"54083966000","Census Tract 9660",6.43728989730119
"54083966100","Census Tract 9661",6.93925134714953
"54083965900","Census Tract 9659",5.64569869081087
"54083966200","Census Tract 9662",6.19131160741525
