"GEOID","NAMELSAD","Particulate.Matter"
"05071952200","Census Tract 9522",7.16225699715575
"05071952100","Census Tract 9521",7.3164783082424
"05071952000","Census Tract 9520",7.5471982698584
"05071951900","Census Tract 9519",7.2929797023831
"05071951800","Census Tract 9518",7.26048812635882
"05071951700","Census Tract 9517",6.17800786616129
