"GEOID","NAMELSAD","Particulate.Matter"
"18101950100","Census Tract 9501",7.26760758861552
"18101950200","Census Tract 9502",7.75079918747784
"18101950300","Census Tract 9503",7.53699848965384
