"GEOID","NAMELSAD","Particulate.Matter"
"26101000300","Census Tract 3",4.52315884980826
"26101000400","Census Tract 4",4.80382029509857
"26101000700","Census Tract 7",5.03770406786532
"26101000600","Census Tract 6",4.71319870646589
"26101000800","Census Tract 8",5.84569593655608
"26101000900","Census Tract 9",5.82335288176978
"26101000500","Census Tract 5",4.64639257347039
"26101000100","Census Tract 1",4.47973767830838
"26101000200","Census Tract 2",4.3969423739932
