"GEOID","NAMELSAD","Particulate.Matter"
"13065970200","Census Tract 9702",6.89371773203308
"13065970100","Census Tract 9701",7.01570587015373
