"GEOID","NAMELSAD","Particulate.Matter"
"48343950300","Census Tract 9503",5.9309253848447
"48343950200","Census Tract 9502",6.18190127705408
"48343950100","Census Tract 9501",6.36341994672212
