"GEOID","NAMELSAD","Particulate.Matter"
"27031480200","Census Tract 4802",2.64499561684055
"27031480100","Census Tract 4801",2.52262313049586
