"GEOID","NAMELSAD","Particulate.Matter"
"29186960300","Census Tract 9603",6.61552053669235
"29186960100","Census Tract 9601",6.23122755032525
"29186960200","Census Tract 9602",7.28311918967802
"29186960400","Census Tract 9604",6.35818694678339
