"GEOID","NAMELSAD","Particulate.Matter"
"18119955900","Census Tract 9559",7.27256873675755
"18119955800","Census Tract 9558",7.38361432566112
"18119955600","Census Tract 9556",7.09697805032957
"18119955700","Census Tract 9557",7.30497175372607
"18119955500","Census Tract 9555",7.3273354931246
