"GEOID","NAMELSAD","Particulate.Matter"
"13109970200","Census Tract 9702",7.07123565834651
"13109970100","Census Tract 9701",7.14207817366217
"13109970300","Census Tract 9703",6.99161708014368
