"GEOID","NAMELSAD","Particulate.Matter"
"13049010100","Census Tract 101",6.93791258813486
"13049010200","Census Tract 102",7.06723008836896
