"GEOID","NAMELSAD","Particulate.Matter"
"27059130302","Census Tract 1303.02",5.09663606714874
"27059130501","Census Tract 1305.01",5.21233035182053
"27059130200","Census Tract 1302",5.0632955369358
"27059130600","Census Tract 1306",5.20997475934717
"27059130100","Census Tract 1301",4.88079166855126
"27059130400","Census Tract 1304",5.19969541455866
"27059130502","Census Tract 1305.02",5.1759340019335
"27059130301","Census Tract 1303.01",5.1851449265979
