"GEOID","NAMELSAD","Particulate.Matter"
"29175490600","Census Tract 4906",5.89390122202805
"29175490100","Census Tract 4901",5.87127496852324
"29175490500","Census Tract 4905",6.53372054120349
"29175490400","Census Tract 4904",6.23299352039454
"29175490300","Census Tract 4903",6.64064231581274
"29175490200","Census Tract 4902",5.90278716870014
