"GEOID","NAMELSAD","Particulate.Matter"
"29027070700","Census Tract 707",6.03846159226406
"29027070600","Census Tract 706",5.87660696079972
"29027070100","Census Tract 701",5.76954448300854
"29027070400","Census Tract 704",6.05890512369915
"29027070500","Census Tract 705",5.79931976527902
"29027070300","Census Tract 703",5.93602562823903
"29027070800","Census Tract 708",6.32840933236837
"29027070200","Census Tract 702",5.7202929700814
