"GEOID","NAMELSAD","Particulate.Matter"
"48429950500","Census Tract 9505",5.75411658674801
"48429950300","Census Tract 9503",5.80483999949437
"48429950200","Census Tract 9502",6.01525535513731
