"GEOID","NAMELSAD","Particulate.Matter"
"47143975402","Census Tract 9754.02",9.43010526510467
"47143975300","Census Tract 9753",7.83876845208839
"47143975200","Census Tract 9752",8.33995786689617
"47143975000","Census Tract 9750",8.65731145572449
"47143975100","Census Tract 9751",8.73396373080447
"47143975401","Census Tract 9754.01",9.11930914459523
