"GEOID","NAMELSAD","Particulate.Matter"
"51183870201","Census Tract 8702.01",6.11840900481181
"51183870202","Census Tract 8702.02",6.14539807466242
"51183870300","Census Tract 8703",6.0409245479331
"51183870400","Census Tract 8704",5.9701110419917
"51183870100","Census Tract 8701",6.21927547888701
