"GEOID","NAMELSAD","Particulate.Matter"
"31031955800","Census Tract 9558",2.93078921247883
"31031955900","Census Tract 9559",2.90178904498251
