"GEOID","NAMELSAD","Particulate.Matter"
"48223950500","Census Tract 9505",6.32442753879688
"48223950800","Census Tract 9508",6.18734461076311
"48223950100","Census Tract 9501",6.40896653354782
"48223950600","Census Tract 9506",6.40900699830432
"48223950700","Census Tract 9507",6.09103511364656
"48223950200","Census Tract 9502",6.30549822856736
"48223950300","Census Tract 9503",6.34146810259885
"48223950402","Census Tract 9504.02",6.44432201791719
"48223950401","Census Tract 9504.01",6.80771774248582
