"GEOID","NAMELSAD","Particulate.Matter"
"48249950100","Census Tract 9501",7.06755683396899
"48249950300","Census Tract 9503",7.65140233545282
"48249950700","Census Tract 9507",7.39679376286722
"48249950200","Census Tract 9502",7.30302509088277
"48249950400","Census Tract 9504",7.64929772939803
"48249950500","Census Tract 9505",7.49619097772185
"48249950600","Census Tract 9506",7.76699202560729
