"GEOID","NAMELSAD","Particulate.Matter"
"29039870100","Census Tract 8701",6.32149714829452
"29039870300","Census Tract 8703",6.46608832181823
"29039870200","Census Tract 8702",6.29975891759251
