"GEOID","NAMELSAD","Particulate.Matter"
"53043960200","Census Tract 9602",3.21271327294674
"53043960300","Census Tract 9603",3.01393930625006
"53043960400","Census Tract 9604",2.68392932109657
"53043960100","Census Tract 9601",3.30220877282911
