"GEOID","NAMELSAD","Particulate.Matter"
"51029930102","Census Tract 9301.02",5.7031687991803
"51029930202","Census Tract 9302.02",5.84917414636657
"51029930101","Census Tract 9301.01",5.87681106541828
"51029930201","Census Tract 9302.01",5.70634931585326
