"GEOID","NAMELSAD","Particulate.Matter"
"19011960200","Census Tract 9602",6.36323327128491
"19011960500","Census Tract 9605",6.36758716632097
"19011960100","Census Tract 9601",6.15111222738658
"19011960700","Census Tract 9607",6.39600680743092
"19011960400","Census Tract 9604",6.35518051071343
"19011960300","Census Tract 9603",6.42849745170274
"19011960600","Census Tract 9606",6.37820114623491
