"GEOID","NAMELSAD","Particulate.Matter"
"21233960400","Census Tract 9604",8.12511009709469
"21233960300","Census Tract 9603",8.14008618312164
"21233960100","Census Tract 9601",8.66382928709239
"21233960200","Census Tract 9602",8.15007261827678
