"GEOID","NAMELSAD","Particulate.Matter"
"21133950401","Census Tract 9504.01",6.72260946275983
"21133950402","Census Tract 9504.02",6.70058934182477
"21133950100","Census Tract 9501",6.41468824149544
"21133950200","Census Tract 9502",6.52561350976571
"21133950300","Census Tract 9503",6.55981192329829
"21133950600","Census Tract 9506",6.87147611340796
"21133950500","Census Tract 9505",5.89370178830267
