"GEOID","NAMELSAD","Particulate.Matter"
"49021110701","Census Tract 1107.01",5.43319670486957
"49021110600","Census Tract 1106",3.43634217895226
"49021110200","Census Tract 1102",5.38729190670089
"49021110400","Census Tract 1104",6.67542418960406
"49021110100","Census Tract 1101",4.21342205464491
"49021110500","Census Tract 1105",4.08434705302875
"49021110300","Census Tract 1103",4.80578793336581
"49021110702","Census Tract 1107.02",4.09646090579018
