"GEOID","NAMELSAD","Particulate.Matter"
"48107950100","Census Tract 9501",4.78991638373881
"48107950300","Census Tract 9503",4.86769200312672
"48107950200","Census Tract 9502",4.79941810307741
