"GEOID","NAMELSAD","Particulate.Matter"
"39001770200","Census Tract 7702",7.32850183038699
"39001770500","Census Tract 7705",6.82345368533397
"39001770600","Census Tract 7706",7.35765405017712
"39001770300","Census Tract 7703",7.24419669025344
"39001770100","Census Tract 7701",7.08646069864329
"39001770400","Census Tract 7704",6.87881946390574
