"GEOID","NAMELSAD","Particulate.Matter"
"18121030400","Census Tract 304",7.36026238192279
"18121030300","Census Tract 303",7.39669315444223
"18121030100","Census Tract 301",7.35809955441078
"18121030200","Census Tract 302",7.34107709633141
