"GEOID","NAMELSAD","Particulate.Matter"
"40133583100","Census Tract 5831",7.05320225359166
"40133583300","Census Tract 5833",7.19610539618176
"40133583800","Census Tract 5838",6.86449788368083
"40133583200","Census Tract 5832",7.15489780526969
"40133583400","Census Tract 5834",7.23459662133162
"40133583600","Census Tract 5836",7.37665041598293
"40133583700","Census Tract 5837",6.98832995400564
"40133583900","Census Tract 5839",6.89961074199096
"40133583500","Census Tract 5835",7.58199545343362
