"GEOID","NAMELSAD","Particulate.Matter"
"50013020200","Census Tract 202",5.27428475249219
"50013020100","Census Tract 201",5.10521816975956
