"GEOID","NAMELSAD","Particulate.Matter"
"39051040800","Census Tract 408",7.23693822049009
"39051040900","Census Tract 409",7.2785490594526
"39051040600","Census Tract 406",7.26750839276929
"39051040100","Census Tract 401",7.6529440404609
"39051040200","Census Tract 402",7.57242629308002
"39051040500","Census Tract 405",7.52060677108867
"39051040300","Census Tract 403",7.50669273734688
"39051040700","Census Tract 407",7.32133406174005
"39051040400","Census Tract 404",7.72977108200253
