"GEOID","NAMELSAD","Particulate.Matter"
"21127930400","Census Tract 9304",6.88199067689601
"21127930200","Census Tract 9302",6.79259768017849
"21127930500","Census Tract 9305",6.92180294780741
"21127930100","Census Tract 9301",6.95469249882115
"21127930300","Census Tract 9303",6.731032065583
