"GEOID","NAMELSAD","Particulate.Matter"
"18001030400","Census Tract 304",7.46509788962604
"18001030600","Census Tract 306",7.89957271059408
"18001030100","Census Tract 301",7.27359319228273
"18001030500","Census Tract 305",7.52300956089194
"18001030700","Census Tract 307",7.45766366275944
"18001030200","Census Tract 302",7.61230269808287
"18001030300","Census Tract 303",7.58101167717039
