"GEOID","NAMELSAD","Particulate.Matter"
"31137967000","Census Tract 9670",4.40895647687902
"31137967200","Census Tract 9672",4.27411620154628
"31137967100","Census Tract 9671",4.32042294843301
