"GEOID","NAMELSAD","Particulate.Matter"
"31101000100","Census Tract 1",4.64774618684443
"31101000200","Census Tract 2",3.48237561910855
"31101000300","Census Tract 3",3.30963627316562
