"GEOID","NAMELSAD","Particulate.Matter"
"31027977200","Census Tract 9772",5.00111022756103
"31027977100","Census Tract 9771",5.11753856235608
