"GEOID","NAMELSAD","Particulate.Matter"
"05021950200","Census Tract 9502",7.63930302626866
"05021950100","Census Tract 9501",7.5824553797289
"05021950600","Census Tract 9506",7.46896353294873
"05021950500","Census Tract 9505",7.56467521689246
"05021950300","Census Tract 9503",7.87616101070492
"05021950400","Census Tract 9504",7.94618508978453
