"GEOID","NAMELSAD","Particulate.Matter"
"48275950200","Census Tract 9502",5.17748885513653
"48275950100","Census Tract 9501",5.03756965018085
