"GEOID","NAMELSAD","Particulate.Matter"
"28021950200","Census Tract 9502",7.39382384928687
"28021950100","Census Tract 9501",7.48278384946786
"28021950300","Census Tract 9503",7.40074238609834
