"GEOID","NAMELSAD","Particulate.Matter"
"27065480100","Census Tract 4801",4.30273880188587
"27065480200","Census Tract 4802",4.46658256509976
"27065480300","Census Tract 4803",4.70878291603365
"27065480400","Census Tract 4804",4.72706141407626
