"GEOID","NAMELSAD","Particulate.Matter"
"54087963100","Census Tract 9631",6.47255062831496
"54087962900","Census Tract 9629",6.37585217068352
"54087962800","Census Tract 9628",6.2824548193211
"54087963000","Census Tract 9630",6.36443265245532
