"GEOID","NAMELSAD","Particulate.Matter"
"45029970300","Census Tract 9703",7.18901413483164
"45029970100","Census Tract 9701",7.05910205488713
"45029970800","Census Tract 9708",7.0873559712105
"45029970600","Census Tract 9706",7.18980201123522
"45029970200","Census Tract 9702",7.18324938203217
"45029970700","Census Tract 9707",7.11104207042402
"45029970500","Census Tract 9705",7.31085386993344
"45029970401","Census Tract 9704.01",7.08824319981137
"45029970402","Census Tract 9704.02",7.18775492101085
