"GEOID","NAMELSAD","Particulate.Matter"
"54051020601","Census Tract 206.01",6.82849206829873
"54051020702","Census Tract 207.02",7.87660185359397
"54051021100","Census Tract 211",6.45185550855451
"54051020500","Census Tract 205",8.42989870280869
"54051021000","Census Tract 210",6.2857457136316
"54051020900","Census Tract 209",6.66554105323886
"54051020800","Census Tract 208",6.30070965408236
"54051021300","Census Tract 213",6.33850063071984
"54051020200","Census Tract 202",8.26486799353846
