"GEOID","NAMELSAD","Particulate.Matter"
"16035940000","Census Tract 9400",4.14616892891259
"16035970100","Census Tract 9701",3.31134959904252
