"GEOID","NAMELSAD","Particulate.Matter"
"45071950100","Census Tract 9501",7.87557323582634
"45071950300","Census Tract 9503",8.13925109377645
"45071950602","Census Tract 9506.02",7.66804502921469
"45071950201","Census Tract 9502.01",8.0918187149947
"45071950601","Census Tract 9506.01",7.84209441791289
"45071950700","Census Tract 9507",7.79436649380517
"45071950202","Census Tract 9502.02",8.10789126139684
"45071950502","Census Tract 9505.02",8.10747112006631
