"GEOID","NAMELSAD","Particulate.Matter"
"04012020602","Census Tract 206.02",8.28174296873849
"04012940200","Census Tract 9402",8.92933104386681
"04012940300","Census Tract 9403",7.5023883742969
"04012020100","Census Tract 201",6.23339790416585
"04012980000","Census Tract 9800",7.59060529853697
"04012020501","Census Tract 205.01",6.43927090454851
"04012020502","Census Tract 205.02",7.0198182470138
"04012020201","Census Tract 202.01",7.31646676844817
"04012020202","Census Tract 202.02",6.62062172643095
