"GEOID","NAMELSAD","Particulate.Matter"
"19191950500","Census Tract 9505",5.47550462790798
"19191950200","Census Tract 9502",5.46626544319078
"19191950400","Census Tract 9504",5.43561661695225
"19191950100","Census Tract 9501",5.37929892001201
"19191950300","Census Tract 9503",5.47613374681331
