"GEOID","NAMELSAD","Particulate.Matter"
"01007010003","Census Tract 100.03",8.19651153899156
"01007010004","Census Tract 100.04",7.97015526349092
"01007010001","Census Tract 100.01",8.37449683856437
"01007010002","Census Tract 100.02",8.65920708570103
