"GEOID","NAMELSAD","Particulate.Matter"
"54067950200","Census Tract 9502",6.33997825909686
"54067950600","Census Tract 9506",5.69588294785664
"54067950700","Census Tract 9507",5.77202022871823
"54067950100","Census Tract 9501",6.28090564466861
"54067950400","Census Tract 9504",5.8945083323541
"54067950300","Census Tract 9503",6.5556965534352
"54067950500","Census Tract 9505",5.36932257136451
