"GEOID","NAMELSAD","Particulate.Matter"
"05075470400","Census Tract 4704",7.3748149105747
"05075470200","Census Tract 4702",6.64342966848608
"05075470100","Census Tract 4701",7.33463030538714
"05075470300","Census Tract 4703",7.00591339993071
"05075470502","Census Tract 4705.02",7.39358409787015
"05075470501","Census Tract 4705.01",7.15625530464965
