"GEOID","NAMELSAD","Particulate.Matter"
"17051950900","Census Tract 9509",7.04681694982676
"17051950600","Census Tract 9506",6.99345022414582
"17051951000","Census Tract 9510",7.06690193730199
"17051950800","Census Tract 9508",7.27990741833605
"17051950500","Census Tract 9505",7.00498705209148
"17051950700","Census Tract 9507",6.8767025669721
"17051951100","Census Tract 9511",7.18530143205194
