"GEOID","NAMELSAD","Particulate.Matter"
"13299950800","Census Tract 9508",7.00404826131027
"13299950100","Census Tract 9501",6.96374185860886
"13299950900","Census Tract 9509",6.93313948621081
"13299950200","Census Tract 9502",6.98008953211292
"13299950600","Census Tract 9506",7.12466818665314
"13299950500","Census Tract 9505",7.11810406323603
"13299950700","Census Tract 9507",7.70113288518253
"13299950300","Census Tract 9503",7.42109719651475
"13299950400","Census Tract 9504",7.75394932868916
