"GEOID","NAMELSAD","Particulate.Matter"
"55051180200","Census Tract 1802",3.52343707634435
"55051180300","Census Tract 1803",3.88108330013962
"55051180100","Census Tract 1801",3.47062754407551
