"GEOID","NAMELSAD","Particulate.Matter"
"01013952900","Census Tract 9529",7.05362759098676
"01013953200","Census Tract 9532",7.20149978883071
"01013953500","Census Tract 9535",7.28567104704953
"01013953000","Census Tract 9530",7.28417611012937
"01013953300","Census Tract 9533",7.28414772882393
"01013952700","Census Tract 9527",7.10343626792492
"01013953100","Census Tract 9531",7.10211806990799
"01013953400","Census Tract 9534",7.22656223706701
"01013952800","Census Tract 9528",7.36725938355021
