"GEOID","NAMELSAD","Particulate.Matter"
"51141030200","Census Tract 302",6.36098636462291
"51141030100","Census Tract 301",6.23325664058468
"51141030301","Census Tract 303.01",7.00641376035911
"51141030302","Census Tract 303.02",6.80086413534607
