"GEOID","NAMELSAD","Particulate.Matter"
"24029950400","Census Tract 9504",7.3351470881739
"24029950500","Census Tract 9505",7.56592511651254
"24029950300","Census Tract 9503",7.55156228345832
"24029950100","Census Tract 9501",7.56741098285058
"24029950200","Census Tract 9502",7.6134735464778
