"GEOID","NAMELSAD","Particulate.Matter"
"54091964700","Census Tract 9647",7.5227583732327
"54091964900","Census Tract 9649",7.57199232600999
"54091964600","Census Tract 9646",7.3094360302468
"54091964800","Census Tract 9648",7.59636579270539
