"GEOID","NAMELSAD","Particulate.Matter"
"37175960100","Census Tract 9601",6.76429165965468
"37175960300","Census Tract 9603",8.09988450020625
"37175960500","Census Tract 9605",6.51929735873048
"37175960200","Census Tract 9602",7.25873783663323
"37175960600","Census Tract 9606",6.47869454332276
"37175960402","Census Tract 9604.02",6.52770768156196
"37175960401","Census Tract 9604.01",7.45048122235088
