"GEOID","NAMELSAD","Particulate.Matter"
"26113960100","Census Tract 9601",4.62990775377762
"26113960300","Census Tract 9603",4.60159848918398
"26113960200","Census Tract 9602",4.65534019858029
"26113960400","Census Tract 9604",4.81831543274916
