"GEOID","NAMELSAD","Particulate.Matter"
"12121970301","Census Tract 9703.01",6.81879477987703
"12121970500","Census Tract 9705",6.73632035489362
"12121970100","Census Tract 9701",6.74520166192237
"12121970400","Census Tract 9704",6.69351373098037
"12121970200","Census Tract 9702",6.85257193093245
"12121970600","Census Tract 9706",6.77614444999922
"12121970302","Census Tract 9703.02",6.78090984982915
