"GEOID","NAMELSAD","Particulate.Matter"
"31093970500","Census Tract 9705",4.3460950583976
"31093970600","Census Tract 9706",4.22027524403405
