"GEOID","NAMELSAD","Particulate.Matter"
"41015950302","Census Tract 9503.02",3.77710935638516
"41015950400","Census Tract 9504",3.45113486506855
"41015950301","Census Tract 9503.01",2.64611787052241
"41015950100","Census Tract 9501",2.28082050254955
"41015950200","Census Tract 9502",2.58452512852443
