"GEOID","NAMELSAD","Particulate.Matter"
"54065970700","Census Tract 9707",7.01372289698914
"54065970900","Census Tract 9709",7.08609366379393
"54065970800","Census Tract 9708",7.25312577407285
"54065971000","Census Tract 9710",6.66980740341993
