"GEOID","NAMELSAD","Particulate.Matter"
"54071970400","Census Tract 9704",5.40915330867851
"54071970600","Census Tract 9706",5.75000697430992
"54071970500","Census Tract 9705",6.06891495750906
