"GEOID","NAMELSAD","Particulate.Matter"
"18025951900","Census Tract 9519",7.25249129829324
"18025952100","Census Tract 9521",7.64330395241583
"18025952000","Census Tract 9520",7.36400490976561
