"GEOID","NAMELSAD","Particulate.Matter"
"28135950400","Census Tract 9504",6.93928822454589
"28135950100","Census Tract 9501",6.83067974911859
"28135950300","Census Tract 9503",6.95267134979619
"28135950200","Census Tract 9502",7.12663591552123
