"GEOID","NAMELSAD","Particulate.Matter"
"25019950307","Census Tract 9503.07",4.08235330793511
"25019950400","Census Tract 9504",4.0334292544123
"25019950500","Census Tract 9505",4.04221220114706
"25019950100","Census Tract 9501",4.3297174284062
"25019950200","Census Tract 9502",4.01287588990703
