"GEOID","NAMELSAD","Particulate.Matter"
"26127010800","Census Tract 108",5.135511657169
"26127010900","Census Tract 109",5.12514084315368
"26127011000","Census Tract 110",5.03621432500366
"26127010300","Census Tract 103",5.10872352864892
"26127010500","Census Tract 105",5.24506048364895
"26127010400","Census Tract 104",5.23795228028816
"26127010600","Census Tract 106",5.41567392476717
