"GEOID","NAMELSAD","Particulate.Matter"
"27159480100","Census Tract 4801",3.39279314126845
"27159480300","Census Tract 4803",3.74489135897101
"27159480200","Census Tract 4802",3.5026356053335
