"GEOID","NAMELSAD","Particulate.Matter"
"39107967600","Census Tract 9676",8.23868061798354
"39107967300","Census Tract 9673",7.85300762493968
"39107967500","Census Tract 9675",8.19320815192709
"39107967700","Census Tract 9677",7.99487158611293
"39107967800","Census Tract 9678",8.06221825670613
"39107967200","Census Tract 9672",7.77804889031229
"39107967900","Census Tract 9679",7.95087034391252
"39107968000","Census Tract 9680",7.61112661704145
"39107967400","Census Tract 9674",8.21732883768549
