"GEOID","NAMELSAD","Particulate.Matter"
"30083070100","Census Tract 701",2.96961463284611
"30083070300","Census Tract 703",3.0892417469724
"30083070400","Census Tract 704",3.24847640593172
"30083070200","Census Tract 702",2.89119504956123
