"GEOID","NAMELSAD","Particulate.Matter"
"31111959900","Census Tract 9599",4.14177442641298
"31111960600","Census Tract 9606",3.46123234942258
"31111959700","Census Tract 9597",3.53773225889806
"31111959800","Census Tract 9598",3.45258302312641
"31111960200","Census Tract 9602",5.11904898481675
"31111960500","Census Tract 9605",4.01079093548169
"31111960300","Census Tract 9603",5.57826542814073
"31111960400","Census Tract 9604",4.70675327858271
