"GEOID","NAMELSAD","Particulate.Matter"
"29225470402","Census Tract 4704.02",5.81308911825001
"29225470201","Census Tract 4702.01",6.10171519173373
"29225470301","Census Tract 4703.01",5.85816035282366
"29225470102","Census Tract 4701.02",6.03109296266795
"29225470101","Census Tract 4701.01",6.01816056921719
"29225470302","Census Tract 4703.02",5.8769586683287
"29225470202","Census Tract 4702.02",6.28684566293006
"29225470401","Census Tract 4704.01",5.60034623287856
