"GEOID","NAMELSAD","Particulate.Matter"
"30027030100","Census Tract 301",2.71472838279947
"30027030200","Census Tract 302",3.04580527295066
