"GEOID","NAMELSAD","Particulate.Matter"
"20099950300","Census Tract 9503",7.06039019615021
"20099950700","Census Tract 9507",7.05429033831679
"20099950800","Census Tract 9508",7.05657651911195
"20099950100","Census Tract 9501",7.04761718638178
"20099950500","Census Tract 9505",7.10525257592904
"20099950200","Census Tract 9502",7.98977023180741
"20099950400","Census Tract 9504",7.04224357975722
"20099950600","Census Tract 9506",7.0771476686627
