"GEOID","NAMELSAD","Particulate.Matter"
"18169102500","Census Tract 1025",7.33337392043712
"18169102700","Census Tract 1027",8.56518670842871
"18169102800","Census Tract 1028",7.98319879138338
"18169102400","Census Tract 1024",7.5321867389142
"18169102300","Census Tract 1023",7.1962351064221
"18169102600","Census Tract 1026",7.73468084683938
"18169102200","Census Tract 1022",7.35930983932691
"18169102900","Census Tract 1029",7.52467082651627
