"GEOID","NAMELSAD","Particulate.Matter"
"48377950100","Census Tract 9501",4.59801057213166
"48377950200","Census Tract 9502",5.25330689504483
