"GEOID","NAMELSAD","Particulate.Matter"
"26013000200","Census Tract 2",3.32782941788028
"26013000100","Census Tract 1",3.18445611767047
