"GEOID","NAMELSAD","Particulate.Matter"
"21229930200","Census Tract 9302",7.84968230597529
"21229930100","Census Tract 9301",7.65758665602873
"21229930300","Census Tract 9303",7.54623744859098
