"GEOID","NAMELSAD","Particulate.Matter"
"51081880102","Census Tract 8801.02",6.27664305647227
"51081880200","Census Tract 8802",6.40805431823198
"51081880101","Census Tract 8801.01",6.31593685011004
