"GEOID","NAMELSAD","Particulate.Matter"
"29211480200","Census Tract 4802",5.27968751262685
"29211480300","Census Tract 4803",5.29851600859411
"29211480100","Census Tract 4801",5.46937819164245
