"GEOID","NAMELSAD","Particulate.Matter"
"46023970100","Census Tract 9701",3.74072488037369
"46023940300","Census Tract 9403",4.20699603159228
"46023940200","Census Tract 9402",3.98471376576599
