"GEOID","NAMELSAD","Particulate.Matter"
"53001950200","Census Tract 9502",2.45309297692339
"53001950300","Census Tract 9503",2.62330454155388
"53001950400","Census Tract 9504",4.13302238653571
"53001950100","Census Tract 9501",2.47689698638788
"53001950500","Census Tract 9505",3.59235797187056
