"GEOID","NAMELSAD","Particulate.Matter"
"19001960100","Census Tract 9601",5.69711649476074
"19001960300","Census Tract 9603",5.64903005939497
"19001960200","Census Tract 9602",5.70579985504575
