"GEOID","NAMELSAD","Particulate.Matter"
"29177080200","Census Tract 802",5.97345670676807
"29177080300","Census Tract 803",6.14960868943048
"29177080100","Census Tract 801",5.91016012267857
"29177080000","Census Tract 800",5.73938827950275
