"GEOID","NAMELSAD","Particulate.Matter"
"01111000300","Census Tract 3",7.97737181057346
"01111000400","Census Tract 4",7.8071114352522
"01111000500","Census Tract 5",8.11133746239318
"01111000600","Census Tract 6",8.10331033673042
"01111000100","Census Tract 1",7.93244315713505
"01111000200","Census Tract 2",7.89598376814998
