"GEOID","NAMELSAD","Particulate.Matter"
"13163960300","Census Tract 9603",7.14222489015788
"13163960100","Census Tract 9601",7.23385052816588
"13163960200","Census Tract 9602",7.02584986921841
"13163960400","Census Tract 9604",7.26066768868702
