"GEOID","NAMELSAD","Particulate.Matter"
"20157978200","Census Tract 9782",4.46314002131342
"20157978100","Census Tract 9781",4.34975411606154
"20157978300","Census Tract 9783",4.49307853687721
