"GEOID","NAMELSAD","Particulate.Matter"
"13003960200","Census Tract 9602",7.13949761951148
"13003960300","Census Tract 9603",6.99925761870373
"13003960100","Census Tract 9601",7.21746893597558
