"GEOID","NAMELSAD","Particulate.Matter"
"21165960200","Census Tract 9602",6.57230366441952
"21165960100","Census Tract 9601",6.4116152718889
