"GEOID","NAMELSAD","Particulate.Matter"
"51036600200","Census Tract 6002",6.55142477988787
"51036600300","Census Tract 6003",6.37485254751329
"51036600100","Census Tract 6001",6.70141511743201
