"GEOID","NAMELSAD","Particulate.Matter"
"30057000300","Census Tract 3",3.15105036321782
"30057000200","Census Tract 2",3.83078578920461
"30057000100","Census Tract 1",3.67166505526656
