"GEOID","NAMELSAD","Particulate.Matter"
"47159975400","Census Tract 9754",7.73946853659051
"47159975100","Census Tract 9751",8.03886649134362
"47159975200","Census Tract 9752",7.80053301537685
"47159975000","Census Tract 9750",7.41136914810932
"47159975300","Census Tract 9753",7.89843667290065
