"GEOID","NAMELSAD","Particulate.Matter"
"48335950400","Census Tract 9504",5.47340262305011
"48335950200","Census Tract 9502",5.40322457678741
