"GEOID","NAMELSAD","Particulate.Matter"
"16051960100","Census Tract 9601",5.37259115837515
"16051960400","Census Tract 9604",4.99966202888525
"16051960300","Census Tract 9603",4.97367208169644
"16051960200","Census Tract 9602",4.97715121513537
