"GEOID","NAMELSAD","Particulate.Matter"
"05095950200","Census Tract 9502",7.52823363411432
"05095950300","Census Tract 9503",7.46580081035559
"05095950100","Census Tract 9501",7.44414845524137
