"GEOID","NAMELSAD","Particulate.Matter"
"13191110300","Census Tract 1103",7.12152819763957
"13191980000","Census Tract 9800",7.30154387827865
"13191110100","Census Tract 1101",7.08141133352938
"13191110200","Census Tract 1102",6.91532082547131
