"GEOID","NAMELSAD","Particulate.Matter"
"08105976700","Census Tract 9767",4.03641989600014
"08105976800","Census Tract 9768",4.38099531376637
"08105977000","Census Tract 9770",3.15067155983077
