"GEOID","NAMELSAD","Particulate.Matter"
"37073970300","Census Tract 9703",6.21691315548067
"37073970100","Census Tract 9701",6.08495965631319
"37073970200","Census Tract 9702",6.16864703768567
