"GEOID","NAMELSAD","Particulate.Matter"
"51083930301","Census Tract 9303.01",6.43158481222909
"51083930800","Census Tract 9308",6.72714723328673
"51083930400","Census Tract 9304",6.37356708476529
"51083930500","Census Tract 9305",6.15219001395864
"51083930100","Census Tract 9301",6.02074414816928
"51083930202","Census Tract 9302.02",6.21034274305485
"51083930600","Census Tract 9306",6.30822978384456
"51083930201","Census Tract 9302.01",6.03429753388869
"51083930302","Census Tract 9303.02",6.41221924666955
