"GEOID","NAMELSAD","Particulate.Matter"
"48371950300","Census Tract 9503",6.30445937944538
"48371950100","Census Tract 9501",5.40399493342091
"48371950400","Census Tract 9504",6.37360833049638
"48371950500","Census Tract 9505",5.10925039264963
