"GEOID","NAMELSAD","Particulate.Matter"
"29015460400","Census Tract 4604",6.00728024905739
"29015460300","Census Tract 4603",6.25787089529004
"29015460100","Census Tract 4601",5.96232427916029
"29015460800","Census Tract 4608",5.99374846579766
"29015460700","Census Tract 4607",6.41976691112716
"29015460200","Census Tract 4602",6.28927231972834
