"GEOID","NAMELSAD","Particulate.Matter"
"51157950200","Census Tract 9502",6.18175483149973
"51157950100","Census Tract 9501",5.7858301332797
