"GEOID","NAMELSAD","Particulate.Matter"
"48163950100","Census Tract 9501",6.75677481722988
"48163950300","Census Tract 9503",6.5171144754751
"48163950200","Census Tract 9502",6.43403408570475
