"GEOID","NAMELSAD","Particulate.Matter"
"12013010200","Census Tract 102",7.15719363993069
"12013010300","Census Tract 103",7.33047659781503
"12013010100","Census Tract 101",7.36345610740088
