"GEOID","NAMELSAD","Particulate.Matter"
"55125950200","Census Tract 9502",3.89424403941493
"55125950500","Census Tract 9505",4.25590391485768
"55125950600","Census Tract 9506",3.86236298067745
"55125950700","Census Tract 9507",4.11702774657841
"55125940000","Census Tract 9400",4.12397955086107
