"GEOID","NAMELSAD","Particulate.Matter"
"17107953200","Census Tract 9532",6.5806069090844
"17107953300","Census Tract 9533",6.76667273588768
"17107953400","Census Tract 9534",6.81460359828404
"17107953500","Census Tract 9535",6.63020993110126
"17107953000","Census Tract 9530",6.86213254864056
"17107953100","Census Tract 9531",6.78068251730999
"17107952900","Census Tract 9529",6.73940920793584
"17107953600","Census Tract 9536",6.74543508527971
