"GEOID","NAMELSAD","Particulate.Matter"
"27133570300","Census Tract 5703",5.18855214896258
"27133570200","Census Tract 5702",5.09418771154549
"27133570100","Census Tract 5701",5.18678471378735
