"GEOID","NAMELSAD","Particulate.Matter"
"21129950300","Census Tract 9503",7.08720676809141
"21129950200","Census Tract 9502",7.06849983950197
"21129950100","Census Tract 9501",6.85599179605343
