"GEOID","NAME","Particulate.Matter"
"33007","Coos",3.80707020309785
"33017","Strafford",4.44224900396384
"33015","Rockingham",4.85774720265987
"33009","Grafton",4.04213725482656
"33019","Sullivan",4.15827830386152
"33011","Hillsborough",4.438332635328
"33003","Carroll",4.11218384128541
"33001","Belknap",4.39491202671164
"33005","Cheshire",4.1190338314675
"33013","Merrimack",4.47755946889718
