"GEOID","NAME","Particulate.Matter"
"25017","Middlesex",5.56669252006828
"25027","Worcester",4.61637375461951
"25011","Franklin",4.54230129338301
"25013","Hampden",5.02255435230038
"25015","Hampshire",4.69215075910648
"25021","Norfolk",5.43153796729213
"25005","Bristol",5.02125431776122
"25009","Essex",5.10291318246299
"25023","Plymouth",4.61511084072446
"25003","Berkshire",4.36928907536125
