"GEOID","NAMELSAD","Particulate.Matter"
"33009","Grafton County",3.73180731037859
"33019","Sullivan County",3.93932328528959
"33005","Cheshire County",4.1779734662626
"33007","Coos County",3.6666096471612
"33013","Merrimack County",4.15347215244487
"33003","Carroll County",3.79278802327324
"33015","Rockingham County",4.81474143365092
"33011","Hillsborough County",4.52042707646852
"33017","Strafford County",4.24707840875251
"33001","Belknap County",3.9850017279646
