"GEOID","NAME","Particulate.Matter"
"13235950300","9503",7.46592672331807
"13235950100","9501",7.48925964681693
"13235950200","9502",7.48278647091559
