"GEOID","NAME","Particulate.Matter"
"27083360500","3605",5.52620279823548
"27083360200","3602",5.2402204100214
"27083360100","3601",5.32933319090019
"27083360300","3603",5.60489085666526
"27083360600","3606",4.96071061714948
"27083360700","3607",5.25479297593178
"27083360400","3604",5.62890351686359
