"GEOID","NAMELSAD","Particulate.Matter"
"45037970501","Census Tract 9705.01",7.53435147292924
"45037970202","Census Tract 9702.02",7.64221094245466
"45037970201","Census Tract 9702.01",7.57520385491372
"45037970502","Census Tract 9705.02",7.5717253805673
"45037970300","Census Tract 9703",7.4475358876881
"45037970400","Census Tract 9704",7.53535137103831
