"GEOID","NAME","Particulate.Matter"
"29197470200","4702",5.49859079068071
"29197470100","4701",5.626323090436
