"GEOID","NAME","Particulate.Matter"
"51001090200","902",6.33474724955303
"51001980200","9802",6.56131345185443
"51001980100","9801",6.69509623715838
"51001090400","904",6.56846894848533
"51001090300","903",6.37371651975816
"51001090800","908",6.53631119070753
"51001090600","906",6.61568052098832
"51001090500","905",6.55163679736141
"51001090700","907",6.41003414020841
"51001090100","901",6.73745923825587
