"GEOID","NAMELSAD","Particulate.Matter"
"26129950100","Census Tract 9501",4.65046181925844
"26129950500","Census Tract 9505",4.96985032400513
"26129950400","Census Tract 9504",4.99270943505739
"26129950300","Census Tract 9503",4.90272173983541
"26129950600","Census Tract 9506",4.9283748222753
"26129950200","Census Tract 9502",4.71327432263714
"26129950900","Census Tract 9509",5.00264263381389
