"GEOID","NAMELSAD","Particulate.Matter"
"20051073000","Census Tract 730",4.35356352234817
"20051072900","Census Tract 729",4.50333068511292
"20051072800","Census Tract 728",4.46396147190694
"20051072600","Census Tract 726",4.41569306743046
"20051072701","Census Tract 727.01",5.44546483281412
"20051072702","Census Tract 727.02",4.39858061866858
