"GEOID","NAMELSAD","Particulate.Matter"
"35028000200","Census Tract 2",2.45480728603946
"35028000500","Census Tract 5",3.26665720657426
"35028000100","Census Tract 1",3.15579418570362
"35028000400","Census Tract 4",3.33987350409042
