"GEOID","NAMELSAD","Particulate.Matter"
"19007950200","Census Tract 9502",5.57163578633444
"19007950500","Census Tract 9505",5.56966253014459
"19007950400","Census Tract 9504",5.63790769778787
"19007950300","Census Tract 9503",5.61083084358005
"19007950100","Census Tract 9501",5.75639672301216
