"GEOID","NAMELSAD","Particulate.Matter"
"53037975401","Census Tract 9754.01",4.26290334246403
"53037975500","Census Tract 9755",4.58401303467967
"53037975700","Census Tract 9757",2.72299346645786
"53037975600","Census Tract 9756",5.39546529112598
"53037975300","Census Tract 9753",2.1137932074498
"53037975100","Census Tract 9751",2.29322087627864
"53037975402","Census Tract 9754.02",4.55649780563192
"53037975200","Census Tract 9752",2.33096641837621
