"GEOID","NAME","Particulate.Matter"
"18013974800","9748",7.42362220233144
"18013974600","9746",7.33251070118065
"18013974900","9749",7.51799790777077
"18013974700","9747",7.44346008613003
