"GEOID","NAMELSAD","Particulate.Matter"
"47007953100","Census Tract 9531",8.42900999997904
"47007953000","Census Tract 9530",6.59263019494968
"47007953200","Census Tract 9532",6.71914339321862
