"GEOID","NAME","Particulate.Matter"
"54091964700","9647",7.5227583732327
"54091964900","9649",7.57199232600999
"54091964600","9646",7.3094360302468
"54091964800","9648",7.59636579270539
