"GEOID","NAME","Particulate.Matter"
"01029959600","9596",8.09660341228256
"01029959700","9597",8.12890636168319
"01029959500","9595",8.11273799002432
"01029959800","9598",8.00553432640726
