"GEOID","NAMELSAD","Particulate.Matter"
"28009950200","Census Tract 9502",6.81565570185656
"28009950100","Census Tract 9501",6.64849023833209
