"GEOID","NAMELSAD","Particulate.Matter"
"51169030400","Census Tract 304",7.52670599814453
"51169030100","Census Tract 301",8.06929634688095
"51169030200","Census Tract 302",7.63253116386868
"51169030600","Census Tract 306",8.48670462566105
"51169030300","Census Tract 303",6.74288051128073
"51169030500","Census Tract 305",7.97399115703488
