"GEOID","NAMELSAD","Particulate.Matter"
"20029977100","Census Tract 9771",4.45405819681234
"20029977300","Census Tract 9773",4.61716257660107
"20029977200","Census Tract 9772",4.482278277443
"20029977400","Census Tract 9774",4.35649555908397
