"GEOID","NAME","Particulate.Matter"
"21055930200","9302",7.31361963534386
"21055930100","9301",7.64157485988322
"21055930400","9304",7.5213826393953
"21055930300","9303",7.72638948438805
