"GEOID","NAME","Particulate.Matter"
"01007010003","100.03",8.19651153899156
"01007010004","100.04",7.97015526349092
"01007010001","100.01",8.37449683856437
"01007010002","100.02",8.65920708570103
