"GEOID","NAME","Particulate.Matter"
"45053950100","9501",7.39918184188285
"45053950300","9503",7.30649122131331
"45053950202","9502.02",7.25558857048481
"45053950201","9502.01",7.18045701197353
