"GEOID","NAME","Particulate.Matter"
"32023980500","9805",3.24259303368973
"32023960401","9604.01",4.46555440458913
"32023960406","9604.06",5.61541283949243
"32023960404","9604.04",5.90769709309431
"32023960403","9604.03",5.38898278907928
"32023960402","9604.02",6.08350786347691
"32023960405","9604.05",5.95292989106681
"32023960100","9601",3.14098400907984
"32023960200","9602",3.04637482853455
"32023960300","9603",3.70988259233719
