"GEOID","NAME","Particulate.Matter"
"27095970300","9703",4.15477366309497
"27095170500","1705",4.43383960456119
"27095170600","1706",4.68276834860331
"27095170700","1707",4.87911030506444
"27095970200","9702",3.88165087777805
"27095970100","9701",3.89644872840378
"27095170400","1704",4.53864694017319
