"GEOID","NAMELSAD","Particulate.Matter"
"13193000200","Census Tract 2",7.48531812819455
"13193000300","Census Tract 3",7.36738548967493
"13193000100","Census Tract 1",7.35178353200985
"13193000400","Census Tract 4",7.40512874041158
