"GEOID","NAME","Particulate.Matter"
"08055960600","9606",4.17180558318924
"08055960900","9609",3.44849955165345
