"GEOID","NAMELSAD","Particulate.Matter"
"48175960200","Census Tract 9602",6.64402247672467
"48175960100","Census Tract 9601",6.58162733827618
