"GEOID","NAME","Particulate.Matter"
"28053950300","9503",7.75292375743716
"28053950100","9501",7.42109648572079
"28053950200","9502",7.32319132061555
