"GEOID","NAMELSAD","Particulate.Matter"
"08095967600","Census Tract 9676",3.21294981312008
"08095967700","Census Tract 9677",3.16133014073063
