"GEOID","NAME","Particulate.Matter"
"22091951100","9511",7.09662805273635
"22091951200","9512",7.1851546583508
