"GEOID","NAME","Particulate.Matter"
"29057480100","4801",6.42132192680372
"29057480200","4802",6.52123862815086
