"GEOID","NAME","Particulate.Matter"
"06005000200","2",5.47463015998136
"06005000500","5",6.17808514444302
"06005000401","4.01",5.6044164521502
"06005000301","3.01",7.08955529279125
"06005000402","4.02",4.81821190108091
"06005000102","1.02",3.11434074926821
"06005000303","3.03",7.29668786046956
"06005000101","1.01",4.09328652415162
"06005000304","3.04",7.43129007188659
