"GEOID","NAME","Particulate.Matter"
"13147960200","9602",7.92946298385748
"13147960100","9601",7.98851751925636
"13147960400","9604",7.69873715369573
"13147960300","9603",7.60653903663612
"13147960500","9605",8.34813386406181
