"GEOID","NAMELSAD","Particulate.Matter"
"37079950200","Census Tract 9502",7.18279861020086
"37079950300","Census Tract 9503",6.91924883967885
"37079950101","Census Tract 9501.01",6.88014551855999
"37079950102","Census Tract 9501.02",6.94331118781787
