"GEOID","NAME","Particulate.Matter"
"13267950400","9504",7.27083942775478
"13267950100","9501",7.17261786794158
"13267950300","9503",7.20503745344208
"13267950202","9502.02",7.17589671805716
"13267950201","9502.01",7.19165713942088
