"GEOID","NAMELSAD","Particulate.Matter"
"27083360500","Census Tract 3605",5.52620279823548
"27083360200","Census Tract 3602",5.2402204100214
"27083360100","Census Tract 3601",5.32933319090019
"27083360300","Census Tract 3603",5.60489085666526
"27083360600","Census Tract 3606",4.96071061714948
"27083360700","Census Tract 3607",5.25479297593178
"27083360400","Census Tract 3604",5.62890351686359
