"GEOID","NAMELSAD","Particulate.Matter"
"01011952500","Census Tract 9525",7.531412893228
"01011952100","Census Tract 9521",7.42026709366371
"01011952200","Census Tract 9522",7.64054360163648
