"GEOID","NAME","Particulate.Matter"
"22041950300","9503",7.78435513041488
"22041950600","9506",7.8172309148882
"22041950500","9505",7.80466917631426
"22041950400","9504",7.63470247652598
"22041950100","9501",7.60631181639782
"22041950200","9502",7.60906504058781
