"GEOID","NAME","Particulate.Matter"
"18183050500","505",6.74997073004721
"18183050400","504",6.61819156746998
"18183050600","506",6.6377253273351
"18183050200","502",6.55620254961735
"18183050700","507",7.01470533353938
"18183050300","503",6.81256657578077
"18183050100","501",6.40961533367633
