"GEOID","NAMELSAD","Particulate.Matter"
"46027965700","Census Tract 9657",5.64149202611067
"46027965800","Census Tract 9658",5.30207253023795
"46027965900","Census Tract 9659",6.49754013011503
