"GEOID","NAME","Particulate.Matter"
"53055960100","9601",3.4778560950884
"53055960500","9605",3.30347737087828
"53055960400","9604",3.40435399068104
"53055960300","9603",3.26294345376106
