"GEOID","NAME","Particulate.Matter"
"13065970200","9702",6.89371773203308
"13065970100","9701",7.01570587015373
