"GEOID","NAME","Particulate.Matter"
"55037190100","1901",3.94233842150169
"55037190200","1902",3.99286433066792
