"GEOID","NAME","Particulate.Matter"
"29013070100","701",6.23040175413059
"29013070200","702",6.21965294195564
"29013070300","703",6.34661172920714
"29013070400","704",6.39434070597118
