"GEOID","NAME","Particulate.Matter"
"16043970100","9701",5.06353288545019
"16043970300","9703",5.77389735137527
"16043970200","9702",6.00104805073078
