"GEOID","NAME","Particulate.Matter"
"40091779700","7797",7.44516614214923
"40091779600","7796",7.45171144934063
"40091780300","7803",7.41417081071923
"40091780100","7801",7.47436592189861
"40091780200","7802",7.53333376760316
"40091779900","7799",7.20277611457944
