"GEOID","NAMELSAD","Particulate.Matter"
"01005950900","Census Tract 9509",7.73638573218282
"01005950100","Census Tract 9501",7.77911160589561
"01005950600","Census Tract 9506",7.6325260297067
"01005950200","Census Tract 9502",7.35572857658596
"01005950300","Census Tract 9503",7.29224814178883
"01005950500","Census Tract 9505",7.24260608935017
"01005950400","Census Tract 9504",7.16135290274911
"01005950700","Census Tract 9507",7.63278028400967
"01005950800","Census Tract 9508",7.61085403448331
