"GEOID","NAME","Particulate.Matter"
"56035000102","1.02",3.47160811772704
"56035000101","1.01",3.5580516280151
