"GEOID","NAME","Particulate.Matter"
"48331950402","9504.02",6.50645055466065
"48331950700","9507",5.96414312295589
"48331950100","9501",6.52044894295359
"48331950300","9503",6.18902275794934
"48331950500","9505",6.25094991316339
"48331950800","9508",6.10655599738278
"48331950401","9504.01",6.59125828349287
