"GEOID","NAMELSAD","Particulate.Matter"
"05107480100","Census Tract 4801",7.44824091037089
"05107480300","Census Tract 4803",7.31023646741176
"05107480400","Census Tract 4804",7.16415663264528
"05107480500","Census Tract 4805",7.34162202668773
"05107480200","Census Tract 4802",7.18604223191106
"05107480600","Census Tract 4806",7.28058943446281
