"GEOID","NAMELSAD","Particulate.Matter"
"47071920400","Census Tract 9204",7.16601126691544
"47071920600","Census Tract 9206",6.94878275863397
"47071920300","Census Tract 9203",7.04530639215049
"47071920500","Census Tract 9205",6.87064838319061
"47071920100","Census Tract 9201",6.82631518742593
"47071920200","Census Tract 9202",6.79717232674553
