"GEOID","NAME","Particulate.Matter"
"19089960200","9602",5.62434579565886
"19089960300","9603",5.57527111921661
"19089960100","9601",5.64338938297211
