"GEOID","NAMELSAD","Particulate.Matter"
"54005958800","Census Tract 9588",6.63587062219246
"54005958700","Census Tract 9587",6.31313575347767
"54005958400","Census Tract 9584",6.82925842218914
"54005958600","Census Tract 9586",6.51338027092861
"54005958200","Census Tract 9582",6.7944790832674
"54005958300","Census Tract 9583",6.69831896365327
"54005958502","Census Tract 9585.02",6.52603625730822
"54005958501","Census Tract 9585.01",6.60249527512338
