"GEOID","NAME","Particulate.Matter"
"39115969100","9691",6.2512602384283
"39115969000","9690",6.28763356029711
"39115968900","9689",6.48236695083434
"39115968800","9688",6.49820304598985
