"GEOID","NAMELSAD","Particulate.Matter"
"05057480100","Census Tract 4801",6.70529565247369
"05057480300","Census Tract 4803",6.92828302221467
"05057480200","Census Tract 4802",6.72188353147761
"05057480500","Census Tract 4805",7.09279935049387
"05057480400","Census Tract 4804",6.93475918247854
