"GEOID","NAMELSAD","Particulate.Matter"
"51830370100","Census Tract 3701",6.31222085789832
"51830370200","Census Tract 3702",6.37877193861714
"51830370300","Census Tract 3703",6.40255987572653
