"GEOID","NAME","Particulate.Matter"
"20157978200","9782",4.46314002131342
"20157978100","9781",4.34975411606154
"20157978300","9783",4.49307853687721
