"GEOID","NAME","Particulate.Matter"
"13283960200","9602",7.29575625959705
"13283960100","9601",7.13891739288629
