"GEOID","NAMELSAD","Particulate.Matter"
"37059080500","Census Tract 805",7.60993315072029
"37059080200","Census Tract 802",7.46578211695492
"37059080600","Census Tract 806",7.4093210688514
"37059080400","Census Tract 804",7.40709248322826
"37059080700","Census Tract 807",7.48775549391693
"37059080300","Census Tract 803",7.5192238185949
"37059080100","Census Tract 801",7.25662107568556
