"GEOID","NAME","Particulate.Matter"
"54101970200","9702",6.00024949200908
"54101970300","9703",5.12814240074902
"54101970100","9701",6.21454845628714
