"GEOID","NAME","Particulate.Matter"
"22075050100","501",5.66730271888853
"22075050800","508",5.31803569026355
"22075050200","502",6.57379264379158
"22075050400","504",5.66630699879735
"22075050600","506",5.35889760689556
"22075050300","503",6.30360674296033
"22075050500","505",5.87423600445601
"22075050700","507",5.48471354427169
