"GEOID","NAME","Particulate.Matter"
"18151971000","9710",6.83861605033856
"18151971300","9713",6.99584904913338
"18151971500","9715",6.61582749232063
"18151971200","9712",6.75716296738126
"18151971400","9714",6.73582082823264
"18151970900","9709",6.71210445606174
"18151971100","9711",6.93781757601982
"18151970800","9708",6.51551516633016
"18151971600","9716",6.75668812222971
