"GEOID","NAME","Particulate.Matter"
"21173920302","9203.02",6.96455668619358
"21173920301","9203.01",6.82181680351958
"21173920500","9205",7.2316671697988
"21173920100","9201",6.77618471766506
"21173920200","9202",7.01563085165235
"21173920400","9204",6.95943962296362
