"GEOID","NAME","Particulate.Matter"
"17069970900","9709",7.78191701359829
"17069971000","9710",7.88162984878121
