"GEOID","NAMELSAD","Particulate.Matter"
"21025920700","Census Tract 9207",7.11783577650114
"21025920600","Census Tract 9206",7.28140888042381
"21025920400","Census Tract 9204",6.94697540632748
"21025920500","Census Tract 9205",6.97827007979995
"21025920100","Census Tract 9201",6.99941887640512
"21025920300","Census Tract 9203",7.26753773345253
"21025920200","Census Tract 9202",7.08363230397959
