"GEOID","NAMELSAD","Particulate.Matter"
"47097050506","Census Tract 505.06",7.00198935405799
"47097050200","Census Tract 502",7.2224692307185
"47097050100","Census Tract 501",7.48781378152196
"47097050300","Census Tract 503",7.06075905874286
"47097050600","Census Tract 506",7.12616324716789
"47097050400","Census Tract 504",7.0174330038842
"47097050503","Census Tract 505.03",7.03698299267344
"47097050504","Census Tract 505.04",7.19226274708124
"47097050505","Census Tract 505.05",7.03337504937716
