"GEOID","NAME","Particulate.Matter"
"45039960400","9604",7.66943452816411
"45039960100","9601",7.81862894062998
"45039960500","9605",7.36571210130191
"45039960300","9603",7.42350630447263
"45039960200","9602",7.54008673239247
