"GEOID","NAMELSAD","Particulate.Matter"
"27167950100","Census Tract 9501",3.85985546543578
"27167950200","Census Tract 9502",4.19368693687483
