"GEOID","NAME","Particulate.Matter"
"16073950200","9502",2.95395338728465
"16073950101","9501.01",4.60351329830549
"16073950102","9501.02",4.90450505258392
