"GEOID","NAME","Particulate.Matter"
"56029965100","9651",3.99096915397872
"56029965400","9654",5.36030283521522
"56029965300","9653",3.85769337298503
"56029965500","9655",5.27384595207276
"56029965200","9652",4.91348065738243
