"GEOID","NAME","Particulate.Matter"
"08089968600","9686",4.87642565740621
"08089968300","9683",3.6292807409039
"08089968400","9684",3.63266856511012
"08089968000","9680",3.74332369849287
"08089968500","9685",3.59852927603702
"08089968200","9682",3.52876245837507
"08089968100","9681",3.74879175814762
