"GEOID","NAMELSAD","Particulate.Matter"
"56043000200","Census Tract 2",3.61964475342239
"56043000302","Census Tract 3.02",4.38482487107115
"56043000301","Census Tract 3.01",5.1162647194525
