"GEOID","NAME","Particulate.Matter"
"20041084400","844",5.35443006687407
"20041084600","846",5.33045068356451
"20041084300","843",5.06415854867704
"20041084200","842",4.96223192151387
"20041084500","845",4.95854716962309
"20041084100","841",4.82418362255335
