"GEOID","NAMELSAD","Particulate.Matter"
"40053956500","Census Tract 9565",6.69807240056054
"40053956400","Census Tract 9564",6.7976218543212
