"GEOID","NAME","Particulate.Matter"
"40061279400","2794",7.16530117293555
"40061279200","2792",7.29153196408338
"40061279300","2793",7.14765409175997
"40061279100","2791",7.14831556883163
