"GEOID","NAME","Particulate.Matter"
"13001950100","9501",7.30796538173229
"13001950400","9504",7.12200471698378
"13001950500","9505",7.12397084566867
"13001950300","9503",7.17584956950964
"13001950200","9502",7.11346038556485
