"GEOID","NAME","Particulate.Matter"
"37143920100","9201",6.20941471466135
"37143920202","9202.02",6.08639082394392
"37143920201","9202.01",6.2284853499826
