"GEOID","NAMELSAD","Particulate.Matter"
"54001965600","Census Tract 9656",7.17622890911524
"54001965700","Census Tract 9657",7.05764157526956
"54001965500","Census Tract 9655",6.9193138771629
"54001965800","Census Tract 9658",6.41248363343927
