"GEOID","NAME","Particulate.Matter"
"51043010300","103",6.43912764500859
"51043010200","102",7.00392778015216
"51043010100","101",7.05986356647439
