"GEOID","NAMELSAD","Particulate.Matter"
"35029000600","Census Tract 6",6.20698426264489
"35029000100","Census Tract 1",4.91040031302094
"35029000200","Census Tract 2",4.48892518285428
"35029000500","Census Tract 5",4.20204670423539
"35029000300","Census Tract 3",6.70456082435381
"35029000400","Census Tract 4",4.54295788844475
