"GEOID","NAME","Particulate.Matter"
"08109977600","9776",3.02727978189036
"08109977700","9777",3.37498865349978
