"GEOID","NAME","Particulate.Matter"
"28105950602","9506.02",7.36623235378585
"28105950100","9501",7.25440640294949
"28105950400","9504",7.44319969059418
"28105950200","9502",7.22804432850412
"28105950300","9503",7.23901658295091
"28105950700","9507",7.15034286724913
"28105950500","9505",8.17016839234614
"28105950601","9506.01",7.15473656039634
