"GEOID","NAME","Particulate.Matter"
"35007950700","9507",3.22208404484948
"35007950500","9505",3.1644047670988
"35007950600","9506",3.14399971733141
