"GEOID","NAME","Particulate.Matter"
"47101970200","9702",6.59746330002469
"47101970100","9701",6.65235294419769
