"GEOID","NAMELSAD","Particulate.Matter"
"29041470100","Census Tract 4701",5.72747969517861
"29041470200","Census Tract 4702",5.89759149382831
"29041470300","Census Tract 4703",6.07502197129798
