"GEOID","NAMELSAD","Particulate.Matter"
"27051070200","Census Tract 702",4.0131187024526
"27051070100","Census Tract 701",4.13966740805082
