"GEOID","NAMELSAD","Particulate.Matter"
"13253200200","Census Tract 2002",7.60718779421651
"13253200100","Census Tract 2001",7.55737349778437
"13253200300","Census Tract 2003",7.47835702408388
