"GEOID","NAME","Particulate.Matter"
"45067950500","9505",6.85137693473891
"45067950300","9503",7.02585806935166
"45067950800","9508",6.40071640171945
"45067950100","9501",6.77770378016229
"45067950400","9504",6.85164897756063
"45067950600","9506",6.84263124678859
"45067950700","9507",6.51917467943554
"45067950200","9502",6.94459598932808
