"GEOID","NAME","Particulate.Matter"
"54005958800","9588",6.63587062219246
"54005958700","9587",6.31313575347767
"54005958400","9584",6.82925842218914
"54005958600","9586",6.51338027092861
"54005958200","9582",6.7944790832674
"54005958300","9583",6.69831896365327
"54005958502","9585.02",6.52603625730822
"54005958501","9585.01",6.60249527512338
