"GEOID","NAME","Particulate.Matter"
"28031950100","9501",7.31173446512424
"28031950200","9502",7.50333674560679
"28031950300","9503",7.04905790779235
"28031950400","9504",7.29133563672418
