"GEOID","NAME","Particulate.Matter"
"56007967600","9676",2.80454073030203
"56007967800","9678",2.44441627406916
"56007968100","9681",2.98690817004022
"56007967700","9677",2.74746875598213
"56007968000","9680",2.9864068854124
