"GEOID","NAME","Particulate.Matter"
"48089750400","7504",6.66636963348032
"48089750100","7501",6.93156215033431
"48089750300","7503",6.6655777056555
"48089750500","7505",6.93111243242551
"48089750200","7502",6.92833719610522
