"GEOID","NAME","Particulate.Matter"
"28013950400","9504",7.19785309407987
"28013950100","9501",6.82465318666036
"28013950500","9505",7.09141021074448
"28013950200","9502",7.05264063298134
"28013950300","9503",6.98486353158308
