"GEOID","NAME","Particulate.Matter"
"21085950100","9501",7.65454528556266
"21085950500","9505",7.73393232026826
"21085950600","9506",7.77412645356442
"21085950300","9503",7.74319514084145
"21085950200","9502",7.56711106592812
"21085950700","9507",7.83980558577313
"21085950400","9504",7.58160534508627
