"GEOID","NAME","Particulate.Matter"
"26039960400","9604",4.74124806956207
"26039960200","9602",4.55109281773916
"26039960100","9601",4.60730109858535
"26039960300","9603",4.81942038348275
"26039960500","9605",4.65623133205823
