"GEOID","NAME","Particulate.Matter"
"29067950200","9502",5.89051562874376
"29067950500","9505",6.10170486805537
"29067950100","9501",5.84229680050989
