"GEOID","NAME","Particulate.Matter"
"40117957200","9572",7.38762165568446
"40117957500","9575",7.35879501398137
"40117957300","9573",7.25311690406964
"40117957400","9574",7.41178710237716
"40117957100","9571",7.41462602648641
