"GEOID","NAMELSAD","Particulate.Matter"
"54109002902","Census Tract 29.02",6.81665754562109
"54109003200","Census Tract 32",6.2500569977291
"54109002800","Census Tract 28",6.09379839552687
"54109002901","Census Tract 29.01",6.65550998456142
"54109003100","Census Tract 31",6.70051177869962
"54109003000","Census Tract 30",7.03303235344451
