"GEOID","NAME","Particulate.Matter"
"51033030400","304",6.09369361122546
"51033030500","305",6.19019402257564
"51033030100","301",6.20965371992755
"51033030300","303",6.08235398301206
"51033030600","306",6.24785493906942
"51033030202","302.02",6.10509250405685
"51033030201","302.01",6.08936685433681
