"GEOID","NAMELSAD","Particulate.Matter"
"46121940100","Census Tract 9401",2.8487048681421
"46121940200","Census Tract 9402",3.0321434056653
