"GEOID","NAMELSAD","Particulate.Matter"
"06051000200","Census Tract 2",4.09731373086836
"06051000102","Census Tract 1.02",3.50542317081158
"06051000101","Census Tract 1.01",4.27489092603602
