"GEOID","NAME","Particulate.Matter"
"54009031102","311.02",8.22900376391345
"54009031101","311.01",8.29052512885375
"54009031200","312",9.1794609135079
"54009031600","316",7.95671186766038
"54009031400","314",8.6909973862973
"54009031700","317",8.05095672991139
