"GEOID","NAMELSAD","Particulate.Matter"
"37117970600","Census Tract 9706",6.56772253843634
"37117970300","Census Tract 9703",6.49887431790441
"37117970200","Census Tract 9702",6.5861985525402
"37117970100","Census Tract 9701",6.29692925939054
"37117970500","Census Tract 9705",6.43587738208866
"37117970400","Census Tract 9704",6.50049950670731
