"GEOID","NAME","Particulate.Matter"
"51115951300","9513",6.17578210528282
"51115951400","9514",6.12789260577057
