"GEOID","NAMELSAD","Particulate.Matter"
"48063950200","Census Tract 9502",6.24361418422306
"48063950102","Census Tract 9501.02",6.03728015369843
"48063950101","Census Tract 9501.01",6.16048984863989
