"GEOID","NAME","Particulate.Matter"
"45011970500","9705",6.98922693835377
"45011970300","9703",7.2128443004485
"45011970200","9702",7.08062920547045
"45011970100","9701",7.18051662022817
"45011970400","9704",6.80411626247904
"45011980100","9801",7.05595327367895
