"GEOID","NAMELSAD","Particulate.Matter"
"27075370400","Census Tract 3704",4.08004776403348
"27075370300","Census Tract 3703",3.56134184309393
"27075370100","Census Tract 3701",2.849880443992
