"GEOID","NAME","Particulate.Matter"
"28143980000","9800",6.80000019073491
"28143950100","9501",7.1825340085321
"28143950200","9502",6.95527014310223
