"GEOID","NAMELSAD","Particulate.Matter"
"48391950400","Census Tract 9504",6.80168458000359
"48391950200","Census Tract 9502",6.84715603272771
