"GEOID","NAME","Particulate.Matter"
"37149920200","9202",8.17940661578008
"37149920104","9201.04",8.10861977638867
"37149920103","9201.03",7.97955622269788
"37149920301","9203.01",8.1669130009155
"37149920304","9203.04",7.75652033872944
"37149920303","9203.03",7.64652355657338
"37149920101","9201.01",8.06885233923811
