"GEOID","NAME","Particulate.Matter"
"22081960300","9603",7.74247152451025
"22081960100","9601",7.77438626842725
