"GEOID","NAME","Particulate.Matter"
"28079040100","401",7.03563392536973
"28079040400","404",7.18223318589182
"28079040500","405",7.29206931669081
"28079040600","406",7.2557948550727
"28079040700","407",7.17344958736896
