"GEOID","NAME","Particulate.Matter"
"13271950500","9505",7.27256758987196
"13271950100","9501",7.07740682402111
"13271950200","9502",7.14042934502572
