"GEOID","NAME","Particulate.Matter"
"29223690400","6904",6.86076910503497
"29223690100","6901",7.04364926171966
"29223690300","6903",6.73495010623853
"29223690200","6902",6.90773827801386
