"GEOID","NAMELSAD","Particulate.Matter"
"51149850400","Census Tract 8504",6.30093371302721
"51149850200","Census Tract 8502",7.12069702970814
"51149850100","Census Tract 8501",7.20275742543644
"51149850502","Census Tract 8505.02",6.41952511419619
"51149850501","Census Tract 8505.01",6.20979196852581
"51149850302","Census Tract 8503.02",6.77065909467785
"51149850301","Census Tract 8503.01",6.75340557160394
