"GEOID","NAME","Particulate.Matter"
"13177020200","202",6.97417579160588
"13177020402","204.02",7.10650709280577
"13177020300","203",7.08315426930261
"13177020100","201",7.11926061987707
"13177020403","204.03",7.2098669123699
