"GEOID","NAMELSAD","Particulate.Matter"
"29087960100","Census Tract 9601",5.90213116591604
"29087960200","Census Tract 9602",5.95656170034392
"29087960300","Census Tract 9603",6.00485524004849
