"GEOID","NAME","Particulate.Matter"
"46115000300","3",4.20521709416574
"46115000100","1",3.97724875787123
"46115000200","2",3.90150440911335
