"GEOID","NAMELSAD","Particulate.Matter"
"48133950400","Census Tract 9504",5.70391685630059
"48133950200","Census Tract 9502",5.68290601754784
"48133950100","Census Tract 9501",5.64909807892801
"48133950300","Census Tract 9503",5.56132144194149
"48133950500","Census Tract 9505",5.77955544393088
