"GEOID","NAME","Particulate.Matter"
"55003940000","9400",4.10789199143534
"55003950800","9508",3.59349319892507
"55003950700","9507",3.80260943787818
"55003950400","9504",4.239140773701
"55003950300","9503",4.38935788475498
"55003950500","9505",3.83332559899052
"55003950600","9506",3.66211695706029
