"GEOID","NAME","Particulate.Matter"
"35037958602","9586.02",3.7894705351187
"35037958601","9586.01",3.7912947355114
"35037958900","9589",3.60814330347428
