"GEOID","NAME","Particulate.Matter"
"08095967600","9676",3.21294981312008
"08095967700","9677",3.16133014073063
