"GEOID","NAMELSAD","Particulate.Matter"
"47169090100","Census Tract 901",7.7011764191434
"47169090200","Census Tract 902",8.08774507662601
