"GEOID","NAMELSAD","Particulate.Matter"
"51125950200","Census Tract 9502",5.90254875361281
"51125950100","Census Tract 9501",6.07677411299128
"51125950300","Census Tract 9503",5.64664778048637
