"GEOID","NAMELSAD","Particulate.Matter"
"18179040600","Census Tract 406",7.52221159826538
"18179040100","Census Tract 401",7.03656988682151
"18179040200","Census Tract 402",7.26184041553469
"18179040500","Census Tract 405",7.44942829297652
"18179040300","Census Tract 403",7.28457315154087
"18179040400","Census Tract 404",7.27090806229494
"18179040700","Census Tract 407",7.63649803823816
