"GEOID","NAME","Particulate.Matter"
"28037950200","9502",7.63129908165215
"28037950100","9501",7.39315224826276
