"GEOID","NAME","Particulate.Matter"
"47091956200","9562",6.95597124872579
"47091956300","9563",6.1850662304403
"47091956000","9560",5.69588287693971
"47091956400","9564",5.80658683649813
"47091956100","9561",6.71733527965824
