"GEOID","NAME","Particulate.Matter"
"27107960300","9603",3.54023909464575
"27107960200","9602",3.69013366172216
"27107960100","9601",3.39729134559751
