"GEOID","NAME","Particulate.Matter"
"37113970200","9702",6.82464730505887
"37113970700","9707",6.69004647972739
"37113970100","9701",7.93996410220426
"37113970600","9706",6.99861177002055
"37113970400","9704",7.37016656509876
"37113970302","9703.02",8.7155943728676
"37113970502","9705.02",6.01962708680909
"37113970501","9705.01",5.29520631584794
"37113970301","9703.01",9.08316179720787
