"GEOID","NAMELSAD","Particulate.Matter"
"31037964700","Census Tract 9647",5.34099994161229
"31037964800","Census Tract 9648",5.3810406740528
"31037964600","Census Tract 9646",5.28416944009706
