"GEOID","NAME","Particulate.Matter"
"55119960600","9606",4.19085164052247
"55119960500","9605",4.34631350056171
"55119960200","9602",4.34979188115488
"55119960400","9604",4.19633163711867
"55119960300","9603",4.49870311586872
"55119960100","9601",4.14743204800016
