"GEOID","NAME","Particulate.Matter"
"30085080100","801",3.12594238622112
"30085940002","9400.02",3.14406249763984
"30085940001","9400.01",2.84651576753213
