"GEOID","NAME","Particulate.Matter"
"01107050400","504",7.62430865702339
"01107050000","500",7.6163920436833
"01107050300","503",7.63412104214632
"01107050100","501",7.62065570381747
"01107050200","502",7.62430767693076
