"GEOID","NAME","Particulate.Matter"
"49051940500","9405",3.07920620004677
"49051960100","9601",6.0350326920657
"49051960200","9602",6.1196888521523
"49051960400","9604",3.87965427640995
