"GEOID","NAMELSAD","Particulate.Matter"
"51065020300","Census Tract 203",5.86468895323208
"51065020200","Census Tract 202",5.81949542834341
"51065020102","Census Tract 201.02",5.89374276591407
"51065020101","Census Tract 201.01",5.91337592978305
