"GEOID","NAME","Particulate.Matter"
"21167960100","9601",7.10287044060856
"21167960500","9605",7.09781942009241
"21167960300","9603",7.17465366384861
"21167960200","9602",7.27552575163364
"21167960400","9604",6.92421377268253
