"GEOID","NAME","Particulate.Matter"
"29093950400","9504",6.53111974370462
"29093950200","9502",6.17256210818641
"29093950300","9503",6.19674858247511
"29093950100","9501",6.0334263886605
