"GEOID","NAME","Particulate.Matter"
"05113950300","9503",6.48415551971661
"05113950100","9501",6.42687800746505
"05113950600","9506",6.18453835723632
"05113950500","9505",6.28372195571897
"05113950400","9504",6.28240010588816
"05113950200","9502",6.06611975707613
