"GEOID","NAMELSAD","Particulate.Matter"
"16007950200","Census Tract 9502",3.01441818918251
"16007950100","Census Tract 9501",3.3493476837458
