"GEOID","NAMELSAD","Particulate.Matter"
"22085000300","Census Tract 3",7.32056872900048
"22085000100","Census Tract 1",7.55347755140772
"22085000500","Census Tract 5",7.26921039579456
"22085000400","Census Tract 4",7.50895113392159
"22085000600","Census Tract 6",7.63974735883711
"22085000200","Census Tract 2",7.33943405169611
"22085000700","Census Tract 7",7.55630389480585
