"GEOID","NAME","Particulate.Matter"
"26137950100","9501",4.43983537507296
"26137950400","9504",4.52130969440504
"26137950600","9506",4.24878320432538
"26137950500","9505",4.33150009157035
"26137950300","9503",4.41993572940947
"26137950200","9502",4.09256914612221
