"GEOID","NAME","Particulate.Matter"
"46059975600","9756",3.55525136155928
"46059975700","9757",3.73686733771599
