"GEOID","NAME","Particulate.Matter"
"48371950300","9503",6.30445937944538
"48371950100","9501",5.40399493342091
"48371950400","9504",6.37360833049638
"48371950500","9505",5.10925039264963
