"GEOID","NAME","Particulate.Matter"
"21239050300","503",6.97995669623793
"21239050200","502",7.10595252683546
"21239050400","504",7.02500434389895
"21239050104","501.04",6.95646013051745
"21239050107","501.07",6.82222770390639
"21239050103","501.03",6.91469155183469
"21239050105","501.05",7.04986566569713
"21239050106","501.06",6.86293086643708
