"GEOID","NAMELSAD","Particulate.Matter"
"29155470400","Census Tract 4704",7.66877566796356
"29155470600","Census Tract 4706",7.8327173351713
"29155470300","Census Tract 4703",7.62668951991304
"29155470200","Census Tract 4702",7.42677461991754
"29155470100","Census Tract 4701",7.34867148233956
"29155470500","Census Tract 4705",7.53391436438522
