"GEOID","NAMELSAD","Particulate.Matter"
"13079070100","Census Tract 701",7.76138555167602
"13079070202","Census Tract 702.02",7.6971129712434
"13079070201","Census Tract 702.01",7.75449236680006
