"GEOID","NAME","Particulate.Matter"
"01035960400","9604",7.34932457914805
"01035960600","9606",7.43888441386221
"01035960300","9603",7.27613360161752
"01035960500","9605",7.40540284554286
"01035960200","9602",7.1875246024432
