"GEOID","NAMELSAD","Particulate.Matter"
"21033920100","Census Tract 9201",7.53729348157334
"21033920300","Census Tract 9203",7.46753734692746
"21033920200","Census Tract 9202",7.49669148882848
