"GEOID","NAMELSAD","Particulate.Matter"
"13123080300","Census Tract 803",8.35928917745027
"13123080400","Census Tract 804",8.37433429065154
"13123080500","Census Tract 805",7.78919665380132
"13123080200","Census Tract 802",7.41699390146874
"13123080100","Census Tract 801",7.30816991385938
