"GEOID","NAME","Particulate.Matter"
"48455950400","9504",6.85896821146126
"48455950500","9505",6.64020700228189
"48455950200","9502",6.86596336539246
"48455950300","9503",6.7529455990168
"48455950100","9501",6.93286876576091
