"GEOID","NAMELSAD","Particulate.Matter"
"01037961200","Census Tract 9612",7.86931854657208
"01037961100","Census Tract 9611",7.92756382361462
"01037961000","Census Tract 9610",7.84469667148853
