"GEOID","NAMELSAD","Particulate.Matter"
"46059975600","Census Tract 9756",3.55525136155928
"46059975700","Census Tract 9757",3.73686733771599
