"GEOID","NAMELSAD","Particulate.Matter"
"19071970300","Census Tract 9703",6.03489192191777
"19071970100","Census Tract 9701",5.94388004607575
"19071970200","Census Tract 9702",5.83804258443577
