"GEOID","NAME","Particulate.Matter"
"42113960100","9601",5.80253957482202
"42113960200","9602",5.91136535607479
