"GEOID","NAMELSAD","Particulate.Matter"
"18009975100","Census Tract 9751",7.63994829121939
"18009975200","Census Tract 9752",8.05981803619567
"18009975300","Census Tract 9753",8.17949513031985
"18009975400","Census Tract 9754",7.82946807721172
