"GEOID","NAME","Particulate.Matter"
"38003968300","9683",3.82595084009296
"38003968000","9680",3.28185365979731
"38003968200","9682",3.85797846116387
"38003967900","9679",3.3862485895935
