"GEOID","NAME","Particulate.Matter"
"39027964800","9648",8.05209879003877
"39027964900","9649",8.11051318275813
"39027964300","9643",7.74093204692812
"39027964500","9645",8.1391396640232
"39027965000","9650",7.73101004835464
"39027964700","9647",8.0891160140495
"39027965100","9651",7.65821492804745
"39027964400","9644",8.18175427965315
"39027964600","9646",8.67643718515006
