"GEOID","NAMELSAD","Particulate.Matter"
"21005950400","Census Tract 9504",7.28097723126281
"21005950100","Census Tract 9501",7.27002510613897
"21005950300","Census Tract 9503",7.03245446525051
"21005950202","Census Tract 9502.02",7.17903620259816
"21005950201","Census Tract 9502.01",7.25389407198032
