"GEOID","NAME","Particulate.Matter"
"48051970200","9702",6.20234585577102
"48051970400","9704",6.52480925018475
"48051970500","9705",6.44747440286153
"48051970100","9701",6.41085873851901
"48051970300","9703",6.28144794585246
