"GEOID","NAME","Particulate.Matter"
"46077958200","9582",4.30040236784382
"46077958100","9581",4.37399005746286
