"GEOID","NAME","Particulate.Matter"
"13009970200","9702",7.89533035830246
"13009970500","9705",7.75864905468792
"13009970702","9707.02",7.87661237015659
"13009970300","9703",7.72873952281455
"13009970400","9704",8.5944082983684
"13009970701","9707.01",7.90614984455613
"13009970800","9708",7.77125879728986
"13009970600","9706",7.82216832777207
"13009970100","9701",7.68490671593389
