"GEOID","NAME","Particulate.Matter"
"49013940300","9403",3.07760413837177
"49013940500","9405",5.61784711351335
"49013940600","9406",4.32021175028493
