"GEOID","NAMELSAD","Particulate.Matter"
"27107960300","Census Tract 9603",3.54023909464575
"27107960200","Census Tract 9602",3.69013366172216
"27107960100","Census Tract 9601",3.39729134559751
