"GEOID","NAME","Particulate.Matter"
"41023960200","9602",2.86866529520612
"41023960100","9601",2.7990330386874
