"GEOID","NAME","Particulate.Matter"
"37055970300","9703",5.91244531879383
"37055970102","9701.02",5.86646674108831
"37055970602","9706.02",5.65723540777885
"37055970601","9706.01",5.69071466412263
"37055970101","9701.01",6.05149831518681
"37055970502","9705.02",5.40233025997748
"37055970501","9705.01",5.57885332510857
"37055970400","9704",5.71387898735163
"37055970200","9702",6.26618795064463
