"GEOID","NAMELSAD","Particulate.Matter"
"55121100500","Census Tract 1005",4.97456108461181
"55121100700","Census Tract 1007",5.42129199032202
"55121100300","Census Tract 1003",5.12728366341632
"55121100600","Census Tract 1006",5.28284003243815
"55121100800","Census Tract 1008",5.1334925592162
"55121100400","Census Tract 1004",4.85464756502961
"55121100200","Census Tract 1002",4.98207329064259
"55121100100","Census Tract 1001",4.83726021561628
