"GEOID","NAME","Particulate.Matter"
"26069000200","2",4.94537557950729
"26069000100","1",4.81838015964363
"26069000600","6",4.90460789146715
"26069000800","8",4.89541509799166
"26069000400","4",5.69559558741088
"26069000700","7",4.77332087714948
"26069000500","5",5.47757859233305
"26069000300","3",5.20048254538287
"26069000900","9",4.69947279831695
