"GEOID","NAMELSAD","Particulate.Matter"
"13259950400","Census Tract 9504",7.42118348245813
"13259950100","Census Tract 9501",7.12792803893809
