"GEOID","NAME","Particulate.Matter"
"21157950100","9501",7.99651529814413
"21157950500","9505",7.26824298254927
"21157950300","9503",7.76726274416597
"21157950400","9504",7.57575295974896
"21157950200","9502",7.54791310888273
"21157950600","9506",7.57244842585106
