"GEOID","NAME","Particulate.Matter"
"29017950200","9502",6.90422868280799
"29017950300","9503",7.29313874823086
"29017950100","9501",6.51173449372513
