"GEOID","NAME","Particulate.Matter"
"19121060100","601",6.15267151360587
"19121060300","603",5.90885917767617
"19121060200","602",6.11194919449857
