"GEOID","NAME","Particulate.Matter"
"37165010300","103",7.30642140165121
"37165010400","104",7.22533235343501
"37165010500","105",7.15241152903806
"37165010200","102",7.37782036725804
"37165010600","106",7.14039057042915
"37165010102","101.02",7.39370986604593
"37165010101","101.01",7.25629511501429
