"GEOID","NAME","Particulate.Matter"
"42025020900","209",8.49122746294307
"42025020102","201.02",6.95043515572801
"42025020500","205",7.94456703186738
"42025020200","202",6.33661605016897
"42025020800","208",7.66572935960609
"42025020400","204",7.01769108920597
"42025020600","206",8.5006513148824
"42025020300","203",6.62552498246696
"42025020700","207",7.76785219030869
"42025020106","201.06",5.89128530823778
"42025020105","201.05",5.91884270532579
"42025020103","201.03",6.25583014756216
