"GEOID","NAME","Particulate.Matter"
"51075400200","4002",6.22721893403023
"51075400300","4003",6.243315404896
"51075400400","4004",5.84450325037704
"51075400100","4001",6.46574398685293
"51075400500","4005",5.89863765978735
