"GEOID","NAME","Particulate.Matter"
"29153470200","4702",5.89612873067256
"29153470100","4701",5.92275659760112
