"GEOID","NAME","Particulate.Matter"
"29171960200","9602",5.22062656984205
"29171960100","9601",5.29532731869842
