"GEOID","NAMELSAD","Particulate.Matter"
"42093050100","Census Tract 501",8.40012175481499
"42093050300","Census Tract 503",8.70873182707933
"42093050400","Census Tract 504",8.23712259423439
"42093050200","Census Tract 502",8.23223885633878
