"GEOID","NAME","Particulate.Matter"
"13231010400","104",7.54974305496772
"13231010300","103",8.01111416058677
"13231010200","102",8.09216426309767
"13231010100","101",7.79807370499717
