"GEOID","NAME","Particulate.Matter"
"17081050200","502",7.35539447927894
"17081050700","507",7.15744143972737
"17081051100","511",7.19416122517118
"17081050600","506",7.17614565037628
"17081050100","501",7.06982035341759
"17081050800","508",7.26986413108171
"17081050300","503",7.26251874791514
"17081050500","505",7.07307792509452
"17081050400","504",7.42852879114045
"17081051000","510",8.28588325423037
"17081050900","509",7.95279640844679
