"GEOID","NAME","Particulate.Matter"
"19131560100","5601",5.51241099048266
"19131560300","5603",5.74509031464674
"19131560200","5602",5.46775046100175
