"GEOID","NAME","Particulate.Matter"
"40115574900","5749",7.26321237755542
"40115574300","5743",7.37412448914325
"40115574800","5748",7.541407988687
"40115574600","5746",7.5497896470404
"40115574700","5747",7.39444868758556
"40115574200","5742",7.37544219148789
"40115574100","5741",7.13395124108256
"40115574500","5745",8.59107264639076
"40115574400","5744",8.60974574083833
