"GEOID","NAMELSAD","Particulate.Matter"
"54097966600","Census Tract 9666",6.78002434126248
"54097967000","Census Tract 9670",6.16721842656036
"54097966800","Census Tract 9668",6.84779337184251
"54097967100","Census Tract 9671",6.17760791215913
"54097966700","Census Tract 9667",7.53580130122602
"54097966900","Census Tract 9669",6.77948567711904
