"GEOID","NAMELSAD","Particulate.Matter"
"51135000100","Census Tract 1",5.77289131612284
"51135980100","Census Tract 9801",5.88686251694321
"51135000300","Census Tract 3",5.73302679737023
"51135000200","Census Tract 2",5.80523894734099
