"GEOID","NAME","Particulate.Matter"
"46102940900","9409",2.8324893619172
"46102940800","9408",3.11885108939069
"46102940500","9405",2.99233691524712
