"GEOID","NAMELSAD","Particulate.Matter"
"51133020100","Census Tract 201",6.29121895480661
"51133020300","Census Tract 203",6.02605812698511
"51133020200","Census Tract 202",5.99444081544343
