"GEOID","NAME","Particulate.Matter"
"21039960200","9602",7.77795591293164
"21039960300","9603",7.738108852027
"21039960100","9601",7.53023762168791
