"GEOID","NAMELSAD","Particulate.Matter"
"37011930100","Census Tract 9301",5.77562238614867
"37011930301","Census Tract 9303.01",5.59353637591084
"37011930302","Census Tract 9303.02",5.76555594637371
"37011930400","Census Tract 9304",5.89706389586163
"37011930200","Census Tract 9302",5.8639108101093
