"GEOID","NAMELSAD","Particulate.Matter"
"56019955200","Census Tract 9552",3.61341763347835
"56019955100","Census Tract 9551",2.99064003252046
