"GEOID","NAME","Particulate.Matter"
"27017070400","704",4.33730540276609
"27017070200","702",4.54222388671725
"27017070600","706",3.81882441476983
"27017070500","705",4.07219077164024
"27017070100","701",4.23663003694099
"27017070300","703",3.97844552304762
"27017940000","9400",3.88612059130486
