"GEOID","NAMELSAD","Particulate.Matter"
"48475950200","Census Tract 9502",5.25398482707424
"48475950100","Census Tract 9501",4.74010979597731
"48475950300","Census Tract 9503",5.8177431483272
