"GEOID","NAME","Particulate.Matter"
"21021930200","9302",7.08791460866835
"21021930600","9306",7.21244328431631
"21021930500","9305",6.988233615248
"21021930300","9303",7.35309987855429
"21021930400","9304",6.93251775185543
"21021930700","9307",6.79788033287132
"21021930100","9301",6.98230913927837
