"GEOID","NAME","Particulate.Matter"
"13087970300","9703",7.55451784015956
"13087970100","9701",7.26576350008098
"13087970200","9702",7.58504924145064
"13087970700","9707",7.12503336716091
"13087970800","9708",7.0240865397459
"13087970600","9706",7.36905033169211
"13087970400","9704",7.55339573653572
