"GEOID","NAME","Particulate.Matter"
"30003940500","9405",2.67630407905097
"30003000100","1",2.73146533428383
"30003940700","9407",3.00325989697746
"30003940600","9406",2.67691562219297
"30003940400","9404",2.50199016371776
