"GEOID","NAME","Particulate.Matter"
"16057005600","56",2.48160644869923
"16057005100","51",2.50422751758159
"16057005500","55",2.04846491719698
"16057005400","54",2.1336194673273
"16057005200","52",1.81954928583266
"16057005300","53",2.19384182241236
"16057005700","57",2.80120451419626
