"GEOID","NAME","Particulate.Matter"
"05009790502","7905.02",6.57480591008598
"05009790501","7905.01",6.75538275374693
"05009790300","7903",6.33477936187609
"05009790200","7902",6.22307486362297
"05009790400","7904",6.19618552714296
"05009790100","7901",6.2466532811295
"05009790600","7906",6.69358029195451
