"GEOID","NAMELSAD","Particulate.Matter"
"28003950300","Census Tract 9503",6.96703446675507
"28003950200","Census Tract 9502",7.02268691699931
"28003950100","Census Tract 9501",6.94701799421478
"28003950500","Census Tract 9505",6.98359089701127
"28003950400","Census Tract 9504",6.6857126012954
"28003950700","Census Tract 9507",6.69575316753715
"28003950600","Census Tract 9506",6.82878775857657
