"GEOID","NAME","Particulate.Matter"
"18079960500","9605",8.57456777062048
"18079960200","9602",7.85664382067457
"18079960400","9604",8.27674523731168
"18079960600","9606",7.9501087036571
"18079960302","9603.02",7.99706462443805
"18079960301","9603.01",8.05547589453614
