"GEOID","NAMELSAD","Particulate.Matter"
"29003010300","Census Tract 103",5.98176816734765
"29003010200","Census Tract 102",5.91523644051766
"29003010400","Census Tract 104",5.99572041205118
"29003010100","Census Tract 101",5.96642885422479
