"GEOID","NAME","Particulate.Matter"
"51101950102","9501.02",6.30161062650987
"51101950101","9501.01",6.49924384597872
"51101950300","9503",6.40855502981984
"51101950200","9502",6.37971806105948
