"GEOID","NAME","Particulate.Matter"
"16085970200","9702",2.51076354528075
"16085970300","9703",3.41773266918165
"16085970100","9701",4.27236985769444
