"GEOID","NAME","Particulate.Matter"
"54045956800","9568",6.54090425757307
"54045956500","9565",6.4955526700842
"54045956600","9566",6.56168956029776
"54045956200","9562",6.72345822487907
"54045956101","9561.01",6.77011924074724
"54045956900","9569",6.59005695521375
"54045956400","9564",6.77422617382008
"54045956700","9567",6.45203177974304
"54045956102","9561.02",6.93658513264763
