"GEOID","NAME","Particulate.Matter"
"20189965100","9651",4.36315282742579
"20189965200","9652",4.4080475162932
