"GEOID","NAME","Particulate.Matter"
"22011960600","9606",7.71524051189848
"22011960300","9603",7.2009216563431
"22011960400","9604",7.37224603789824
"22011960700","9607",7.58443070292819
"22011960100","9601",7.66750826415712
"22011960200","9602",7.35123481414899
"22011960500","9605",7.19874215763194
