"GEOID","NAME","Particulate.Matter"
"31151960700","9607",5.09969058280276
"31151960600","9606",5.25965621379872
"31151960800","9608",5.07722883933026
"31151960900","9609",5.27396865900948
