"GEOID","NAMELSAD","Particulate.Matter"
"29007950400","Census Tract 9504",5.66743610499502
"29007950300","Census Tract 9503",5.8005910657691
"29007950700","Census Tract 9507",5.77980474211106
"29007950200","Census Tract 9502",5.99115053865878
"29007950100","Census Tract 9501",6.10071012730595
"29007950600","Census Tract 9506",5.89434335777588
"29007950500","Census Tract 9505",5.84525786043176
