"GEOID","NAME","Particulate.Matter"
"26119910100","9101",4.56288541431914
"26119910200","9102",4.5856925629234
"26119910500","9105",4.65894912615782
"26119910400","9104",4.63943565221114
"26119910300","9103",4.71486300453056
