"GEOID","NAMELSAD","Particulate.Matter"
"26109960300","Census Tract 9603",4.34130779456429
"26109960200","Census Tract 9602",4.31252369500103
"26109960500","Census Tract 9605",4.54474398227153
"26109960400","Census Tract 9604",4.41147043836715
"26109960100","Census Tract 9601",4.06846175819625
"26109960600","Census Tract 9606",5.40883129873785
"26109960700","Census Tract 9607",5.2908689984965
