"GEOID","NAME","Particulate.Matter"
"19143460200","4602",5.57488679417204
"19143460100","4601",5.58419222207646
