"GEOID","NAME","Particulate.Matter"
"22037951300","9513",7.4664336757844
"22037951400","9514",7.73070953958077
"22037951600","9516",7.59748932585934
"22037951502","9515.02",7.70470006877969
"22037951501","9515.01",8.24758602236855
