"GEOID","NAMELSAD","Particulate.Matter"
"48255970400","Census Tract 9704",6.78694112163925
"48255970100","Census Tract 9701",6.91618168170629
"48255970300","Census Tract 9703",6.8464264679702
"48255970200","Census Tract 9702",6.87477721638716
