"GEOID","NAME","Particulate.Matter"
"55061960500","9605",5.27464476811843
"55061960200","9602",4.97464112465307
"55061960400","9604",5.02584042457803
"55061960100","9601",5.5402007970743
