"GEOID","NAME","Particulate.Matter"
"27127750100","7501",5.42826137364042
"27127750600","7506",5.39561266554748
"27127750300","7503",5.55181628883198
"27127750400","7504",5.34361734574061
"27127750200","7502",5.64165087283
"27127750500","7505",5.40907694483887
