"GEOID","NAME","Particulate.Matter"
"20011955600","9556",6.35109899867866
"20011955800","9558",6.62041411072593
"20011955700","9557",6.44441373032236
"20011955900","9559",6.45612257856888
"20011956000","9560",7.60992373977653
