"GEOID","NAME","Particulate.Matter"
"05043490300","4903",7.26867491515494
"05043490200","4902",7.31416932580207
"05043490400","4904",7.34170881293689
"05043490500","4905",7.40957846478648
"05043490100","4901",7.40373779825451
