"GEOID","NAME","Particulate.Matter"
"47127930200","9302",7.26317178699991
"47127930100","9301",7.58272354463714
