"GEOID","NAME","Particulate.Matter"
"42105950300","9503",5.66172079437285
"42105950200","9502",5.38166651869622
"42105950100","9501",5.42187584131226
"42105950400","9504",5.7554358921658
"42105950500","9505",5.67295641462621
