"GEOID","NAME","Particulate.Matter"
"08117000300","3",2.47051147375683
"08117000100","1",2.69445854391159
"08117000200","2",2.31289882074915
"08117000401","4.01",2.44248597434127
"08117000402","4.02",2.4708872508717
