"GEOID","NAME","Particulate.Matter"
"05003960100","9601",7.61764577199239
"05003960300","9603",7.62412731454039
"05003960700","9607",7.66218924730038
"05003960200","9602",7.51734673090312
"05003960500","9605",7.62668679233654
"05003960600","9606",7.73006325393335
"05003960400","9604",7.82634697141092
