"GEOID","NAME","Particulate.Matter"
"21097950300","9503",6.86330230063498
"21097950100","9501",7.10992549518496
"21097950500","9505",7.15187242310736
"21097950200","9502",7.17535304248379
"21097950400","9504",6.87990434205729
