"GEOID","NAME","Particulate.Matter"
"21051950500","9505",7.54058225249976
"21051950100","9501",7.04442298878887
"21051950200","9502",7.19157748512677
"21051950400","9504",7.29434761535805
"21051950600","9506",7.3619856308151
"21051950300","9503",7.58942448442795
