"GEOID","NAMELSAD","Particulate.Matter"
"53003960400","Census Tract 9604",7.13620283376387
"53003960200","Census Tract 9602",3.25786361783758
"53003960100","Census Tract 9601",2.63584265797892
"53003960600","Census Tract 9606",6.10179521371867
"53003960300","Census Tract 9603",6.91211973116314
"53003960500","Census Tract 9605",7.10572075012256
