"GEOID","NAME","Particulate.Matter"
"37039930300","9303",7.95450620564661
"37039930500","9305",9.87664655438259
"37039930200","9302",8.09481385087343
"37039930400","9304",9.39369401602849
"37039930100","9301",7.28719149606572
"37039930602","9306.02",8.6772274833442
"37039930601","9306.01",9.48056741946665
