"GEOID","NAME","Particulate.Matter"
"45009960100","9601",6.84639944229311
"45009960200","9602",6.96791443318061
"45009960300","9603",6.8237437812701
"45009960400","9604",6.93635737822179
