"GEOID","NAME","Particulate.Matter"
"18037953300","9533",7.91534793663716
"18037953500","9535",7.6074864127172
"18037953400","9534",7.91236551514559
"18037953800","9538",7.9687971948249
"18037953600","9536",7.5713300545508
"18037953200","9532",7.91689318729091
"18037953700","9537",7.87711860543733
