"GEOID","NAME","Particulate.Matter"
"51023040401","404.01",6.49166902362323
"51023040302","403.02",6.60830617913329
"51023040402","404.02",7.27716937636866
"51023040502","405.02",6.69087612096473
"51023040501","405.01",6.98776189645794
"51023040301","403.01",6.94478202798121
"51023040100","401",6.64575765326768
"51023040200","402",6.30641722152528
