"GEOID","NAME","Particulate.Matter"
"40011958700","9587",6.01814021159365
"40011958600","9586",6.71565206431603
"40011958800","9588",6.30645711352774
"40011958900","9589",6.21595858162782
"40011959000","9590",6.13155196598019
