"GEOID","NAMELSAD","Particulate.Matter"
"51005080100","Census Tract 801",6.66939131384598
"51005080301","Census Tract 803.01",6.51180800474635
"51005080302","Census Tract 803.02",6.14149843637925
"51005080202","Census Tract 802.02",6.38085877415704
"51005080201","Census Tract 802.01",6.52364920001285
"51005070100","Census Tract 701",7.31645304418766
