"GEOID","NAME","Particulate.Matter"
"46129965200","9652",3.61017839863487
"46129965100","9651",3.01333130505779
