"GEOID","NAME","Particulate.Matter"
"05063490700","4907",6.57809854679195
"05063490600","4906",6.70691019135053
"05063490300","4903",6.61513485588042
"05063490400","4904",7.12166127501505
"05063490500","4905",6.98708086035273
"05063490200","4902",6.48066378825788
"05063490100","4901",6.30097448663143
"05063490800","4908",6.74968093989241
