"GEOID","NAME","Particulate.Matter"
"28147950300","9503",6.89707434227793
"28147950100","9501",6.90017220493224
"28147950200","9502",6.90336627168195
