"GEOID","NAME","Particulate.Matter"
"19053960300","9603",5.45046910417686
"19053960200","9602",5.67864544054304
"19053960100","9601",5.5001871073367
