"GEOID","NAME","Particulate.Matter"
"51159040200","402",6.08553746956987
"51159040100","401",6.32362992256188
