"GEOID","NAMELSAD","Particulate.Matter"
"30061964500","Census Tract 9645",3.8134252910178
"30061964600","Census Tract 9646",4.57276008534957
