"GEOID","NAMELSAD","Particulate.Matter"
"01057020100","Census Tract 201",7.56960663283651
"01057020000","Census Tract 200",7.69295821060114
"01057020400","Census Tract 204",7.8045390251562
"01057020200","Census Tract 202",7.55613511322419
"01057020300","Census Tract 203",7.75701310469958
