"GEOID","NAME","Particulate.Matter"
"48083950700","9507",5.94531221125932
"48083950300","9503",5.96507752924851
"48083950600","9506",5.6979977118668
