"GEOID","NAME","Particulate.Matter"
"31001966000","9660",4.52561494008757
"31001966100","9661",4.65320935793187
"31001965700","9657",6.15542233322138
"31001965800","9658",5.67098381224364
"31001965900","9659",4.60553032026892
"31001965600","9656",4.61800768812054
"31001965500","9655",4.74814926436307
"31001966200","9662",4.45916354185473
"31001965400","9654",4.51062001264637
