"GEOID","NAMELSAD","Particulate.Matter"
"21143960100","Census Tract 9601",7.81940991777517
"21143960200","Census Tract 9602",7.56022410282869
"21143980100","Census Tract 9801",7.82747428469647
