"GEOID","NAME","Particulate.Matter"
"19093090200","902",5.59522260518432
"19093090300","903",5.6116447211895
"19093090100","901",5.59649649297949
