"GEOID","NAME","Particulate.Matter"
"22013970400","9704",7.70064391843458
"22013970100","9701",7.5916228019934
"22013970500","9705",7.69930619237455
"22013970300","9703",7.65726835281537
"22013970200","9702",7.69490001120334
