"GEOID","NAMELSAD","Particulate.Matter"
"48111950300","Census Tract 9503",4.40702420730854
"48111950100","Census Tract 9501",4.14540764990101
