"GEOID","NAME","Particulate.Matter"
"05087960400","9604",6.17900108489406
"05087960300","9603",6.37833815141552
"05087960200","9602",6.62602875940153
"05087960100","9601",6.49980275946869
