"GEOID","NAME","Particulate.Matter"
"08081000500","5",4.11031313217059
"08081000400","4",4.01581877758149
"08081000300","3",3.46986617106904
"08081000600","6",2.51785520598325
