"GEOID","NAME","Particulate.Matter"
"20003953700","9537",5.98547922273194
"20003953600","9536",6.0860435767387
