"GEOID","NAME","Particulate.Matter"
"05149952302","9523.02",7.37830138421319
"05149952402","9524.02",6.94453400050062
"05149952401","9524.01",6.92670815490608
"05149952301","9523.01",7.31948731921394
"05149952500","9525",6.93536136796245
"05149952600","9526",6.80674502426167
