"GEOID","NAMELSAD","Particulate.Matter"
"47177930100","Census Tract 9301",7.89799703168804
"47177930300","Census Tract 9303",7.56472113161751
"47177930500","Census Tract 9305",8.2875105948863
"47177930800","Census Tract 9308",7.82427493144416
"47177930200","Census Tract 9302",7.85279475594605
"47177930400","Census Tract 9304",8.07142226611532
"47177930900","Census Tract 9309",7.34244425574339
"47177930700","Census Tract 9307",7.87702034304453
"47177930600","Census Tract 9306",8.01770116412737
