"GEOID","NAME","Particulate.Matter"
"17133600101","6001.01",6.91959294332489
"17133600102","6001.02",6.60759573304735
"17133600401","6004.01",6.97732516388948
"17133600502","6005.02",6.99274543026736
"17133600402","6004.02",6.95026957182494
"17133600501","6005.01",6.82688716069828
