"GEOID","NAMELSAD","Particulate.Matter"
"21123960200","Census Tract 9602",7.42265801944254
"21123960300","Census Tract 9603",7.52151945680365
"21123960102","Census Tract 9601.02",7.66099124710742
"21123960101","Census Tract 9601.01",7.87107438554343
