"GEOID","NAMELSAD","Particulate.Matter"
"19009070100","Census Tract 701",5.50341492470677
"19009070300","Census Tract 703",5.46411519199457
"19009070200","Census Tract 702",5.50630896879681
