"GEOID","NAMELSAD","Particulate.Matter"
"20143085600","Census Tract 856",4.57252699569404
"20143085700","Census Tract 857",4.41136190391432
