"GEOID","NAME","Particulate.Matter"
"37017950100","9501",6.99785837940401
"37017950400","9504",6.90699827582985
"37017950300","9503",6.95258640520852
"37017950500","9505",6.85013974343878
"37017950600","9506",6.8235343308469
"37017950200","9502",7.11135928400583
