"GEOID","NAMELSAD","Particulate.Matter"
"21045950300","Census Tract 9503",7.24768513680173
"21045950400","Census Tract 9504",7.05348312094564
"21045950100","Census Tract 9501",6.60405052863408
"21045950500","Census Tract 9505",7.20474684040905
"21045950200","Census Tract 9502",7.14630850791234
