"GEOID","NAME","Particulate.Matter"
"18101950100","9501",7.26760758861552
"18101950200","9502",7.75079918747784
"18101950300","9503",7.53699848965384
