"GEOID","NAME","Particulate.Matter"
"19111490800","4908",6.89841311278557
"19111490600","4906",6.19312325933519
"19111491100","4911",6.68054692548502
"19111490500","4905",6.20679534279015
"19111490100","4901",6.84472586511578
"19111490300","4903",6.66010368338757
"19111490200","4902",6.85848430183899
"19111490400","4904",6.4028869763625
"19111490700","4907",6.17517834943986
"19111490900","4909",6.53597680637199
"19111491000","4910",7.79302696460595
