"GEOID","NAME","Particulate.Matter"
"13187960202","9602.02",7.97556667600305
"13187960201","9602.01",8.81401257406995
"13187960102","9601.02",7.67682941605628
"13187960101","9601.01",8.72900030726853
