"GEOID","NAMELSAD","Particulate.Matter"
"13037950100","Census Tract 9501",7.23469136198341
"13037950200","Census Tract 9502",7.29290822792422
