"GEOID","NAME","Particulate.Matter"
"17047957100","9571",7.5162059337574
"17047956900","9569",7.62601972471275
"17047957000","9570",7.54658742091662
