"GEOID","NAME","Particulate.Matter"
"18023950400","9504",7.78931230360034
"18023950100","9501",7.71126163372544
"18023950200","9502",7.58383413323379
"18023950500","9505",8.36890512728809
"18023950300","9503",7.54407740190501
"18023950600","9506",8.20466714282169
"18023950700","9507",8.47147052099617
"18023950800","9508",8.76580917442556
