"GEOID","NAME","Particulate.Matter"
"47003950402","9504.02",7.59947326904238
"47003950401","9504.01",7.59307278686645
"47003950700","9507",7.43481528501855
"47003950600","9506",7.85593072986793
"47003950100","9501",7.2395471268535
"47003950300","9503",7.28616415326006
"47003950500","9505",7.69004471033225
"47003950800","9508",7.36666210273492
"47003950200","9502",7.27229916552258
