"GEOID","NAME","Particulate.Matter"
"48357950300","9503",4.73169348227576
"48357950400","9504",4.97963439861766
"48357950100","9501",4.87484709660532
