"GEOID","NAME","Particulate.Matter"
"30047000200","2",4.51459143674831
"30047940600","9406",6.38588186790643
"30047000100","1",4.25534715719247
"30047940700","9407",5.31862059612014
"30047940400","9404",6.24581144151297
"30047940500","9405",6.42086550571704
"30047940301","9403.01",4.97970780964007
"30047940303","9403.03",6.17809825555037
