"GEOID","NAME","Particulate.Matter"
"19043070200","702",5.5781310328337
"19043070300","703",5.58689300540781
"19043070400","704",5.80123904411188
"19043070600","706",5.60164655954547
"19043070500","705",5.87979974308234
"19043070100","701",5.58057058029526
