"GEOID","NAMELSAD","Particulate.Matter"
"19003950200","Census Tract 9502",5.62285139748246
"19003950100","Census Tract 9501",5.53139137784602
