"GEOID","NAME","Particulate.Matter"
"21207960400","9604",7.38990218783323
"21207960300","9603",7.3901396398457
"21207960200","9602",7.2925095128517
"21207960102","9601.02",7.09101536026228
"21207960101","9601.01",7.21893384442978
