"GEOID","NAMELSAD","Particulate.Matter"
"48019000101","Census Tract 1.01",6.70807338147893
"48019000102","Census Tract 1.02",7.11051807441086
"48019000200","Census Tract 2",6.18359740383978
"48019000300","Census Tract 3",6.90128523007842
"48019000400","Census Tract 4",7.03035973055922
