"GEOID","NAME","Particulate.Matter"
"30035940200","9402",3.38918216132077
"30035976000","9760",2.84092264664946
"30035940400","9404",2.92388146365323
"30035980000","9800",1.80820201590382
