"GEOID","NAME","Particulate.Matter"
"30017961800","9618",4.6386570720899
"30017962000","9620",4.15058956190382
"30017961900","9619",3.4094979614613
"30017961300","9613",2.75727046386119
"30017961600","9616",3.38208197100223
"30017961500","9615",3.55634825259474
