"GEOID","NAME","Particulate.Matter"
"40039950800","9508",5.75981053916971
"40039960700","9607",5.7943296622263
"40039960600","9606",5.61786175768013
"40039960400","9604",5.56765743682956
"40039961000","9610",5.43097129639471
