"GEOID","NAMELSAD","Particulate.Matter"
"48171950400","Census Tract 9504",6.55193882798489
"48171950300","Census Tract 9503",5.91920442548888
"48171950500","Census Tract 9505",6.43166968556348
"48171950200","Census Tract 9502",6.01692267424924
"48171950100","Census Tract 9501",6.28946827742709
