"GEOID","NAMELSAD","Particulate.Matter"
"18153050300","Census Tract 503",7.64699864236925
"18153050500","Census Tract 505",7.56646721119026
"18153050400","Census Tract 504",7.52109282903385
"18153050200","Census Tract 502",7.47462716142893
"18153050100","Census Tract 501",7.43576063642837
