"GEOID","NAME","Particulate.Matter"
"08105976700","9767",4.03641989600014
"08105976800","9768",4.38099531376637
"08105977000","9770",3.15067155983077
