"GEOID","NAME","Particulate.Matter"
"21179930302","9303.02",7.85708555498026
"21179930301","9303.01",7.95685832094541
"21179930303","9303.03",8.23219379108741
"21179930400","9304",8.11064559839596
"21179930700","9307",7.96895016126878
"21179930100","9301",7.66414727385454
"21179930200","9302",7.8607791134794
"21179930600","9306",8.21302416733674
"21179930500","9305",8.08207771157007
