"GEOID","NAME","Particulate.Matter"
"47153060200","602",7.2254706818823
"47153060102","601.02",6.723421094983
"47153060101","601.01",8.64470556240311
