"GEOID","NAMELSAD","Particulate.Matter"
"25007200400","Census Tract 2004",4.24637696233885
"25007200200","Census Tract 2002",4.42352263629813
"25007200100","Census Tract 2001",4.29668072684047
"25007200300","Census Tract 2003",4.35007445117158
