"GEOID","NAME","Particulate.Matter"
"13321950500","9505",6.9149224093481
"13321950400","9504",7.12958552942013
"13321950200","9502",7.11645607196755
"13321950600","9506",7.00481627023996
"13321950100","9501",7.15802728015623
