"GEOID","NAME","Particulate.Matter"
"30101000100","1",2.59838052694853
"30101000200","2",3.27444687489079
"30101980000","9800",3.29999995231628
