"GEOID","NAME","Particulate.Matter"
"48007950400","9504",7.20872075271977
"48007950100","9501",6.51751765584441
"48007950200","9502",6.79797544056222
"48007950500","9505",6.98441489263262
"48007950300","9503",7.0470949208682
