"GEOID","NAMELSAD","Particulate.Matter"
"08119010105","Census Tract 101.05",2.96026810938337
"08119010201","Census Tract 102.01",2.61785289819554
"08119010104","Census Tract 101.04",3.23283439051816
"08119010202","Census Tract 102.02",2.15064494105967
"08119010106","Census Tract 101.06",2.46642818668826
"08119010103","Census Tract 101.03",3.56013572907723
