"GEOID","NAME","Particulate.Matter"
"47029920400","9204",7.34719135055999
"47029920100","9201",8.53535220025381
"47029920502","9205.02",8.23232182831377
"47029920200","9202",8.93115499198461
"47029920600","9206",8.74540387060801
"47029920300","9203",8.37506564984951
"47029920501","9205.01",8.25510996333152
"47029920700","9207",7.6337951236916
"47029980100","9801",5.80540111161065
