"GEOID","NAME","Particulate.Matter"
"20095961100","9611",5.89627294148213
"20095961200","9612",5.98378582619292
"20095961300","9613",5.55460862740286
