"GEOID","NAME","Particulate.Matter"
"18041954000","9540",8.02749750929562
"18041954100","9541",8.82177670469128
"18041954500","9545",8.46553691871638
"18041954200","9542",8.08770377251275
"18041954600","9546",7.89793795957791
"18041954400","9544",8.89581558805356
"18041954300","9543",8.92851529610599
