"GEOID","NAMELSAD","Particulate.Matter"
"18155965700","Census Tract 9657",7.87398572250138
"18155965800","Census Tract 9658",7.28841990819772
"18155965900","Census Tract 9659",7.50458899557269
