"GEOID","NAME","Particulate.Matter"
"13261950600","9506",7.61832240857999
"13261950800","9508",7.14277643527903
"13261950200","9502",7.06927350484858
"13261950400","9504",6.89664642964796
"13261950100","9501",7.16656184714066
"13261950500","9505",6.94176810655501
"13261950300","9503",7.03208608621769
"13261950700","9507",7.15570406133405
