"GEOID","NAME","Particulate.Matter"
"01085781000","7810",7.88938633351547
"01085781100","7811",7.49495181974497
"01085780800","7808",7.79392822517308
"01085781200","7812",7.46635918970787
