"GEOID","NAMELSAD","Particulate.Matter"
"22031950200","Census Tract 9502",7.14314524482485
"22031950700","Census Tract 9507",7.54228543903011
"22031950300","Census Tract 9503",7.44002596960354
"22031950400","Census Tract 9504",7.46511123370709
"22031950500","Census Tract 9505",7.38012211473097
"22031950100","Census Tract 9501",7.47357989351722
"22031950600","Census Tract 9506",7.14471696862773
