"GEOID","NAME","Particulate.Matter"
"12027010101","101.01",7.19544644558725
"12027010200","102",7.36948912295861
"12027010301","103.01",7.30159743568706
"12027010302","103.02",7.41409575741412
"12027010403","104.03",7.64194252306115
"12027010404","104.04",7.48562383743427
"12027010406","104.06",7.25860623672828
"12027010102","101.02",7.20686145565287
"12027010405","104.05",7.74120618843878
