"GEOID","NAME","Particulate.Matter"
"17045070500","705",7.04236938265452
"17045070200","702",7.01988472925699
"17045070100","701",7.1185328850678
"17045070300","703",7.00728921491625
"17045070400","704",6.98654995068507
