"GEOID","NAME","Particulate.Matter"
"54057010600","106",7.44201534227811
"54057010400","104",7.76880811218544
"54057010200","102",8.17550743497285
"54057010500","105",7.06401395785121
"54057010300","103",8.13785743964861
"54057010100","101",9.01725880000529
"54057010700","107",6.41312134221009
