"GEOID","NAMELSAD","Particulate.Matter"
"29117480500","Census Tract 4805",6.70067423047511
"29117480300","Census Tract 4803",6.14131010036716
"29117480100","Census Tract 4801",5.68510328613618
"29117480200","Census Tract 4802",5.66496062396926
"29117480400","Census Tract 4804",6.45695080491335
