"GEOID","NAMELSAD","Particulate.Matter"
"20207096600","Census Tract 966",6.12437811456279
"20207096700","Census Tract 967",6.14330525706635
