"GEOID","NAME","Particulate.Matter"
"51071930100","9301",6.16038237049663
"51071930200","9302",6.11956008065125
"51071930300","9303",6.71808522514761
"51071930400","9304",6.27879682563163
