"GEOID","NAME","Particulate.Matter"
"50013020200","202",5.27428475249219
"50013020100","201",5.10521816975956
