"GEOID","NAMELSAD","Particulate.Matter"
"18021040100","Census Tract 401",7.70730719693921
"18021040500","Census Tract 405",7.40998221943278
"18021040200","Census Tract 402",7.62709534629179
"18021040600","Census Tract 406",7.58370054503334
"18021040300","Census Tract 403",7.34477843433814
"18021040400","Census Tract 404",7.46888492381246
