"GEOID","NAMELSAD","Particulate.Matter"
"05011950500","Census Tract 9505",7.49090900682001
"05011950400","Census Tract 9504",7.48741963335628
"05011950100","Census Tract 9501",7.49530603841535
"05011950200","Census Tract 9502",7.41552851611192
"05011950300","Census Tract 9503",7.26311630217453
