"GEOID","NAME","Particulate.Matter"
"51790000500","5",6.62388258676737
"51790000600","6",6.89426415221709
"51790000300","3",6.4850440029124
"51790000200","2",6.54616671930684
"51790000400","4",6.43703172046609
"51790000100","1",7.34999389672125
