"GEOID","NAMELSAD","Particulate.Matter"
"05059020100","Census Tract 201",7.16535784088944
"05059020500","Census Tract 205",7.1383910362221
"05059020300","Census Tract 203",7.54887633601839
"05059020600","Census Tract 206",7.16749047248539
"05059020400","Census Tract 204",7.38681598694645
"05059020700","Census Tract 207",6.78887599609723
"05059020200","Census Tract 202",7.75653918101236
