"GEOID","NAMELSAD","Particulate.Matter"
"55113100400","Census Tract 1004",4.29904806311333
"55113100800","Census Tract 1008",4.13313433599115
"55113100300","Census Tract 1003",4.34212357309237
"55113100700","Census Tract 1007",4.25149793373211
"55113940000","Census Tract 9400",4.16997693364651
"55113100500","Census Tract 1005",4.06563335471716
