"GEOID","NAME","Particulate.Matter"
"27049080500","805",5.12476473143871
"27049080200","802",5.61161258782074
"27049080101","801.01",5.76818251508202
"27049080400","804",5.2568423403421
"27049080600","806",5.37916312628614
"27049080700","807",4.99433974436718
"27049080800","808",5.04040529154283
"27049080300","803",5.29968017145952
"27049080900","809",5.18313132430987
"27049080102","801.02",5.49958948999969
