"GEOID","NAME","Particulate.Matter"
"55001950202","9502.02",5.21248938154695
"55001950502","9505.02",5.40358442909298
"55001950201","9502.01",5.24396990414929
"55001950501","9505.01",5.44512828257251
"55001950700","9507",5.55521779965579
"55001950400","9504",5.3314851493361
"55001950100","9501",5.08118394146575
