"GEOID","NAME","Particulate.Matter"
"47069950300","9503",6.55191005926457
"47069950500","9505",6.65751789841896
"47069950600","9506",6.54325278517006
"47069950100","9501",6.44373117006335
"47069950200","9502",6.49307033169174
"47069950400","9504",6.54619732557255
