"GEOID","NAME","Particulate.Matter"
"48487950500","9505",5.46497689586352
"48487950700","9507",5.59322903348788
"48487950300","9503",5.39294615365054
"48487950600","9506",5.55031098422939
