"GEOID","NAME","Particulate.Matter"
"08015000402","4.02",3.54278748904954
"08015000401","4.01",2.82702617163228
"08015000100","1",5.82543267706011
"08015000200","2",4.06367216959877
"08015000300","3",3.23563867562808
