"GEOID","NAME","Particulate.Matter"
"35028000200","2",2.45480728603946
"35028000500","5",3.26665720657426
"35028000100","1",3.15579418570362
"35028000400","4",3.33987350409042
