"GEOID","NAMELSAD","Particulate.Matter"
"31021963200","Census Tract 9632",5.6527812640856
"31021963300","Census Tract 9633",6.01611537401539
"31021963400","Census Tract 9634",5.64514539102961
