"GEOID","NAME","Particulate.Matter"
"29181870100","8701",6.48117864542466
"29181870400","8704",7.13236943635966
"29181870300","8703",6.62038597915676
"29181870200","8702",6.08702763630002
