"GEOID","NAME","Particulate.Matter"
"12067960200","9602",6.74764236185645
"12067960100","9601",6.80927813118735
