"GEOID","NAMELSAD","Particulate.Matter"
"41023960200","Census Tract 9602",2.86866529520612
"41023960100","Census Tract 9601",2.7990330386874
