"GEOID","NAME","Particulate.Matter"
"20027458200","4582",4.83611409809395
"20027458100","4581",4.71433752033187
