"GEOID","NAME","Particulate.Matter"
"54093965200","9652",5.97480700545672
"54093965300","9653",4.85609977936279
"54093965400","9654",5.96013136895585
