"GEOID","NAMELSAD","Particulate.Matter"
"56015957800","Census Tract 9578",3.79993978793586
"56015957700","Census Tract 9577",2.82565183833195
"56015957900","Census Tract 9579",3.41951188726293
"56015958000","Census Tract 9580",3.41668860339466
