"GEOID","NAMELSAD","Particulate.Matter"
"05129970200","Census Tract 9702",6.41147896373105
"05129970300","Census Tract 9703",6.1120161213942
"05129970100","Census Tract 9701",6.30939594584906
