"GEOID","NAME","Particulate.Matter"
"05053470100","4701",7.429379077455
"05053470400","4704",7.34639641008303
"05053470300","4703",7.30453236381948
"05053470200","4702",7.35678938547029
