"GEOID","NAME","Particulate.Matter"
"26003000100","1",3.27832934339875
"26003000200","2",3.56518852123292
"26003000300","3",3.44359431199405
