"GEOID","NAMELSAD","Particulate.Matter"
"13289060100","Census Tract 601",7.59822948593881
"13289060200","Census Tract 602",7.51438514086439
