"GEOID","NAME","Particulate.Matter"
"18137968600","9686",7.81631207077211
"18137968900","9689",7.41272393128907
"18137968500","9685",7.85137176371346
"18137968700","9687",7.50094309331936
"18137968800","9688",7.5306253888614
"18137968400","9684",7.75273028505177
