"GEOID","NAMELSAD","Particulate.Matter"
"05133080200","Census Tract 802",6.58307651523892
"05133080400","Census Tract 804",6.57504307867786
"05133080300","Census Tract 803",6.59056306332822
"05133080100","Census Tract 801",6.49712615958322
