"GEOID","NAME","Particulate.Matter"
"48505950301","9503.01",8.96158728469679
"48505950302","9503.02",8.35095262570565
"48505950400","9504",8.08480905229125
