"GEOID","NAME","Particulate.Matter"
"38103960000","9600",2.93258844534553
"38103959800","9598",3.21980198357959
