"GEOID","NAME","Particulate.Matter"
"39127965800","9658",7.09848677499558
"39127966200","9662",6.53853927577907
"39127966100","9661",6.32477932987675
"39127965900","9659",6.823142378276
"39127966300","9663",6.33367029420167
"39127966000","9660",6.72715351400926
