"GEOID","NAME","Particulate.Matter"
"48025950500","9505",7.0204502339177
"48025950202","9502.02",6.77957249670642
"48025950201","9502.01",6.99961347035843
"48025950600","9506",7.22743778365128
"48025950300","9503",6.98111861078847
"48025950100","9501",6.80686736839273
"48025950400","9504",7.17107454416857
