"GEOID","NAMELSAD","Particulate.Matter"
"48315950300","Census Tract 9503",6.45597071696308
"48315950400","Census Tract 9504",6.81828464163879
"48315950200","Census Tract 9502",6.44180117161695
"48315950100","Census Tract 9501",7.07342922384083
