"GEOID","NAMELSAD","Particulate.Matter"
"46109950400","Census Tract 9504",4.40585941591458
"46109940400","Census Tract 9404",4.30414584943705
"46109940700","Census Tract 9407",3.87910227303335
"46109940800","Census Tract 9408",3.92046560517433
