"GEOID","NAME","Particulate.Matter"
"28095950502","9505.02",7.50960158759711
"28095950501","9505.01",7.51602474309071
"28095950300","9503",7.97385777908366
"28095950700","9507",7.72964094462916
"28095950600","9506",7.39192243627967
"28095950400","9504",8.1707025030763
"28095950100","9501",7.43280365526145
"28095950200","9502",7.45582083358776
"28095950800","9508",7.76992948853031
