"GEOID","NAME","Particulate.Matter"
"39117965200","9652",7.29586903198411
"39117965100","9651",6.72853305203155
"39117965300","9653",7.62621544973767
"39117965500","9655",7.19630426963916
"39117965000","9650",6.95208828805583
"39117965400","9654",7.05206610487136
