"GEOID","NAME","Particulate.Matter"
"19181020400","204",6.4844821524217
"19181020100","201",6.44411507595027
"19181020200","202",6.37969359317009
"19181020500","205",6.32254506136666
"19181021200","212",6.13636720166233
"19181020700","207",6.99051207864806
"19181021100","211",6.0127381805254
"19181020600","206",6.299340193064
"19181020300","203",6.45153356922322
"19181020800","208",6.54643220305732
"19181020900","209",6.5191074070931
"19181021000","210",6.57235438901579
