"GEOID","NAMELSAD","Particulate.Matter"
"40089098600","Census Tract 986",6.6687456780087
"40089098300","Census Tract 983",6.67459415634905
"40089098200","Census Tract 982",6.52283120392107
"40089098400","Census Tract 984",6.73732763728709
"40089098800","Census Tract 988",6.5645954197979
"40089098700","Census Tract 987",6.63800855643052
"40089098500","Census Tract 985",6.55509178904292
"40089098900","Census Tract 989",6.48252878368027
