"GEOID","NAME","Particulate.Matter"
"21187970300","9703",7.05449109117022
"21187970100","9701",7.07038353303643
"21187970200","9702",7.10744842622687
