"GEOID","NAMELSAD","Particulate.Matter"
"17013951300","Census Tract 9513",6.11928848886358
"17013951200","Census Tract 9512",6.22687909343263
