"GEOID","NAME","Particulate.Matter"
"54059957400","9574",7.35037652636441
"54059957500","9575",6.69994357362143
"54059957200","9572",6.66863868855435
"54059957300","9573",6.81857075295386
"54059957100","9571",6.50790505810133
"54059957700","9577",6.99316678406026
"54059957600","9576",7.09771724323593
