"GEOID","NAME","Particulate.Matter"
"51065020300","203",5.86468895323208
"51065020200","202",5.81949542834341
"51065020102","201.02",5.89374276591407
"51065020101","201.01",5.91337592978305
