"GEOID","NAME","Particulate.Matter"
"37005950200","9502",5.75702858422347
"37005950100","9501",5.70447329997218
"37005950300","9503",5.85438073402668
