"GEOID","NAME","Particulate.Matter"
"19157370200","3702",6.15391719304283
"19157370500","3705",6.19089315427388
"19157370100","3701",6.1908660393369
"19157370300","3703",5.91879409965683
"19157370400","3704",6.04113542034927
