"GEOID","NAMELSAD","Particulate.Matter"
"29163460100","Census Tract 4601",6.49734038066271
"29163460200","Census Tract 4602",6.05500341280095
"29163460400","Census Tract 4604",6.00221705236081
"29163460500","Census Tract 4605",5.95869857889416
"29163460300","Census Tract 4603",5.95482951937017
