"GEOID","NAME","Particulate.Matter"
"20057962101","9621.01",5.13019417318195
"20057962102","9621.02",4.52524106105621
"20057961800","9618",4.46286994438763
"20057961700","9617",4.3812540000217
"20057961900","9619",4.51399947002187
"20057962000","9620",4.45920859015027
"20057961600","9616",4.3375928685096
