"GEOID","NAME","Particulate.Matter"
"18149953900","9539",6.8154561526389
"18149953800","9538",6.78749000513315
"18149954100","9541",6.58629302001644
"18149954200","9542",6.72567249382039
"18149953600","9536",6.34003754297862
"18149954000","9540",6.90860683158835
"18149953700","9537",6.56230585437436
