"GEOID","NAME","Particulate.Matter"
"12079110100","1101",7.15023738018199
"12079110301","1103.01",7.0500418535665
"12079110200","1102",6.98996816752541
"12079110400","1104",7.01783384686835
"12079110302","1103.02",6.96056046889358
