"GEOID","NAMELSAD","Particulate.Matter"
"51630000302","Census Tract 3.02",7.23251508798664
"51630000400","Census Tract 4",7.36164746402425
"51630000500","Census Tract 5",7.01029718603516
"51630000200","Census Tract 2",7.50029540061863
"51630000100","Census Tract 1",7.7033176144978
"51630000301","Census Tract 3.01",7.72024351858853
