"GEOID","NAMELSAD","Particulate.Matter"
"16067970100","Census Tract 9701",4.66002674161914
"16067970500","Census Tract 9705",4.99253773577752
"16067970400","Census Tract 9704",5.13668516767204
"16067970200","Census Tract 9702",4.77644593120785
"16067970300","Census Tract 9703",4.28376047497582
