"GEOID","NAMELSAD","Particulate.Matter"
"05087960400","Census Tract 9604",6.17900108489406
"05087960300","Census Tract 9603",6.37833815141552
"05087960200","Census Tract 9602",6.62602875940153
"05087960100","Census Tract 9601",6.49980275946869
