"GEOID","NAME","Particulate.Matter"
"40067371600","3716",6.63707421264646
"40067371700","3717",6.59659337005052
"40067371800","3718",6.51158633636611
