"GEOID","NAME","Particulate.Matter"
"19173180300","1803",5.6941467028179
"19173180200","1802",5.56893219782034
"19173180100","1801",5.77541030873146
