"GEOID","NAME","Particulate.Matter"
"27147960400","9604",5.46598291652673
"27147960500","9605",5.32471477311685
"27147960700","9607",5.60509710022306
"27147960300","9603",5.29616055928229
"27147960800","9608",5.4123152455576
"27147960600","9606",5.71999076898703
"27147960100","9601",5.19933984454212
"27147960200","9602",5.20060052414702
