"GEOID","NAME","Particulate.Matter"
"47129110300","1103",6.9493666879243
"47129110100","1101",7.17018827309318
"47129110500","1105",7.90155010793093
"47129110200","1102",7.50262119271335
"47129110400","1104",7.42979597594364
