"GEOID","NAME","Particulate.Matter"
"51093280200","2802",6.10949981735795
"51093280103","2801.03",6.32223898381081
"51093280101","2801.01",6.23242793386444
"51093280300","2803",6.18033466006058
"51093280400","2804",6.25760940168981
"51093280105","2801.05",6.27447228675269
"51093280104","2801.04",6.46506575602461
"51093280106","2801.06",6.26840564461244
