"GEOID","NAMELSAD","Particulate.Matter"
"37123960200","Census Tract 9602",7.39608235458801
"37123960500","Census Tract 9605",7.43844507933669
"37123960300","Census Tract 9603",7.58606555998537
"37123960100","Census Tract 9601",7.36739967770379
"37123960402","Census Tract 9604.02",7.5909993317742
"37123960401","Census Tract 9604.01",7.65019479122527
