"GEOID","NAME","Particulate.Matter"
"56043000200","2",3.61964475342239
"56043000302","3.02",4.38482487107115
"56043000301","3.01",5.1162647194525
