"GEOID","NAME","Particulate.Matter"
"21233960400","9604",8.12511009709469
"21233960300","9603",8.14008618312164
"21233960100","9601",8.66382928709239
"21233960200","9602",8.15007261827678
