"GEOID","NAME","Particulate.Matter"
"13305970100","9701",7.16364034865972
"13305970500","9705",7.4981695320223
"13305970600","9706",7.25648466320475
"13305970200","9702",7.27873701877478
"13305970300","9703",7.24762740035064
"13305970400","9704",7.25397170542257
