"GEOID","NAME","Particulate.Matter"
"19017004100","41",6.13272431733513
"19017004000","40",6.28729085246996
"19017004500","45",5.84461081740168
"19017004600","46",6.0387547302863
"19017004200","42",6.17529005394055
"19017004400","44",5.91069343440041
"19017004300","43",5.8838300431854
"19017004700","47",5.62199859109525
