"GEOID","NAME","Particulate.Matter"
"19159950200","9502",5.69312183046246
"19159950100","9501",5.70166357426447
