"GEOID","NAME","Particulate.Matter"
"29137960100","9601",6.17661389939316
"29137960300","9603",5.81238541315921
"29137960200","9602",6.00342274789047
