"GEOID","NAME","Particulate.Matter"
"21049020101","201.01",7.41899684158404
"21049020300","203",6.94085948285513
"21049020103","201.03",6.96809122034967
"21049020600","206",6.94448632605996
"21049020106","201.06",6.81883838305174
"21049020202","202.02",6.97770267588768
"21049020201","202.01",7.25186749174425
"21049020105","201.05",6.89522758372151
"21049020400","204",6.91614781167256
"21049020500","205",6.88886990821688
