"GEOID","NAME","Particulate.Matter"
"18143966900","9669",7.37398567148758
"18143967100","9671",7.62343241677584
"18143966700","9667",7.84434058208013
"18143966800","9668",8.0767631095274
"18143967000","9670",7.91704793287176
