"GEOID","NAMELSAD","Particulate.Matter"
"28041950100","Census Tract 9501",7.37721794618174
"28041950200","Census Tract 9502",7.46731789880712
