"GEOID","NAME","Particulate.Matter"
"38019950900","9509",3.70432933208675
"38019951100","9511",3.35143277207918
