"GEOID","NAMELSAD","Particulate.Matter"
"51137110200","Census Tract 1102",6.15860302962753
"51137110102","Census Tract 1101.02",6.04254819979708
"51137110300","Census Tract 1103",6.03982651993746
"51137110104","Census Tract 1101.04",5.83723312857542
"51137110103","Census Tract 1101.03",5.95663705775497
