"GEOID","NAME","Particulate.Matter"
"38071957800","9578",3.40519052545034
"38071957700","9577",3.2478207065097
"38071957600","9576",3.6528565375489
