"GEOID","NAME","Particulate.Matter"
"30065000200","2",3.12937493707071
"30065000100","1",2.64753545994175
