"GEOID","NAME","Particulate.Matter"
"35027960200","9602",3.54512778650262
"35027960300","9603",3.42801259359068
"35027960400","9604",3.42851767958288
"35027960800","9608",3.39711372080185
"35027960600","9606",3.42521982094524
