"GEOID","NAME","Particulate.Matter"
"13309780200","7802",7.08940167304601
"13309780100","7801",7.2174510047833
