"GEOID","NAME","Particulate.Matter"
"55033970700","9707",4.90083916204803
"55033970100","9701",4.66641668239425
"55033970200","9702",4.85275717549758
"55033970400","9704",4.94185579848923
"55033970600","9706",4.78338138475727
"55033970300","9703",4.77012125778439
"55033970500","9705",5.00152855628254
"55033970800","9708",5.07311734441124
