"GEOID","NAME","Particulate.Matter"
"05033020204","202.04",7.18169247601891
"05033020203","202.03",7.10942147852879
"05033020301","203.01",7.87939497517942
"05033020302","203.02",7.48736829696747
"05033020502","205.02",8.11356842061199
"05033020501","205.01",7.62921956948766
"05033020402","204.02",7.48188030855943
"05033020100","201",6.44989357297365
"05033020600","206",7.23120695427939
"05033020201","202.01",6.5010881503798
"05033020401","204.01",7.51871252791437
