"GEOID","NAMELSAD","Particulate.Matter"
"13225040102","Census Tract 401.02",7.70090695665436
"13225040101","Census Tract 401.01",7.64774292675701
"13225040400","Census Tract 404",7.40099950039122
"13225040200","Census Tract 402",7.51749367297016
"13225040301","Census Tract 403.01",7.41342764565003
"13225040302","Census Tract 403.02",7.40546884637939
