"GEOID","NAMELSAD","Particulate.Matter"
"20179952700","Census Tract 9527",3.7811784156974
"20179952600","Census Tract 9526",3.77231196228061
