"GEOID","NAMELSAD","Particulate.Matter"
"18159020400","Census Tract 204",8.14273636562921
"18159020200","Census Tract 202",7.92350322814279
"18159020100","Census Tract 201",8.23268876672732
"18159020300","Census Tract 203",7.8330591878542
