"GEOID","NAME","Particulate.Matter"
"20127963600","9636",5.08113082469159
"20127963700","9637",5.3344762145622
