"GEOID","NAME","Particulate.Matter"
"45033970300","9703",7.28160698276678
"45033970100","9701",7.27649004799893
"45033970400","9704",7.24933479264643
"45033970500","9705",6.88488081208671
"45033970200","9702",7.05823513876781
"45033970600","9706",7.12430271884535
