"GEOID","NAMELSAD","Particulate.Matter"
"26135970300","Census Tract 9703",4.55186197820637
"26135970500","Census Tract 9705",4.63134457320696
"26135970400","Census Tract 9704",4.53513180699889
"26135970201","Census Tract 9702.01",4.51737918301314
"26135970202","Census Tract 9702.02",4.5524333452616
