"GEOID","NAME","Particulate.Matter"
"29065960400","9604",5.78357160050115
"29065960200","9602",5.66632879780708
"29065960300","9603",6.14271701120616
"29065960100","9601",5.71428790043239
