"GEOID","NAMELSAD","Particulate.Matter"
"53017950100","Census Tract 9501",3.01988354279781
"53017950200","Census Tract 9502",2.47208963918096
"53017950300","Census Tract 9503",3.85117785176597
"53017950400","Census Tract 9504",5.69977541555372
"53017950500","Census Tract 9505",7.21317153729911
"53017950600","Census Tract 9506",5.70116825816135
"53017950700","Census Tract 9507",6.94239964665967
"53017950800","Census Tract 9508",5.61343037541797
