"GEOID","NAME","Particulate.Matter"
"19063070400","704",5.81262309287153
"19063070100","701",5.33762328810206
"19063070200","702",5.59541517252749
"19063070300","703",5.94031497224409
