"GEOID","NAMELSAD","Particulate.Matter"
"39131952500","Census Tract 9525",7.1700016134973
"39131952600","Census Tract 9526",6.72792896232723
"39131952200","Census Tract 9522",6.78657221490977
"39131952300","Census Tract 9523",7.18586069386288
"39131952700","Census Tract 9527",6.80937834484121
"39131952400","Census Tract 9524",7.44640588947475
