"GEOID","NAME","Particulate.Matter"
"30093000100","1",4.98674985807063
"30093000600","6",4.67991224061109
"30093000500","5",5.19940475148058
"30093000200","2",4.73180345737524
"30093000700","7",4.73179810636502
"30093000800","8",3.01119276166518
"30093000300","3",5.82924024161812
"30093000400","4",5.3596765420567
