"GEOID","NAME","Particulate.Matter"
"16011950200","9502",3.0037229262525
"16011950600","9506",5.24526860519242
"16011950500","9505",5.3852633825406
"16011950400","9504",5.23947891455255
"16011950300","9503",4.34526297681871
"16011950700","9507",5.24622387624819
"16011940000","9400",3.94940675919191
"16011950100","9501",4.90158417258878
