"GEOID","NAME","Particulate.Matter"
"13251970200","9702",7.35636257535884
"13251970400","9704",7.28374368692717
"13251970500","9705",7.32557673946225
"13251970600","9706",7.29291118374668
"13251970300","9703",7.2899442178072
