"GEOID","NAME","Particulate.Matter"
"13049010100","101",6.93791258813486
"13049010200","102",7.06723008836896
