"GEOID","NAME","Particulate.Matter"
"17157950700","9507",7.10284395298469
"17157951100","9511",7.29203428234621
"17157950500","9505",7.00516836997505
"17157950800","9508",7.06810224380023
"17157950900","9509",6.91821017511403
"17157951000","9510",6.88913782960213
"17157950600","9506",7.40086784583804
"17157951200","9512",7.0506166784801
"17157951300","9513",7.29581687596047
