"GEOID","NAMELSAD","Particulate.Matter"
"29075960200","Census Tract 9602",6.10508887581087
"29075960100","Census Tract 9601",5.99081978869846
