"GEOID","NAME","Particulate.Matter"
"27029000300","3",3.41055065433173
"27029000200","2",3.13007688148378
"27029000100","1",3.1511986350411
