"GEOID","NAME","Particulate.Matter"
"48315950300","9503",6.45597071696308
"48315950400","9504",6.81828464163879
"48315950200","9502",6.44180117161695
"48315950100","9501",7.07342922384083
