"GEOID","NAME","Particulate.Matter"
"32017950100","9501",4.01765926218843
"32017950200","9502",4.07430304234295
