"GEOID","NAME","Particulate.Matter"
"21101020300","203",9.27804864212305
"21101020100","201",9.03588722784978
"21101020701","207.01",8.98140922676092
"21101020702","207.02",8.76118092544345
"21101020602","206.02",8.84222702206194
"21101020800","208",8.92149182269974
"21101020200","202",9.22157556278176
"21101020601","206.01",8.78229689615387
"21101020900","209",8.47209557889031
"21101020500","205",9.19811373429498
"21101020400","204",9.18743380337637
