"GEOID","NAME","Particulate.Matter"
"17087980000","9800",7.48615406059877
"17087977800","9778",7.60890645695082
"17087977700","9777",7.20798715744989
"17087977600","9776",7.22523257623523
