"GEOID","NAMELSAD","Particulate.Matter"
"21021930200","Census Tract 9302",7.08791460866835
"21021930600","Census Tract 9306",7.21244328431631
"21021930500","Census Tract 9305",6.988233615248
"21021930300","Census Tract 9303",7.35309987855429
"21021930400","Census Tract 9304",6.93251775185543
"21021930700","Census Tract 9307",6.79788033287132
"21021930100","Census Tract 9301",6.98230913927837
