"GEOID","NAME","Particulate.Matter"
"26101000300","3",4.52315884980826
"26101000400","4",4.80382029509857
"26101000700","7",5.03770406786532
"26101000600","6",4.71319870646589
"26101000800","8",5.84569593655608
"26101000900","9",5.82335288176978
"26101000500","5",4.64639257347039
"26101000100","1",4.47973767830838
"26101000200","2",4.3969423739932
