"GEOID","NAME","Particulate.Matter"
"08107000500","5",4.21010747195847
"08107000700","7",2.71682469553848
"08107000200","2",4.15313776698363
"08107000100","1",2.77829466196889
"08107000300","3",3.28859231313031
"08107000400","4",4.38854970757134
"08107000600","6",2.66105356815277
"08107000800","8",2.5312877790961
