"GEOID","NAME","Particulate.Matter"
"56023978200","9782",3.09556752318723
"56023978100","9781",4.11619515720667
"56023978000","9780",2.69911611353464
"56023978400","9784",2.77750154536309
