"GEOID","NAMELSAD","Particulate.Matter"
"17017960100","Census Tract 9601",6.63749294916419
"17017960300","Census Tract 9603",6.54980578664759
"17017960400","Census Tract 9604",7.68441843546886
"17017960200","Census Tract 9602",6.43421700174194
"17017960500","Census Tract 9605",8.09764402857609
