"GEOID","NAME","Particulate.Matter"
"46079960100","9601",4.4900941893973
"46079960300","9603",4.74447468389709
"46079960200","9602",4.52251431322808
