"GEOID","NAME","Particulate.Matter"
"29105960600","9606",6.04984808685428
"29105960500","9605",6.54530945660736
"29105960298","9602.98",6.00585414191446
"29105960100","9601",6.04840870701869
"29105960300","9603",5.91477762540491
"29105960400","9604",6.26316016163173
