"GEOID","NAME","Particulate.Matter"
"21087930300","9303",7.33134915786564
"21087930200","9302",7.46198710542869
"21087930400","9304",7.25937941956512
"21087930100","9301",7.44545748845742
