"GEOID","NAME","Particulate.Matter"
"13101880100","8801",6.80051270926056
"13101880200","8802",7.09469496542774
