"GEOID","NAMELSAD","Particulate.Matter"
"08099000200","Census Tract 2",4.51625293983602
"08099000300","Census Tract 3",4.85448199639514
"08099000100","Census Tract 1",3.93311691878806
"08099000600","Census Tract 6",4.24884373327664
"08099000700","Census Tract 7",4.06624198085501
