"GEOID","NAMELSAD","Particulate.Matter"
"27011950300","Census Tract 9503",4.69122495795094
"27011950100","Census Tract 9501",4.59355508027947
"27011950200","Census Tract 9502",4.3602916035206
