"GEOID","NAME","Particulate.Matter"
"12075970200","9702",6.81288610503538
"12075970600","9706",6.88420169902912
"12075970700","9707",6.98113710910675
"12075970500","9705",6.93582877086393
"12075970400","9704",6.99738136821476
"12075970301","9703.01",6.85759062377094
"12075970102","9701.02",6.88399290415495
"12075970302","9703.02",6.7469297924488
"12075970101","9701.01",6.81363771565635
