"GEOID","NAME","Particulate.Matter"
"48067950500","9505",6.79839231573783
"48067950100","9501",6.73906942865896
"48067950700","9507",6.10945231269915
"48067950200","9502",6.39338232939831
"48067950300","9503",6.68076699464728
"48067950600","9506",6.52589065261544
"48067950400","9504",6.91583321627266
