"GEOID","NAME","Particulate.Matter"
"29091090600","906",5.82179187719265
"29091090200","902",5.84448346914787
"29091090400","904",5.69771997563659
"29091090100","901",5.71775175469199
"29091090500","905",5.71978297196224
"29091090300","903",5.79761771711304
"29091090800","908",6.14385021166061
"29091090700","907",6.3184050913516
