"GEOID","NAME","Particulate.Matter"
"19083480600","4806",5.87297881529141
"19083480400","4804",5.91562236725173
"19083480500","4805",6.04813229723902
"19083480300","4803",5.89114492321464
"19083480200","4802",5.78100568045093
"19083480100","4801",5.77163675769138
