"GEOID","NAMELSAD","Particulate.Matter"
"05039970100","Census Tract 9701",7.19307038237204
"05039970300","Census Tract 9703",7.30184368813743
"05039970200","Census Tract 9702",7.04063786250377
