"GEOID","NAMELSAD","Particulate.Matter"
"22025000300","Census Tract 3",7.77213020679394
"22025000100","Census Tract 1",7.79685932035942
"22025000200","Census Tract 2",8.00586182352366
