"GEOID","NAME","Particulate.Matter"
"29143960400","9604",7.74393540252104
"29143960300","9603",8.00206231006125
"29143960100","9601",7.82185599486192
"29143960600","9606",7.70100492424841
"29143960200","9602",7.66077690926964
"29143960500","9605",7.49157848378758
