"GEOID","NAME","Particulate.Matter"
"17191955200","9552",8.03101757664146
"17191955000","9550",7.57591250819596
"17191955300","9553",7.68626622958307
"17191954900","9549",7.6531288063367
"17191955100","9551",7.88923021956401
