"GEOID","NAME","Particulate.Matter"
"12047960200","9602",6.99582531765703
"12047960300","9603",7.05607732838839
"12047960100","9601",6.89661979495429
