"GEOID","NAMELSAD","Particulate.Matter"
"48119950200","Census Tract 9502",6.5447513605473
"48119950100","Census Tract 9501",6.50613049715705
