"GEOID","NAME","Particulate.Matter"
"21161960400","9604",7.11862118906695
"21161960500","9605",6.90964208911793
"21161960300","9603",7.67197415713073
"21161960200","9602",7.77432337522558
"21161960100","9601",7.19802769094521
