"GEOID","NAME","Particulate.Matter"
"17103000700","7",6.72496519908925
"17103000300","3",7.15197030716815
"17103000100","1",6.59569708492715
"17103000900","9",6.35037688772755
"17103000500","5",6.72062379599694
"17103000800","8",6.38512110970286
"17103000600","6",7.2764884464975
"17103000200","2",6.60730650589251
"17103000400","4",6.95106334982382
