"GEOID","NAME","Particulate.Matter"
"29219820101","8201.01",5.58164174521126
"29219820103","8201.03",5.64335204661683
"29219820102","8201.02",5.59808529068967
"29219820202","8202.02",5.91812727943605
"29219820201","8202.01",5.47010634024846
