"GEOID","NAMELSAD","Particulate.Matter"
"40115574900","Census Tract 5749",7.26321237755542
"40115574300","Census Tract 5743",7.37412448914325
"40115574800","Census Tract 5748",7.541407988687
"40115574600","Census Tract 5746",7.5497896470404
"40115574700","Census Tract 5747",7.39444868758556
"40115574200","Census Tract 5742",7.37544219148789
"40115574100","Census Tract 5741",7.13395124108256
"40115574500","Census Tract 5745",8.59107264639076
"40115574400","Census Tract 5744",8.60974574083833
