"GEOID","NAME","Particulate.Matter"
"39019720500","7205",7.03308729944118
"39019720600","7206",6.84701601733565
"39019720300","7203",7.1744363561327
"39019720400","7204",7.19467847927906
"39019720700","7207",6.88727279476697
"39019720200","7202",7.12038601606946
"39019720100","7201",7.05268529488807
