"GEOID","NAMELSAD","Particulate.Matter"
"21075960100","Census Tract 9601",7.71565962921525
"21075960200","Census Tract 9602",7.89979482396836
