"GEOID","NAMELSAD","Particulate.Matter"
"20079030600","Census Tract 306",5.56975215056985
"20079030300","Census Tract 303",5.77202242579508
"20079030500","Census Tract 305",5.34074238245561
"20079030100","Census Tract 301",5.74171004615139
"20079030400","Census Tract 304",5.93880622884367
"20079030200","Census Tract 302",5.61401547800406
