"GEOID","NAME","Particulate.Matter"
"55017010100","101",5.46247041722065
"55017011200","112",4.62664372912179
"55017010500","105",5.06326266166077
"55017011100","111",4.62709123972882
"55017010200","102",5.17111465119995
"55017010300","103",5.6845906852864
"55017010800","108",4.53984653994198
"55017010700","107",4.83745818096538
"55017010900","109",4.51502314342941
"55017010400","104",4.74122693599768
"55017011000","110",4.64879773042629
