"GEOID","NAME","Particulate.Matter"
"47117955200","9552",7.20522114982526
"47117955100","9551",7.35302961446696
"47117955000","9550",7.17755796327984
"47117955300","9553",7.67593020581829
"47117955500","9555",7.02016645416098
"47117955400","9554",7.38222293543883
