"GEOID","NAME","Particulate.Matter"
"13257970302","9703.02",9.22599156939818
"13257970301","9703.01",9.40397066831583
"13257970400","9704",8.95074668533945
"13257970200","9702",9.30492615439905
"13257970100","9701",9.2296214637319
