"GEOID","NAME","Particulate.Matter"
"08103951100","9511",2.11694187340425
"08103951200","9512",2.41078442741965
