"GEOID","NAME","Particulate.Matter"
"06043000200","2",6.55064312711325
"06043000400","4",3.79816009063701
"06043000102","1.02",7.71798281329667
"06043000101","1.01",6.77599017180541
"06043000301","3.01",6.83521447938396
"06043000302","3.02",5.5299337655163
