"GEOID","NAMELSAD","Particulate.Matter"
"51640070101","Census Tract 701.01",6.16123729708253
"51640070102","Census Tract 701.02",6.22533884119157
