"GEOID","NAME","Particulate.Matter"
"51139030300","303",5.58696694034896
"51139030200","302",6.23068078170373
"51139030400","304",5.6868615481096
"51139030100","301",5.56824569061521
"51139030500","305",5.6106843639701
