"GEOID","NAMELSAD","Particulate.Matter"
"53049950800","Census Tract 9508",2.39476886846415
"53049950300","Census Tract 9503",2.29030049515353
"53049950500","Census Tract 9505",2.39102150618228
"53049950700","Census Tract 9507",2.4649099640267
"53049950600","Census Tract 9506",2.81185799723122
"53049950400","Census Tract 9504",2.07689980630382
"53049950200","Census Tract 9502",2.42129770928446
