"GEOID","NAME","Particulate.Matter"
"36099950100","9501",5.43788836518233
"36099950500","9505",5.52099219252581
"36099950800","9508",5.89340279984036
"36099950400","9504",5.64972519579909
"36099950300","9503",5.73088873156041
"36099950600","9506",5.70769907186981
"36099950700","9507",5.83041891203421
"36099950900","9509",5.86698038548527
"36099950200","9502",5.4964583038919
"36099951000","9510",5.89396258129964
