"GEOID","NAME","Particulate.Matter"
"48207950300","9503",5.31828419771426
"48207950400","9504",5.15813556699434
