"GEOID","NAME","Particulate.Matter"
"47079969500","9695",7.27153764136311
"47079969000","9690",7.10601215740453
"47079969400","9694",7.2816390438706
"47079969800","9698",7.08625880759118
"47079969200","9692",7.07441953481303
"47079969700","9697",7.32953928355864
"47079969100","9691",6.97226329954665
"47079969300","9693",7.04753279460665
"47079969600","9696",7.12422378697126
