"GEOID","NAMELSAD","Particulate.Matter"
"20065952100","Census Tract 9521",4.03016257620621
"20065952200","Census Tract 9522",4.29963453528756
