"GEOID","NAME","Particulate.Matter"
"28019950200","9502",7.02662622737942
"28019950300","9503",6.85301412874095
"28019950100","9501",7.00696133306921
