"GEOID","NAME","Particulate.Matter"
"17049950600","9506",7.2214741015163
"17049950300","9503",7.27102937185827
"17049950100","9501",7.01194998661839
"17049950800","9508",7.24136554978293
"17049950500","9505",7.53856141518813
"17049950200","9502",7.09517853136568
"17049950400","9504",7.36974782410741
"17049950700","9507",7.49743416690871
