"GEOID","NAME","Particulate.Matter"
"28085950100","9501",7.25444033510777
"28085950600","9506",7.38686850341905
"28085950500","9505",7.59152756157982
"28085950400","9504",6.86375089330427
"28085950200","9502",7.0822881654085
"28085950300","9503",7.07394328694451
