"GEOID","NAME","Particulate.Matter"
"18027954300","9543",7.63278665704497
"18027954700","9547",7.6066332437994
"18027954500","9545",7.7263527280864
"18027954400","9544",7.52083389997624
"18027954900","9549",7.86316831679337
"18027954600","9546",7.82499357259871
"18027954800","9548",7.97249499929324
