"GEOID","NAME","Particulate.Matter"
"22095070600","706",7.66470536212064
"22095070900","709",7.68596879725799
"22095071000","710",7.543647189334
"22095070400","704",7.77338142131094
"22095070100","701",7.23592569053676
"22095070200","702",7.84465788037906
"22095071100","711",7.53220232910939
"22095070800","708",7.81560764805918
"22095070300","703",8.09351349585928
"22095070700","707",7.9020149745407
"22095070500","705",7.62020081911798
