"GEOID","NAME","Particulate.Matter"
"40087400300","4003",6.68907356078215
"40087400101","4001.01",6.51278486602199
"40087400102","4001.02",6.15070138321504
"40087400400","4004",6.69361137279206
"40087400202","4002.02",6.4305554445877
"40087400201","4002.01",6.49219142534062
