"GEOID","NAME","Particulate.Matter"
"48495950200","9502",5.1494531483406
"48495950300","9503",5.64715920053684
"48495950400","9504",4.71937928663768
