"GEOID","NAME","Particulate.Matter"
"26165380700","3807",5.93947850678433
"26165380600","3806",4.97624746472448
"26165380400","3804",4.29448512370154
"26165380500","3805",4.41766787196416
"26165380200","3802",4.36795413600539
"26165380100","3801",4.46207326296922
"26165380300","3803",4.36320629260588
"26165380800","3808",4.6837374772805
