"GEOID","NAMELSAD","Particulate.Matter"
"30009000200","Census Tract 2",4.03523252215874
"30009000100","Census Tract 1",3.56828795058439
"30009000500","Census Tract 5",3.05764150181225
"30009000300","Census Tract 3",3.19011916045888
"30009000400","Census Tract 4",2.99887813637187
