"GEOID","NAME","Particulate.Matter"
"26141950300","9503",4.56928005913423
"26141950400","9504",4.44726715517968
"26141950600","9506",5.18019528017523
"26141950500","9505",4.90603519177569
"26141950100","9501",4.42497864731302
"26141950200","9502",5.24300836585574
