"GEOID","NAME","Particulate.Matter"
"20119966600","9666",4.53619605430617
"20119966700","9667",4.56593487473344
