"GEOID","NAME","Particulate.Matter"
"51127700300","7003",6.24592131159891
"51127700100","7001",6.53856579467289
"51127700200","7002",6.43028723424215
