"GEOID","NAMELSAD","Particulate.Matter"
"21239050300","Census Tract 503",6.97995669623793
"21239050200","Census Tract 502",7.10595252683546
"21239050400","Census Tract 504",7.02500434389895
"21239050104","Census Tract 501.04",6.95646013051745
"21239050107","Census Tract 501.07",6.82222770390639
"21239050103","Census Tract 501.03",6.91469155183469
"21239050105","Census Tract 501.05",7.04986566569713
"21239050106","Census Tract 501.06",6.86293086643708
