"GEOID","NAME","Particulate.Matter"
"38053962300","9623",2.90788464164569
"38053940100","9401",2.76860801877493
"38053962500","9625",2.9919863808068
"38053962400","9624",3.14249446762951
