"GEOID","NAME","Particulate.Matter"
"12131950602","9506.02",7.03757974861149
"12131950603","9506.03",7.51266240636265
"12131950101","9501.01",6.82734146407683
"12131950102","9501.02",6.81835501604064
"12131950601","9506.01",7.28434145473396
"12131950502","9505.02",6.9442060786484
"12131950301","9503.01",6.9434775889076
"12131950400","9504",7.13003823948052
"12131950200","9502",6.90972160987676
"12131950302","9503.02",6.85887049764021
"12131950501","9505.01",7.05558227376272
