"GEOID","NAME","Particulate.Matter"
"19047070100","701",5.54278957248502
"19047070500","705",5.53385165538134
"19047070300","703",5.58819484194173
"19047070200","702",5.51408918967928
"19047070400","704",5.58642838400888
