"GEOID","NAMELSAD","Particulate.Matter"
"42113960100","Census Tract 9601",5.80253957482202
"42113960200","Census Tract 9602",5.91136535607479
