"GEOID","NAME","Particulate.Matter"
"48501950200","9502",4.67511713152577
"48501950100","9501",4.59538679506797
