"GEOID","NAME","Particulate.Matter"
"47015960100","9601",7.25074732007145
"47015960200","9602",7.45228951135542
"47015960300","9603",7.35089054342798
