"GEOID","NAME","Particulate.Matter"
"31043010400","104",5.82474412228656
"31043010100","101",7.2281248031987
"31043010300","103",6.3062993737939
"31043010200","102",6.75453498126217
