"GEOID","NAME","Particulate.Matter"
"47067960500","9605",7.75141011603166
"47067960600","9606",7.38466574370202
