"GEOID","NAME","Particulate.Matter"
"46127020200","202",5.6834152957344
"46127020300","203",6.07544914949603
"46127020100","201",5.44885521442604
