"GEOID","NAME","Particulate.Matter"
"27085950200","9502",5.05775749162127
"27085950400","9504",5.36831779470919
"27085950300","9503",5.17134550772854
"27085950100","9501",5.15913068013216
"27085950500","9505",5.05413951419913
"27085950600","9506",5.09655655807917
"27085950700","9507",5.17627234903188
