"GEOID","NAME","Particulate.Matter"
"37091950401","9504.01",6.0762790784821
"37091950200","9502",6.26942738023493
"37091950100","9501",6.38079717443923
"37091950300","9503",6.25258251290036
"37091950402","9504.02",6.14962896816956
