"GEOID","NAME","Particulate.Matter"
"48445950300","9503",4.78053623257995
"48445950100","9501",4.83777766952017
"48445950400","9504",4.87761647152003
