"GEOID","NAME","Particulate.Matter"
"39047925800","9258",8.23765528380597
"39047926100","9261",7.94493399231982
"39047925900","9259",7.80416190458619
"39047926400","9264",8.09713897970575
"39047926000","9260",8.12314378697935
"39047926200","9262",8.11165310587461
"39047926300","9263",8.3405045224911
