"GEOID","NAME","Particulate.Matter"
"05073470100","4701",7.0063318841239
"05073470200","4702",7.23356335715956
