"GEOID","NAME","Particulate.Matter"
"21091960200","9602",8.63879505768833
"21091960100","9601",8.3928060363975
"21091960300","9603",7.8735990977832
