"GEOID","NAME","Particulate.Matter"
"19051080100","801",6.08410409453463
"19051080200","802",5.81168290989318
