"GEOID","NAME","Particulate.Matter"
"13273120300","1203",6.997975580348
"13273120400","1204",6.98991450557582
"13273120500","1205",6.9926963674363
"13273120200","1202",7.00712891637185
