"GEOID","NAME","Particulate.Matter"
"17145030400","304",7.38575452156228
"17145030200","302",7.10097999533114
"17145030100","301",7.04673096907457
"17145030600","306",7.77252340169886
"17145030300","303",7.25093303889033
"17145030500","305",7.33564691568722
