"GEOID","NAME","Particulate.Matter"
"12043000200","2",6.97979954034123
"12043000300","3",6.92067284546247
"12043000100","1",6.79193972390765
