"GEOID","NAME","Particulate.Matter"
"13105000500","5",7.71384216238458
"13105000200","2",7.96254103443487
"13105000300","3",7.8120099947164
"13105000400","4",8.02751049233892
"13105000100","1",7.72254647548299
