"GEOID","NAMELSAD","Particulate.Matter"
"30067000200","Census Tract 2",4.08720707633316
"30067000500","Census Tract 5",4.24764260240245
"30067000100","Census Tract 1",3.2848394736058
"30067980600","Census Tract 9806",4.98297498965506
"30067000400","Census Tract 4",7.24546578949168
"30067000300","Census Tract 3",7.23309598615054
