"GEOID","NAMELSAD","Particulate.Matter"
"40007951600","Census Tract 9516",4.67050771577075
"40007951800","Census Tract 9518",4.92254509351597
"40007951700","Census Tract 9517",4.74664632864579
