"GEOID","NAMELSAD","Particulate.Matter"
"20003953700","Census Tract 9537",5.98547922273194
"20003953600","Census Tract 9536",6.0860435767387
