"GEOID","NAMELSAD","Particulate.Matter"
"21223100200","Census Tract 1002",7.2125703414596
"21223100100","Census Tract 1001",7.65743822142546
