"GEOID","NAME","Particulate.Matter"
"23015976200","9762",3.97138773621203
"23015975500","9755",4.08343486831432
"23015975800","9758",3.96747677032849
"23015975300","9753",4.06454127630356
"23015975600","9756",3.8590899569595
"23015975700","9757",3.93819361740975
"23015975400","9754",4.01227031406681
"23015975200","9752",3.71256936865074
"23015975100","9751",3.82041569455757
