"GEOID","NAME","Particulate.Matter"
"51595890100","8901",6.64439871884515
"51595890200","8902",6.66486634746611
