"GEOID","NAMELSAD","Particulate.Matter"
"22127960300","Census Tract 9603",8.21056872883751
"22127960100","Census Tract 9601",7.99084295837386
"22127960200","Census Tract 9602",7.96491439131143
"22127960400","Census Tract 9604",8.06352473501276
