"GEOID","NAME","Particulate.Matter"
"21077960101","9601.01",7.65120858225815
"21077960102","9601.02",8.06217055879581
