"GEOID","NAMELSAD","Particulate.Matter"
"29219820101","Census Tract 8201.01",5.58164174521126
"29219820103","Census Tract 8201.03",5.64335204661683
"29219820102","Census Tract 8201.02",5.59808529068967
"29219820202","Census Tract 8202.02",5.91812727943605
"29219820201","Census Tract 8202.01",5.47010634024846
