"GEOID","NAME","Particulate.Matter"
"48337950600","9506",6.28371592747072
"48337950400","9504",6.37742967225061
"48337950300","9503",6.54076690167587
"48337950200","9502",6.52579701106721
"48337950500","9505",6.54561195221657
"48337950100","9501",6.2493372657241
