"GEOID","NAME","Particulate.Matter"
"48131950100","9501",7.00293974501249
"48131950200","9502",7.43247484481881
"48131950500","9505",7.15346622023028
