"GEOID","NAME","Particulate.Matter"
"27087940300","9403",3.34750492412003
"27087940100","9401",3.39026214762213
