"GEOID","NAME","Particulate.Matter"
"47007953100","9531",8.42900999997904
"47007953000","9530",6.59263019494968
"47007953200","9532",6.71914339321862
