"GEOID","NAMELSAD","Particulate.Matter"
"31039972900","Census Tract 9729",5.34341959402
"31039972800","Census Tract 9728",5.55699605000029
"31039972700","Census Tract 9727",5.39058423703235
