"GEOID","NAMELSAD","Particulate.Matter"
"19125030600","Census Tract 306",6.11505556705698
"19125030300","Census Tract 303",6.51366603846077
"19125030700","Census Tract 307",6.06459805973693
"19125030200","Census Tract 302",6.46067321798572
"19125030500","Census Tract 305",7.0963281325582
"19125030100","Census Tract 301",6.49693254038958
"19125030402","Census Tract 304.02",6.52909272579082
"19125030401","Census Tract 304.01",6.34024232771997
