"GEOID","NAME","Particulate.Matter"
"51670820300","8203",7.60782516600819
"51670820500","8205",7.40529937115578
"51670820600","8206",7.22264646118682
"51670820700","8207",7.41975352158629
"51670980100","9801",7.37460536401032
"51670820100","8201",7.43257921624235
"51670820400","8204",7.17398609645998
