"GEOID","NAME","Particulate.Matter"
"51580060200","602",7.49656461205434
"51580060100","601",7.5579750664064
