"GEOID","NAME","Particulate.Matter"
"19115450300","4503",6.86150358987007
"19115450200","4502",6.53499398429406
"19115450100","4501",6.79867297453442
