"GEOID","NAMELSAD","Particulate.Matter"
"13201950200","Census Tract 9502",7.47840980468677
"13201950300","Census Tract 9503",7.5412593177167
"13201950100","Census Tract 9501",7.62602897967919
