"GEOID","NAME","Particulate.Matter"
"26157000800","8",6.27366956014697
"26157001000","10",5.79610794814878
"26157000300","3",6.22622324314796
"26157000100","1",6.13019156663328
"26157000400","4",6.00958743766722
"26157000500","5",5.89841233110411
"26157000600","6",6.15657670703799
"26157000200","2",6.21747958827556
"26157000700","7",5.93079284671994
"26157000900","9",6.05914958095786
"26157001100","11",5.8310411864911
"26157001200","12",5.80526168703816
"26157001300","13",6.09981281422456
