"GEOID","NAME","Particulate.Matter"
"01027958900","9589",7.81278373422771
"01027959200","9592",7.83262298441574
"01027959100","9591",7.88258830342904
"01027959000","9590",7.5699249948596
