"GEOID","NAMELSAD","Particulate.Matter"
"21113060504","Census Tract 605.04",7.08651638566611
"21113060503","Census Tract 605.03",7.46624244267501
"21113060200","Census Tract 602",6.79610554343698
"21113060101","Census Tract 601.01",7.18090765695806
"21113060102","Census Tract 601.02",6.90073760441951
"21113060502","Census Tract 605.02",6.91815841874429
"21113060400","Census Tract 604",7.00947697952184
"21113060600","Census Tract 606",6.81352553513221
"21113060300","Census Tract 603",6.85690001762484
