"GEOID","NAME","Particulate.Matter"
"41013950300","9503",3.24709435689362
"41013950200","9502",2.30011206341996
"41013950400","9504",2.64116534406638
"41013950100","9501",2.05453151406825
