"GEOID","NAME","Particulate.Matter"
"31121966800","9668",4.93674758636423
"31121966600","9666",4.70546971987184
"31121966700","9667",4.62964123575063
