"GEOID","NAMELSAD","Particulate.Matter"
"13081010300","Census Tract 103",7.27954696722167
"13081010100","Census Tract 101",7.15952787838805
"13081010500","Census Tract 105",7.21910297035769
"13081010400","Census Tract 104",7.49132963155577
"13081010202","Census Tract 102.02",7.42238173158372
"13081010201","Census Tract 102.01",7.3759270886984
