"GEOID","NAME","Particulate.Matter"
"13315960200","9602",7.2610589780168
"13315960400","9604",7.16555526850064
"13315960300","9603",7.15674339562442
"13315960100","9601",7.17460070520967
