"GEOID","NAMELSAD","Particulate.Matter"
"51600300400","Census Tract 3004",7.31235495044842
"51600300100","Census Tract 3001",7.48217751013752
"51600300300","Census Tract 3003",7.29535171735854
"51600300500","Census Tract 3005",7.23500462037445
"51600300200","Census Tract 3002",7.46271364843297
