"GEOID","NAME","Particulate.Matter"
"21095971300","9713",6.42531974819466
"21095970200","9702",5.72076982105732
"21095970800","9708",7.44526271959233
"21095971000","9710",6.18876542767135
"21095970700","9707",6.92298424285481
"21095970500","9705",6.66320304643103
"21095970600","9706",6.8038565320745
"21095970100","9701",5.1330619656345
"21095970400","9704",6.62824127204913
"21095970900","9709",6.52904381237765
"21095970300","9703",5.36454171081823
