"GEOID","NAMELSAD","Particulate.Matter"
"05141460200","Census Tract 4602",6.31994099028826
"05141460400","Census Tract 4604",6.53514260324049
"05141460100","Census Tract 4601",6.05797254547561
"05141460302","Census Tract 4603.02",6.66559829487847
"05141460301","Census Tract 4603.01",6.3281945300193
