"GEOID","NAME","Particulate.Matter"
"31051977800","9778",5.39503603118967
"31051977600","9776",5.45197393100392
