"GEOID","NAME","Particulate.Matter"
"27093560500","5605",4.87855952199868
"27093560400","5604",4.92587258873161
"27093560200","5602",4.90195784440993
"27093560600","5606",4.80027399509696
"27093560100","5601",4.89110028507176
"27093560300","5603",5.13559867567218
