"GEOID","NAME","Particulate.Matter"
"29103960200","9602",5.58901422386662
"29103960100","9601",5.86340157833778
