"GEOID","NAME","Particulate.Matter"
"26013000200","2",3.32782941788028
"26013000100","1",3.18445611767047
