"GEOID","NAME","Particulate.Matter"
"31145963100","9631",3.84249744823709
"31145963300","9633",3.97073325535396
"31145963200","9632",4.08606075563639
