"GEOID","NAME","Particulate.Matter"
"30027030100","301",2.71472838279947
"30027030200","302",3.04580527295066
