"GEOID","NAMELSAD","Particulate.Matter"
"38059020200","Census Tract 202",3.20809994649979
"38059020500","Census Tract 205",2.86743488212053
"38059020300","Census Tract 203",3.34476125532586
"38059020100","Census Tract 201",4.71863971018883
"38059020400","Census Tract 204",3.05587934901185
