"GEOID","NAME","Particulate.Matter"
"13199970500","9705",7.51345987173216
"13199970600","9706",7.51120955977544
"13199970700","9707",8.12224320841535
"13199970800","9708",7.93847390868316
