"GEOID","NAME","Particulate.Matter"
"54073962200","9622",6.51879507213318
"54073962100","9621",6.4052249205403
