"GEOID","NAME","Particulate.Matter"
"48071710200","7102",7.6525523803838
"48071710300","7103",7.30122185818445
"48071710401","7104.01",7.14861294008746
"48071710500","7105",6.94422973799967
"48071710100","7101",7.67161705612638
