"GEOID","NAME","Particulate.Matter"
"28107950300","9503",6.90618739337431
"28107950500","9505",6.9529950695517
"28107950600","9506",7.22530772516262
"28107950200","9502",6.79961818545544
"28107950400","9504",6.83162344854415
"28107950100","9501",6.95131705659871
