"GEOID","NAMELSAD","Particulate.Matter"
"47041920102","Census Tract 9201.02",7.80160035536675
"47041920101","Census Tract 9201.01",7.9553366701904
"47041920200","Census Tract 9202",7.67417067005564
"47041920300","Census Tract 9203",7.60498676981235
