"GEOID","NAME","Particulate.Matter"
"48043950400","9504",5.07218691747274
"48043950300","9503",5.15170402028771
"48043950500","9505",5.52596313151837
