"GEOID","NAME","Particulate.Matter"
"48237950500","9505",6.11916548534498
"48237950300","9503",6.35880542835955
"48237950100","9501",6.23131360814053
