"GEOID","NAMELSAD","Particulate.Matter"
"13293010400","Census Tract 104",7.63917426517221
"13293010500","Census Tract 105",7.64797646203219
"13293010600","Census Tract 106",7.74615812638597
"13293010201","Census Tract 102.01",7.63229111495037
"13293010300","Census Tract 103",7.61029226403533
"13293010202","Census Tract 102.02",7.47929306420859
"13293010100","Census Tract 101",7.54216962312405
