"GEOID","NAME","Particulate.Matter"
"22085000300","3",7.32056872900048
"22085000100","1",7.55347755140772
"22085000500","5",7.26921039579456
"22085000400","4",7.50895113392159
"22085000600","6",7.63974735883711
"22085000200","2",7.33943405169611
"22085000700","7",7.55630389480585
