"GEOID","NAME","Particulate.Matter"
"55125950200","9502",3.89424403941493
"55125950500","9505",4.25590391485768
"55125950600","9506",3.86236298067745
"55125950700","9507",4.11702774657841
"55125940000","9400",4.12397955086107
