"GEOID","NAME","Particulate.Matter"
"46031941000","9410",2.89970140723018
"46031941100","9411",3.27511387418338
