"GEOID","NAME","Particulate.Matter"
"20205097300","973",7.03021760504927
"20205097400","974",7.15515570991572
"20205097100","971",6.72751222250395
"20205097200","972",6.7203334210682
