"GEOID","NAMELSAD","Particulate.Matter"
"05013480200","Census Tract 4802",7.35407777597681
"05013480100","Census Tract 4801",7.44426519587656
