"GEOID","NAME","Particulate.Matter"
"13207050200","502",7.99099642133744
"13207050102","501.02",8.03335215999257
"13207050302","503.02",8.10619257580676
"13207050301","503.01",7.88122157206803
"13207050101","501.01",8.0288320175149
