"GEOID","NAME","Particulate.Matter"
"42035030300","303",5.97590905818817
"42035030600","306",8.52328996686444
"42035030800","308",6.52327354244083
"42035030200","302",6.37204210628815
"42035030500","305",6.87786801199346
"42035030400","304",7.42629157175115
"42035030900","309",5.74217369887382
"42035030100","301",5.88286845460188
"42035030700","307",8.15470057361178
