"GEOID","NAME","Particulate.Matter"
"13205090200","902",7.07141134590282
"13205090300","903",7.0980243688626
"13205090500","905",7.58419001821592
"13205090100","901",7.05901379984748
"13205090400","904",7.35463402619298
