"GEOID","NAME","Particulate.Matter"
"38069956200","9562",2.99809624922165
"38069956100","9561",3.09621226873705
