"GEOID","NAME","Particulate.Matter"
"01001020802","208.02",7.7249157581475
"01001020801","208.01",8.15222557838529
"01001020700","207",8.30158735620597
"01001020200","202",8.1406083086757
"01001020900","209",7.73102556326811
"01001020600","206",8.19436065029434
"01001020100","201",8.06423406102703
"01001020400","204",8.35165266883694
"01001020300","203",8.19236797116056
"01001021100","211",7.85833082985581
"01001020500","205",8.4570343979547
"01001021000","210",7.82977285428245
