"GEOID","NAME","Particulate.Matter"
"37013930502","9305.02",6.21041977558771
"37013930501","9305.01",6.30989220437303
"37013930600","9306",6.02261054743344
"37013930900","9309",6.13577570547312
"37013930800","9308",6.09933046795045
"37013930100","9301",6.092481349326
"37013931000","9310",6.24214323731506
"37013930200","9302",6.2251825618884
"37013930700","9307",5.88032638923001
"37013930300","9303",6.78013966221796
"37013930400","9304",6.40372476708335
