"GEOID","NAMELSAD","Particulate.Matter"
"13129970600","Census Tract 9706",9.68713807387531
"13129970300","Census Tract 9703",9.90320006664826
"13129970400","Census Tract 9704",9.80613540860077
"13129970200","Census Tract 9702",9.31161677079458
"13129970800","Census Tract 9708",9.53850763993623
"13129970900","Census Tract 9709",9.39534524252866
"13129970700","Census Tract 9707",9.44195772762319
"13129970100","Census Tract 9701",9.65728645230254
"13129970500","Census Tract 9705",9.98018930450259
