"GEOID","NAME","Particulate.Matter"
"18009975100","9751",7.63994829121939
"18009975200","9752",8.05981803619567
"18009975300","9753",8.17949513031985
"18009975400","9754",7.82946807721172
