"GEOID","NAME","Particulate.Matter"
"48267950100","9501",6.48435978070902
"48267950200","9502",7.1359980092745
