"GEOID","NAME","Particulate.Matter"
"54023969500","9695",7.14408425107198
"54023969600","9696",7.16332972316763
"54023969400","9694",6.0749394284956
