"GEOID","NAME","Particulate.Matter"
"19067480100","4801",5.66047114583648
"19067480200","4802",5.83546446682999
"19067480400","4804",5.79735359955024
"19067480500","4805",5.77504293376463
"19067480300","4803",5.86100516892855
