"GEOID","NAME","Particulate.Matter"
"22125951702","9517.02",8.10689346799979
"22125951800","9518",7.87073605733133
"22125951701","9517.01",8.00972194358332
