"GEOID","NAME","Particulate.Matter"
"22039950300","9503",8.04154368321225
"22039950600","9506",8.26929755590247
"22039950200","9502",7.98907911055765
"22039950100","9501",7.9972228981744
"22039950800","9508",8.28314603904613
"22039950400","9504",8.20702842196124
"22039950500","9505",8.45401128405974
"22039950700","9507",8.05076818504052
