"GEOID","NAME","Particulate.Matter"
"48153950500","9505",4.51898488496942
"48153950600","9506",4.5231698436033
