"GEOID","NAME","Particulate.Matter"
"01059972900","9729",7.2284841745904
"01059973600","9736",7.02143542387837
"01059973300","9733",7.0285373598464
"01059973500","9735",7.12039617022406
"01059973100","9731",7.079895625965
"01059973700","9737",6.92926132632913
"01059973400","9734",7.24094252546843
"01059973000","9730",7.12032385342835
"01059973200","9732",6.92630171571606
