"GEOID","NAME","Particulate.Matter"
"49019000300","3",2.55655941635191
"49019000200","2",3.75765877689021
