"GEOID","NAME","Particulate.Matter"
"51111930100","9301",5.79387260654839
"51111930200","9302",5.71750372147552
"51111930300","9303",5.97329425731308
