"GEOID","NAME","Particulate.Matter"
"32013010702","107.02",2.48104784221186
"32013010701","107.01",5.01976886479836
"32013010500","105",3.13742037380766
"32013010600","106",3.22489430172687
