"GEOID","NAME","Particulate.Matter"
"05061950200","9502",6.60356513940607
"05061950100","9501",6.45272242595974
"05061950300","9503",6.71517363504281
