"GEOID","NAMELSAD","Particulate.Matter"
"45087030100","Census Tract 301",8.58869736624359
"45087030900","Census Tract 309",8.15915766541178
"45087030500","Census Tract 305",8.38047223255443
"45087030400","Census Tract 304",8.24088504725173
"45087030300","Census Tract 303",8.36825327027426
"45087030200","Census Tract 302",8.67673674290209
"45087030600","Census Tract 306",8.38728747186028
"45087030700","Census Tract 307",8.23353790850958
"45087030800","Census Tract 308",7.84113818161481
