"GEOID","NAME","Particulate.Matter"
"31107976400","9764",4.68052137327441
"31107976200","9762",4.29956131332707
"31107976300","9763",4.63417486897081
