"GEOID","NAME","Particulate.Matter"
"51660000203","2.03",6.93512190877612
"51660000302","3.02",6.91606727279962
"51660000205","2.05",6.38566483212113
"51660000102","1.02",6.58623046519183
"51660000402","4.02",6.97447426610854
"51660000204","2.04",7.23798107288217
"51660000101","1.01",7.05818345925727
"51660000207","2.07",6.65481874808473
"51660000401","4.01",6.71628139205836
"51660000206","2.06",7.0420446589953
"51660000301","3.01",6.71165579428436
