"GEOID","NAME","Particulate.Matter"
"21079970400","9704",6.94625025087378
"21079970100","9701",7.06311357968721
"21079970200","9702",7.00494500837996
"21079970300","9703",6.89294145656564
