"GEOID","NAMELSAD","Particulate.Matter"
"29103960200","Census Tract 9602",5.58901422386662
"29103960100","Census Tract 9601",5.86340157833778
