"GEOID","NAME","Particulate.Matter"
"17185957400","9574",7.8190677605579
"17185957300","9573",7.62665044219584
"17185957500","9575",7.86306159901477
"17185957200","9572",7.55763759716267
