"GEOID","NAME","Particulate.Matter"
"21191930200","9302",7.59215261958433
"21191930300","9303",7.45085295335644
"21191930100","9301",8.10614891896403
