"GEOID","NAME","Particulate.Matter"
"21155970400","9704",7.89378053443563
"21155970300","9703",7.67055726311603
"21155970200","9702",7.69107800900433
"21155970700","9707",7.46790923273841
"21155970500","9705",7.60103755858253
"21155970800","9708",7.11840065908757
