"GEOID","NAME","Particulate.Matter"
"19019950100","9501",6.00773233312962
"19019950300","9503",6.03758012890505
"19019950600","9506",6.26851830741596
"19019950500","9505",6.21705411545313
"19019950200","9502",5.91296620799573
"19019950400","9504",6.15788392867848
