"GEOID","NAME","Particulate.Matter"
"20123176600","1766",4.37027361850131
"20123176700","1767",4.34782128234606
