"GEOID","NAMELSAD","Particulate.Matter"
"48503950400","Census Tract 9504",5.85998997701722
"48503950600","Census Tract 9506",6.26632122824275
"48503950500","Census Tract 9505",6.50679057809591
"48503950200","Census Tract 9502",5.89416412016724
