"GEOID","NAME","Particulate.Matter"
"18033020300","203",6.97249831693093
"18033020700","207",6.64435790407934
"18033020800","208",7.00721105998018
"18033020100","201",6.77965563812248
"18033020200","202",6.74514063688369
"18033020400","204",6.94798337069098
"18033020500","205",7.60943142032551
"18033020602","206.02",6.81815327744413
"18033020601","206.01",6.61870035207037
