"GEOID","NAMELSAD","Particulate.Matter"
"38085940800","Census Tract 9408",3.01992826343081
"38085940900","Census Tract 9409",3.19063437548677
