"GEOID","NAMELSAD","Particulate.Matter"
"16087970100","Census Tract 9701",3.82900111980216
"16087970300","Census Tract 9703",3.12186178337804
"16087970200","Census Tract 9702",4.55404736614206
