"GEOID","NAME","Particulate.Matter"
"17079977500","9775",7.56658933285375
"17079977300","9773",7.33598951928998
"17079977400","9774",7.6919077921411
