"GEOID","NAME","Particulate.Matter"
"31035962100","9621",4.68806262472436
"31035962200","9622",4.5869841646159
