"GEOID","NAME","Particulate.Matter"
"51113930100","9301",6.25430590371156
"51113930200","9302",5.54446738672019
