"GEOID","NAME","Particulate.Matter"
"38057961600","9616",3.01378494637808
"38057961700","9617",3.12440532587404
"38057961800","9618",2.89882681248054
