"GEOID","NAMELSAD","Particulate.Matter"
"48425000200","Census Tract 2",6.94924429121613
"48425000100","Census Tract 1",6.58890623867088
