"GEOID","NAME","Particulate.Matter"
"28119950200","9502",7.36708931601988
"28119950100","9501",7.03639776112453
"28119950300","9503",6.86824942726838
