"GEOID","NAME","Particulate.Matter"
"48287000100","1",6.19138814110536
"48287000300","3",6.500878572707
"48287000400","4",6.40355952535989
"48287000200","2",6.39715051213197
