"GEOID","NAMELSAD","Particulate.Matter"
"48403950200","Census Tract 9502",7.38059991944599
"48403950100","Census Tract 9501",7.39843490382316
"48403950300","Census Tract 9503",7.7796195601922
