"GEOID","NAME","Particulate.Matter"
"19007950200","9502",5.57163578633444
"19007950500","9505",5.56966253014459
"19007950400","9504",5.63790769778787
"19007950300","9503",5.61083084358005
"19007950100","9501",5.75639672301216
