"GEOID","NAMELSAD","Particulate.Matter"
"38097970100","Census Tract 9701",3.44743394072144
"38097970400","Census Tract 9704",3.51645252633455
"38097970300","Census Tract 9703",3.40539061616194
"38097970200","Census Tract 9702",3.30151949257672
