"GEOID","NAME","Particulate.Matter"
"42087961000","9610",8.02390827214081
"42087961100","9611",7.53825010391908
"42087961200","9612",7.2000382797852
"42087960800","9608",8.24630564869383
"42087960200","9602",6.94649828800907
"42087960100","9601",6.29243246398936
"42087960400","9604",7.16187035963829
"42087960500","9605",7.08973601198509
"42087960300","9603",7.11992858517742
"42087960700","9607",8.34147806832481
"42087960900","9609",8.33384499369444
"42087960600","9606",7.4707420720232
