"GEOID","NAME","Particulate.Matter"
"46121940100","9401",2.8487048681421
"46121940200","9402",3.0321434056653
