"GEOID","NAME","Particulate.Matter"
"01009050601","506.01",8.33375293215023
"01009050602","506.02",8.37342120627279
"01009050200","502",8.23653418335876
"01009050700","507",8.21540366247348
"01009050101","501.01",7.66753337366892
"01009050102","501.02",7.89856481610893
"01009050400","504",7.86629656937177
"01009050300","503",7.78005365869977
"01009050500","505",8.06837452622403
