"GEOID","NAMELSAD","Particulate.Matter"
"08081000500","Census Tract 5",4.11031313217059
"08081000400","Census Tract 4",4.01581877758149
"08081000300","Census Tract 3",3.46986617106904
"08081000600","Census Tract 6",2.51785520598325
