"GEOID","NAMELSAD","Particulate.Matter"
"13221960100","Census Tract 9601",7.75664841823291
"13221960300","Census Tract 9603",7.71847855536015
"13221960202","Census Tract 9602.02",7.7237299737617
"13221960201","Census Tract 9602.01",7.85812261736134
