"GEOID","NAMELSAD","Particulate.Matter"
"51035080602","Census Tract 806.02",6.51627751109985
"51035080601","Census Tract 806.01",5.69597306380441
"51035080500","Census Tract 805",5.48590747203149
"51035080100","Census Tract 801",6.02835598825886
"51035080200","Census Tract 802",5.82295196025945
"51035080300","Census Tract 803",6.20377039077743
"51035080400","Census Tract 804",5.4243833702312
