"GEOID","NAME","Particulate.Matter"
"20121100400","1004",5.89336733042134
"20121100300","1003",5.86186120937457
"20121100500","1005",5.87408624650633
"20121100200","1002",5.7985195032459
"20121100700","1007",5.854783778412
"20121100601","1006.01",5.85900205697074
"20121100100","1001",5.77553816882921
"20121100602","1006.02",5.67321160128017
