"GEOID","NAME","Particulate.Matter"
"55047100100","1001",5.85516316481274
"55047100200","1002",5.95399764833999
"55047100500","1005",5.86065183675662
"55047100300","1003",5.78285426648825
"55047100600","1006",5.97051030633861
"55047100400","1004",5.84502454725541
