"GEOID","NAME","Particulate.Matter"
"05065960200","9602",5.89165872919139
"05065960300","9603",5.93049892879951
"05065960400","9604",6.1363092587376
"05065960100","9601",6.08007837046212
