"GEOID","NAME","Particulate.Matter"
"39137030100","301",7.48455783199405
"39137030500","305",7.52416784360801
"39137030400","304",7.51401841821581
"39137030700","307",7.69667168697655
"39137030200","302",7.58604305253694
"39137030600","306",7.57837898333283
"39137030300","303",7.62499844321226
