"GEOID","NAMELSAD","Particulate.Matter"
"19037070400","Census Tract 704",5.45596562763214
"19037070100","Census Tract 701",5.61399179671579
"19037070200","Census Tract 702",5.70436446473982
"19037070300","Census Tract 703",5.70371341250521
