"GEOID","NAME","Particulate.Matter"
"49041975100","9751",3.60218649394764
"49041975400","9754",5.78411743901906
"49041975300","9753",4.08357834459794
"49041975500","9755",4.02647457344236
"49041975200","9752",3.57946637889215
