"GEOID","NAME","Particulate.Matter"
"18075962700","9627",7.47879263381607
"18075962900","9629",7.55626644162202
"18075963200","9632",7.67781800121915
"18075963100","9631",7.70864594197243
"18075963000","9630",7.79135129850588
"18075962800","9628",7.43340873910181
"18075963300","9633",7.97160625620414
