"GEOID","NAME","Particulate.Matter"
"31013951200","9512",2.9288251531129
"31013951300","9513",2.87062280074674
"31013951100","9511",2.76357654708737
