"GEOID","NAME","Particulate.Matter"
"01099075900","759",7.61321234896069
"01099076000","760",7.40398681489587
"01099075800","758",7.47832943186047
"01099076100","761",7.26442982990636
"01099075700","757",7.71778397586863
"01099076200","762",7.46923190055209
"01099075600","756",7.49653472027908
