"GEOID","NAMELSAD","Particulate.Matter"
"27073180100","Census Tract 1801",4.81717045923906
"27073180200","Census Tract 1802",4.76893272089552
"27073180300","Census Tract 1803",5.07286909494362
