"GEOID","NAME","Particulate.Matter"
"16065950100","9501",5.30981843746022
"16065950200","9502",5.6549169787506
"16065950400","9504",4.08597567136785
"16065950301","9503.01",6.11613009985911
"16065950500","9505",5.13284073626739
"16065950302","9503.02",5.38458669027347
