"GEOID","NAME","Particulate.Matter"
"35051962200","9622",6.681863385133
"35051962300","9623",6.62980283435359
"35051962402","9624.02",3.95004067454279
"35051962401","9624.01",3.88271980960976
