"GEOID","NAME","Particulate.Matter"
"24011955600","9556",6.81619428585888
"24011955400","9554",7.02100270634911
"24011955500","9555",6.86051702325596
"24011955000","9550",7.06639830397964
"24011955100","9551",7.25010676791208
"24011955201","9552.01",7.02049907510659
"24011955301","9553.01",7.26054100449467
"24011955202","9552.02",7.04131517694664
"24011955302","9553.02",7.27521303250679
