"GEOID","NAMELSAD","Particulate.Matter"
"48161000300","Census Tract 3",6.09999990463258
"48161000200","Census Tract 2",6.18015551834136
"48161000100","Census Tract 1",6.22304257900056
"48161000700","Census Tract 7",6.14032724815304
"48161000900","Census Tract 9",5.95803959098003
"48161000600","Census Tract 6",6.08166527145911
"48161000400","Census Tract 4",6.18301198665023
