"GEOID","NAME","Particulate.Matter"
"29187951000","9510",6.51897945337587
"29187950300","9503",6.46055082624908
"29187950700","9507",6.06764746860956
"29187950400","9504",6.20034205476335
"29187950600","9506",6.2040463827632
"29187951100","9511",6.90197040973646
"29187950800","9508",6.40175528164135
"29187950902","9509.02",7.09074445302709
"29187950101","9501.01",6.17481032916303
"29187950901","9509.01",6.7693515230498
"29187950102","9501.02",6.24009448463486
