"GEOID","NAME","Particulate.Matter"
"20193953400","9534",3.83789625178668
"20193953100","9531",3.83318129278658
