"GEOID","NAME","Particulate.Matter"
"18129040600","406",8.48711038171902
"18129040300","403",8.1751682517236
"18129040500","405",8.17985754329086
"18129040700","407",8.46968713885497
"18129040100","401",8.04911425820254
"18129040200","402",7.98308186581182
"18129040400","404",8.47672255023193
