"GEOID","NAME","Particulate.Matter"
"21171930100","9301",6.82403332767481
"21171930300","9303",7.0987634134517
"21171930200","9302",7.19131692919018
"21171930400","9304",7.13192727209183
