"GEOID","NAME","Particulate.Matter"
"24019970100","9701",6.74556882242709
"24019970300","9703",6.61443060087016
"24019970500","9705",6.96973321240954
"24019970200","9702",6.76780722427514
"24019970900","9709",6.59563161348178
"24019970600","9706",6.68502403637774
"24019970400","9704",7.10139484098651
"24019970702","9707.02",6.70178890572334
"24019970804","9708.04",6.39890864602705
