"GEOID","NAMELSAD","Particulate.Matter"
"38099958100","Census Tract 9581",3.56432712034615
"38099958300","Census Tract 9583",3.19428314059626
"38099958200","Census Tract 9582",3.34436781147427
"38099958000","Census Tract 9580",4.01802492970676
"38099957900","Census Tract 9579",3.98613249114779
"38099957800","Census Tract 9578",3.85524188064654
