"GEOID","NAME","Particulate.Matter"
"20037956800","9568",6.95103685251247
"20037956600","9566",6.51210459191986
"20037956900","9569",6.89098891042217
"20037957400","9574",7.72405173984708
"20037957100","9571",8.06527915771675
"20037956700","9567",6.88858090871284
"20037957300","9573",6.94488481799576
"20037957600","9576",7.0806845565713
"20037957200","9572",7.02683051216071
"20037957500","9575",8.41229797262019
"20037957000","9570",7.15412572446321
