"GEOID","NAME","Particulate.Matter"
"51820003300","33",6.44173594233032
"51820003100","31",7.01627941219088
"51820003400","34",6.64903874552446
"51820003500","35",6.35563098883755
"51820003200","32",6.33299395901555
