"GEOID","NAMELSAD","Particulate.Matter"
"29083950300","Census Tract 9503",6.17342513758763
"29083950500","Census Tract 9505",6.70145040441809
"29083950400","Census Tract 9504",6.40962422996992
"29083950100","Census Tract 9501",6.42290381576217
"29083950200","Census Tract 9502",6.25595157085401
"29083950600","Census Tract 9506",6.61482536392186
