"GEOID","NAME","Particulate.Matter"
"18155965700","9657",7.87398572250138
"18155965800","9658",7.28841990819772
"18155965900","9659",7.50458899557269
