"GEOID","NAME","Particulate.Matter"
"48233950500","9505",5.11052320204345
"48233951000","9510",5.28345546710986
"48233950200","9502",4.95513077113475
"48233950700","9507",5.35626392773724
"48233950600","9506",5.24045392770997
"48233950800","9508",5.53175813505884
"48233950900","9509",5.09145869511769
