"GEOID","NAMELSAD","Particulate.Matter"
"06043000200","Census Tract 2",6.55064312711325
"06043000400","Census Tract 4",3.79816009063701
"06043000102","Census Tract 1.02",7.71798281329667
"06043000101","Census Tract 1.01",6.77599017180541
"06043000301","Census Tract 3.01",6.83521447938396
"06043000302","Census Tract 3.02",5.5299337655163
