"GEOID","NAME","Particulate.Matter"
"08071000200","2",5.38215897046181
"08071000500","5",3.22750096139164
"08071000300","3",3.05279939596949
"08071000400","4",3.04677162840598
"08071000100","1",3.02252990635495
"08071000800","8",3.5221548327625
