"GEOID","NAMELSAD","Particulate.Matter"
"55077960100","Census Tract 9601",5.42516753392062
"55077960500","Census Tract 9605",5.5055846910107
"55077960400","Census Tract 9604",5.87909144078637
"55077960200","Census Tract 9602",5.67260270203227
"55077960300","Census Tract 9603",5.77719509597349
