"GEOID","NAME","Particulate.Matter"
"42109070100","701",8.52100141679725
"42109070400","704",7.24001127107457
"42109070600","706",7.99972804606887
"42109070200","702",8.23854778060376
"42109070300","703",7.60838371632244
"42109070500","705",6.79444307892536
"42109980705","9807.05",9.00248285990031
"42109070701","707.01",9.04547368023047
