"GEOID","NAME","Particulate.Matter"
"17137951800","9518",8.47900060186958
"17137951900","9519",7.66991634703117
"17137952100","9521",6.56428578700933
"17137952300","9523",6.39340919451594
"17137951600","9516",7.1632890859159
"17137952000","9520",7.2016991263587
"17137951400","9514",6.31005777786755
"17137951700","9517",7.40538390301272
"17137952200","9522",6.32844460645373
"17137951500","9515",6.46059526354012
