"GEOID","NAME","Particulate.Matter"
"01105687000","6870",7.58387846124957
"01105686800","6868",7.78630866599264
"01105687100","6871",7.62201212608499
