"GEOID","NAMELSAD","Particulate.Matter"
"30003940500","Census Tract 9405",2.67630407905097
"30003000100","Census Tract 1",2.73146533428383
"30003940700","Census Tract 9407",3.00325989697746
"30003940600","Census Tract 9406",2.67691562219297
"30003940400","Census Tract 9404",2.50199016371776
