"GEOID","NAMELSAD","Particulate.Matter"
"17071973300","Census Tract 9733",6.46332627192475
"17071973400","Census Tract 9734",6.4103713972587
"17071973500","Census Tract 9735",6.30873322050863
