"GEOID","NAMELSAD","Particulate.Matter"
"48317950100","Census Tract 9501",5.19633746013616
"48317950200","Census Tract 9502",5.23378831298413
