"GEOID","NAME","Particulate.Matter"
"26133970400","9704",4.78135481302805
"26133970200","9702",4.48803148253458
"26133970300","9703",4.63918553859047
"26133970500","9705",5.00677798764635
"26133970600","9706",5.01574807019726
"26133970100","9701",4.7197849139767
