"GEOID","NAME","Particulate.Matter"
"17181950500","9505",7.46610959183659
"17181950400","9504",7.39926811603741
"17181950300","9503",7.25285790722248
"17181950100","9501",7.36275764367694
"17181950200","9502",7.57177447482852
