"GEOID","NAMELSAD","Particulate.Matter"
"51011040300","Census Tract 403",5.75784433481414
"51011040100","Census Tract 401",5.77069457676357
"51011040200","Census Tract 402",6.0101056530092
