"GEOID","NAMELSAD","Particulate.Matter"
"38089963400","Census Tract 9634",2.86123026816573
"38089963500","Census Tract 9635",2.93531505108067
"38089963300","Census Tract 9633",2.74781738953763
"38089964000","Census Tract 9640",2.66238976072801
"38089963900","Census Tract 9639",2.67129922709929
"38089963600","Census Tract 9636",3.75956280877849
"38089963700","Census Tract 9637",3.97498631003625
"38089963800","Census Tract 9638",2.93758636229895
