"GEOID","NAME","Particulate.Matter"
"05023480202","4802.02",6.28684515389443
"05023480502","4805.02",6.53150444467362
"05023480201","4802.01",6.33564389107102
"05023480501","4805.01",6.38541428052184
"05023480300","4803",6.94984255798904
"05023480400","4804",6.76034031071328
"05023480100","4801",6.35295277704524
