"GEOID","NAMELSAD","Particulate.Matter"
"17101881000","Census Tract 8810",7.99904384855366
"17101881100","Census Tract 8811",7.56419344774027
"17101880700","Census Tract 8807",7.72670709540067
"17101880900","Census Tract 8809",7.51703974609821
"17101880800","Census Tract 8808",7.31327093639913
