"GEOID","NAMELSAD","Particulate.Matter"
"48365950200","Census Tract 9502",6.68654586328429
"48365950500","Census Tract 9505",6.58414460659916
"48365950100","Census Tract 9501",6.94034965961571
"48365950600","Census Tract 9506",6.90183836946601
"48365950300","Census Tract 9503",6.84916371274021
"48365950400","Census Tract 9504",6.84626069433307
