"GEOID","NAME","Particulate.Matter"
"49017000400","4",3.27348691353742
"49017000300","3",3.88231174743161
