"GEOID","NAMELSAD","Particulate.Matter"
"13023790200","Census Tract 7902",7.44061101699888
"13023790100","Census Tract 7901",7.18415517559113
"13023790300","Census Tract 7903",7.37931143387707
