"GEOID","NAME","Particulate.Matter"
"17123961300","9613",6.49154172951566
"17123961100","9611",6.46314455251774
"17123961200","9612",6.85929736379752
"17123961500","9615",6.52265123019757
"17123961400","9614",6.83076322584443
