"GEOID","NAMELSAD","Particulate.Matter"
"51113930100","Census Tract 9301",6.25430590371156
"51113930200","Census Tract 9302",5.54446738672019
