"GEOID","NAME","Particulate.Matter"
"28123020400","204",7.15853775626436
"28123020600","206",7.28878015439897
"28123020100","201",7.31513839225143
"28123020200","202",7.262626579118
"28123020500","205",7.4478760094319
"28123020300","203",7.15747782325598
