"GEOID","NAME","Particulate.Matter"
"29041470100","4701",5.72747969517861
"29041470200","4702",5.89759149382831
"29041470300","4703",6.07502197129798
