"GEOID","NAME","Particulate.Matter"
"18085962400","9624",6.81633725977801
"18085961000","9610",6.58727595967326
"18085960900","9609",6.56670940572445
"18085962600","9626",6.95924661363533
"18085961800","9618",6.78759166571283
"18085961400","9614",6.56275156174119
"18085962200","9622",6.91704967765071
"18085961500","9615",6.71701581140839
"18085962100","9621",7.31998811706943
"18085961200","9612",6.66203125812818
"18085961300","9613",6.76633354759678
"18085961600","9616",6.89486561912912
"18085962000","9620",7.58222799773127
"18085961900","9619",7.93893713313353
"18085961700","9617",6.89234637491974
"18085962500","9625",7.01913692209964
"18085961100","9611",6.65149041959022
"18085962700","9627",7.01541333072596
"18085962300","9623",7.03861227403873
