"GEOID","NAMELSAD","Particulate.Matter"
"28123020400","Census Tract 204",7.15853775626436
"28123020600","Census Tract 206",7.28878015439897
"28123020100","Census Tract 201",7.31513839225143
"28123020200","Census Tract 202",7.262626579118
"28123020500","Census Tract 205",7.4478760094319
"28123020300","Census Tract 203",7.15747782325598
