"GEOID","NAME","Particulate.Matter"
"30005940100","9401",3.41989564582256
"30005000200","2",2.9597768740054
"30005000100","1",3.38703405205937
"30005940200","9402",2.73048112913679
