"GEOID","NAMELSAD","Particulate.Matter"
"26071000200","Census Tract 2",3.57555483903452
"26071000300","Census Tract 3",3.78592406634276
"26071000100","Census Tract 1",3.5133275010219
"26071000400","Census Tract 4",3.71356851239538
"26071000500","Census Tract 5",3.85810475111832
