"GEOID","NAME","Particulate.Matter"
"30015010300","103",3.0409659659037
"30015010200","102",3.19319019093738
