"GEOID","NAME","Particulate.Matter"
"01021060600","606",8.14904936198842
"01021060101","601.01",7.96647208158539
"01021060500","605",7.88854557555306
"01021060200","602",7.90169289928043
"01021060401","604.01",8.15409045693285
"01021060102","601.02",8.01677090447001
"01021060300","603",8.25617045576659
"01021060700","607",7.93172778914087
"01021060402","604.02",8.31452680067696
