"GEOID","NAMELSAD","Particulate.Matter"
"18075962700","Census Tract 9627",7.47879263381607
"18075962900","Census Tract 9629",7.55626644162202
"18075963200","Census Tract 9632",7.67781800121915
"18075963100","Census Tract 9631",7.70864594197243
"18075963000","Census Tract 9630",7.79135129850588
"18075962800","Census Tract 9628",7.43340873910181
"18075963300","Census Tract 9633",7.97160625620414
