"GEOID","NAME","Particulate.Matter"
"12029970102","9701.02",6.65006620044937
"12029970200","9702",6.57161369270828
"12029970101","9701.01",6.60940252414176
