"GEOID","NAME","Particulate.Matter"
"29221460100","4601",6.04591479939025
"29221460200","4602",5.85930901376705
"29221460500","4605",5.92793804363645
"29221460400","4604",6.04330881520041
"29221460300","4603",6.11616049954436
