"GEOID","NAMELSAD","Particulate.Matter"
"45001950200","Census Tract 9502",8.08052301968912
"45001950300","Census Tract 9503",7.68807963025055
"45001950600","Census Tract 9506",7.70555361733291
"45001950400","Census Tract 9504",8.01491839425093
"45001950100","Census Tract 9501",7.92660422679305
"45001950500","Census Tract 9505",7.81469162406546
