"GEOID","NAMELSAD","Particulate.Matter"
"31081969300","Census Tract 9693",4.66352954366935
"31081969100","Census Tract 9691",4.68368498485414
"31081969200","Census Tract 9692",4.61675099763362
