"GEOID","NAME","Particulate.Matter"
"56001962700","9627",3.21077097447279
"56001963000","9630",3.63433526851213
"56001963500","9635",3.90838667202984
"56001963700","9637",2.90353841731686
"56001963100","9631",3.31480606777438
"56001962800","9628",3.35565322425952
"56001962900","9629",3.69717891844905
"56001963900","9639",2.85158350250241
"56001963600","9636",4.26629386917387
"56001963400","9634",4.56049158939627
