"GEOID","NAME","Particulate.Matter"
"27081201002","2010.02",4.49241807616243
"27081201001","2010.01",4.54440725062947
