"GEOID","NAME","Particulate.Matter"
"41027950300","9503",5.57187172530762
"41027950200","9502",4.0748367588066
"41027950100","9501",1.9626955844599
"41027950400","9504",3.22797034501903
