"GEOID","NAME","Particulate.Matter"
"29079960400","9604",6.1390394060544
"29079960200","9602",5.56555553529506
"29079960300","9603",5.8980363972242
"29079960100","9601",5.45418410440632
