"GEOID","NAME","Particulate.Matter"
"33007950800","9508",3.56950313737147
"33007950900","9509",3.03611811000534
"33007950700","9507",3.91750987558115
"33007950300","9503",3.48356020797633
"33007950600","9506",4.24839884181887
"33007951100","9511",4.3497632933047
"33007950100","9501",3.36440981671333
"33007950200","9502",3.5907623473094
"33007950400","9504",3.52418496111721
"33007950500","9505",3.76207418538318
"33007951000","9510",2.83309023560865
