"GEOID","NAME","Particulate.Matter"
"27041450702","4507.02",4.25759519463239
"27041450701","4507.01",4.16142955824074
"27041450600","4506",4.09975675375377
"27041450900","4509",4.154293110277
"27041451000","4510",4.1391782004331
"27041450100","4501",3.93758954030554
"27041450500","4505",3.98646395485219
"27041450800","4508",4.16171528961133
"27041450200","4502",4.21821577942159
