"GEOID","NAME","Particulate.Matter"
"20163974600","9746",4.28738199355741
"20163974700","9747",4.29907307380123
