"GEOID","NAME","Particulate.Matter"
"39069000600","6",7.34398539246179
"39069000300","3",8.05860091619613
"39069000500","5",7.47724283582383
"39069000100","1",7.52486688356104
"39069000200","2",7.3296339418419
"39069000700","7",7.40852366633173
"39069000400","4",7.74462765457898
