"GEOID","NAMELSAD","Particulate.Matter"
"20107955100","Census Tract 9551",6.10693718925335
"20107955200","Census Tract 9552",6.14806333049003
