"GEOID","NAMELSAD","Particulate.Matter"
"26097950500","Census Tract 9505",4.07087319975184
"26097950100","Census Tract 9501",4.2711409140752
"26097950200","Census Tract 9502",3.65282003656081
"26097950400","Census Tract 9504",3.99001343897355
"26097950300","Census Tract 9503",3.61212593370363
