"GEOID","NAME","Particulate.Matter"
"40007951600","9516",4.67050771577075
"40007951800","9518",4.92254509351597
"40007951700","9517",4.74664632864579
