"GEOID","NAME","Particulate.Matter"
"17033880200","8802",7.74416525947097
"17033880400","8804",8.14104711307185
"17033880300","8803",7.94104496565472
"17033880100","8801",7.35620833962838
"17033880600","8806",7.50543494749094
"17033880500","8805",7.64933854173544
