"GEOID","NAMELSAD","Particulate.Matter"
"28129950200","Census Tract 9502",7.3927846664101
"28129950300","Census Tract 9503",7.43583677845962
"28129950100","Census Tract 9501",7.52523702646517
