"GEOID","NAME","Particulate.Matter"
"37199960200","9602",6.52986142507726
"37199960300","9603",5.35764105420331
"37199960400","9604",6.23145635516847
"37199960102","9601.02",6.77122402638953
"37199960101","9601.01",5.76530598404451
