"GEOID","NAME","Particulate.Matter"
"21137920300","9203",6.78708498799527
"21137920400","9204",7.09295935778837
"21137920200","9202",6.99692696863077
"21137920101","9201.01",7.04023304150949
"21137920103","9201.03",7.02894037384202
"21137920102","9201.02",7.07766117719051
