"GEOID","NAME","Particulate.Matter"
"17085020402","204.02",6.46363807597051
"17085020401","204.01",6.1847977396197
"17085020100","201",6.17477806992256
"17085020500","205",6.36669728292947
"17085020300","203",6.45076461743003
"17085020200","202",6.62736672976509
