"GEOID","NAME","Particulate.Matter"
"51079030200","302",6.33981583339262
"51079030102","301.02",5.70709737006862
"51079030101","301.01",5.42104381663193
