"GEOID","NAMELSAD","Particulate.Matter"
"49019000300","Census Tract 3",2.55655941635191
"49019000200","Census Tract 2",3.75765877689021
