"GEOID","NAME","Particulate.Matter"
"13035150200","1502",8.13855659597834
"13035150100","1501",8.25893159436678
"13035150300","1503",8.12972299224287
