"GEOID","NAMELSAD","Particulate.Matter"
"54105030101","Census Tract 301.01",6.20397911066082
"54105030102","Census Tract 301.02",6.25811305554449
