"GEOID","NAMELSAD","Particulate.Matter"
"51075400200","Census Tract 4002",6.22721893403023
"51075400300","Census Tract 4003",6.243315404896
"51075400400","Census Tract 4004",5.84450325037704
"51075400100","Census Tract 4001",6.46574398685293
"51075400500","Census Tract 4005",5.89863765978735
