"GEOID","NAMELSAD","Particulate.Matter"
"32033970200","Census Tract 9702",3.25718608268286
"32033970100","Census Tract 9701",3.48626855144965
"32033970300","Census Tract 9703",3.37123153341049
