"GEOID","NAME","Particulate.Matter"
"51051040400","404",6.65426025185375
"51051040200","402",6.65409632208455
"51051040300","403",6.77160071931449
"51051040100","401",6.95796397556209
