"GEOID","NAME","Particulate.Matter"
"42059970501","9705.01",7.47738403714085
"42059970502","9705.02",7.3140797898704
"42059970300","9703",7.11261852424809
"42059970600","9706",7.91008545225892
"42059970100","9701",8.11625119265067
"42059970400","9704",6.39868592090441
"42059970200","9702",7.73387390970971
"42059970700","9707",7.0703590165899
"42059970800","9708",8.13833905771105
