"GEOID","NAME","Particulate.Matter"
"48305950400","9504",5.07113317829683
"48305950600","9506",4.98360912818956
"48305950500","9505",5.11927252500566
