"GEOID","NAME","Particulate.Matter"
"36041950500","9505",3.85661936020413
"36041950400","9504",4.0812974686115
"36041950300","9503",3.95710123425306
"36041950100","9501",4.16017580364049
