"GEOID","NAME","Particulate.Matter"
"48369950200","9502",4.25881874010855
"48369950300","9503",4.3877820530062
