"GEOID","NAMELSAD","Particulate.Matter"
"31003979800","Census Tract 9798",4.24192880488051
"31003979700","Census Tract 9797",4.44062139148229
"31003979600","Census Tract 9796",4.28613197361025
