"GEOID","NAME","Particulate.Matter"
"46041941700","9417",3.13088012696536
"46041941500","9415",2.57183548354357
