"GEOID","NAME","Particulate.Matter"
"27045960100","9601",5.35580764708091
"27045960600","9606",5.24223545252697
"27045960500","9605",5.21929229355728
"27045960300","9603",5.08597721953476
"27045960200","9602",5.17187989078249
"27045960400","9604",5.1545737655264
