"GEOID","NAMELSAD","Particulate.Matter"
"21135930300","Census Tract 9303",7.11141647927302
"21135930100","Census Tract 9301",6.80339559930996
"21135930400","Census Tract 9304",6.34527324995912
"21135930200","Census Tract 9302",6.72368218220587
