"GEOID","NAME","Particulate.Matter"
"17151971300","9713",7.82418903305502
"17151971200","9712",7.45628854683523
