"GEOID","NAME","Particulate.Matter"
"18107957100","9571",7.63320595267416
"18107957500","9575",7.19257415942222
"18107956900","9569",7.1670206444544
"18107956700","9567",7.27672453913288
"18107956800","9568",7.05047755411247
"18107957300","9573",7.21522234356336
"18107957400","9574",7.33474121480942
"18107957200","9572",7.89630063837074
"18107957000","9570",7.79180627201805
