"GEOID","NAME","Particulate.Matter"
"54095962000","9620",6.28806129336704
"54095961800","9618",6.58268543653516
"54095961900","9619",6.51972656478916
