"GEOID","NAME","Particulate.Matter"
"45027960500","9605",7.10457946397608
"45027960400","9604",6.96660006403195
"45027960300","9603",6.84596247756804
"45027960100","9601",6.79610646058474
"45027960202","9602.02",6.88519940201347
"45027960801","9608.01",7.16131966976865
"45027960600","9606",6.63203793690926
"45027960201","9602.01",6.80577003733085
"45027960802","9608.02",7.1044936878979
"45027960702","9607.02",6.65353229158346
"45027960701","9607.01",6.97604499456749
"45027960703","9607.03",7.00434383178879
