"GEOID","NAMELSAD","Particulate.Matter"
"53055960100","Census Tract 9601",3.4778560950884
"53055960500","Census Tract 9605",3.30347737087828
"53055960400","Census Tract 9604",3.40435399068104
"53055960300","Census Tract 9603",3.26294345376106
