"GEOID","NAME","Particulate.Matter"
"47109930100","9301",6.56500684889202
"47109930500","9305",6.59681872291496
"47109930200","9302",6.47418059845729
"47109930700","9307",6.85127034747724
"47109930300","9303",6.47968306962698
"47109930400","9304",6.75887585797432
"47109930600","9306",6.76808050246634
