"GEOID","NAME","Particulate.Matter"
"26135970300","9703",4.55186197820637
"26135970500","9705",4.63134457320696
"26135970400","9704",4.53513180699889
"26135970201","9702.01",4.51737918301314
"26135970202","9702.02",4.5524333452616
