"GEOID","NAMELSAD","Particulate.Matter"
"28083950700","Census Tract 9507",8.43697594052454
"28083950800","Census Tract 9508",8.06381110330743
"28083950900","Census Tract 9509",7.85048483337808
"28083950400","Census Tract 9504",7.27326073860062
"28083950600","Census Tract 9506",7.79139086549456
"28083950300","Census Tract 9503",7.348043448756
"28083950200","Census Tract 9502",7.15438746869082
"28083950100","Census Tract 9501",7.19615709894014
