"GEOID","NAMELSAD","Particulate.Matter"
"51187020601","Census Tract 206.01",6.83998861093237
"51187020602","Census Tract 206.02",5.88445928000201
"51187020200","Census Tract 202",6.95313079871811
"51187020100","Census Tract 201",6.06559031685517
"51187020300","Census Tract 203",6.73453897524915
"51187020700","Census Tract 207",6.01201284446204
"51187020400","Census Tract 204",7.39238493894469
"51187020500","Census Tract 205",7.43564423980565
