"GEOID","NAMELSAD","Particulate.Matter"
"17009970400","Census Tract 9704",6.24146960721055
"17009970500","Census Tract 9705",6.20861140227008
