"GEOID","NAME","Particulate.Matter"
"27089080100","801",3.26156165793827
"27089080200","802",3.44089135504233
"27089080400","804",3.62340774298956
"27089080300","803",3.68810645814857
