"GEOID","NAME","Particulate.Matter"
"48127950200","9502",7.01277364286824
"48127950400","9504",6.87156759943783
