"GEOID","NAME","Particulate.Matter"
"56041975200","9752",3.59770964189176
"56041975300","9753",3.35905891694715
"56041975400","9754",3.99784504561864
