"GEOID","NAME","Particulate.Matter"
"19117950300","9503",5.72160781462441
"19117950100","9501",5.58359828980785
"19117950200","9502",5.62949802265134
"19117950400","9504",5.51636573162728
