"GEOID","NAME","Particulate.Matter"
"28021950200","9502",7.39382384928687
"28021950100","9501",7.48278384946786
"28021950300","9503",7.40074238609834
