"GEOID","NAMELSAD","Particulate.Matter"
"26009960500","Census Tract 9605",4.52288415570219
"26009960400","Census Tract 9604",4.49966437697588
"26009960100","Census Tract 9601",4.41151583017933
"26009960300","Census Tract 9603",4.44556263560376
"26009960200","Census Tract 9602",4.29039489674684
"26009960700","Census Tract 9607",4.28714008150359
"26009960600","Census Tract 9606",4.78569675016761
