"GEOID","NAME","Particulate.Matter"
"38055960800","9608",3.08370381728765
"38055961000","9610",2.92757068571075
