"GEOID","NAMELSAD","Particulate.Matter"
"54043955600","Census Tract 9556",6.67420585270577
"54043955800","Census Tract 9558",6.75947748616046
"54043955500","Census Tract 9555",6.87016001910862
"54043955400","Census Tract 9554",6.85976345433329
"54043955700","Census Tract 9557",6.73684916100769
