"GEOID","NAMELSAD","Particulate.Matter"
"30065000200","Census Tract 2",3.12937493707071
"30065000100","Census Tract 1",2.64753545994175
