"GEOID","NAME","Particulate.Matter"
"48289950100","9501",6.05706104693345
"48289950300","9503",6.08163320790269
"48289950200","9502",6.04155342870769
