"GEOID","NAMELSAD","Particulate.Matter"
"37075920100","Census Tract 9201",8.04610498737026
"37075920200","Census Tract 9202",7.40650906310407
"37075920300","Census Tract 9203",6.31385827180056
