"GEOID","NAME","Particulate.Matter"
"51133020100","201",6.29121895480661
"51133020300","203",6.02605812698511
"51133020200","202",5.99444081544343
