"GEOID","NAMELSAD","Particulate.Matter"
"47161110700","Census Tract 1107",7.16009958405644
"47161110200","Census Tract 1102",7.39784766775435
"47161980200","Census Tract 9802",7.24410953586216
"47161980100","Census Tract 9801",7.5395931173776
"47161110600","Census Tract 1106",7.14378234515357
