"GEOID","NAMELSAD","Particulate.Matter"
"22093040600","Census Tract 406",7.65686165523698
"22093040300","Census Tract 403",7.93894801394359
"22093040100","Census Tract 401",7.76997084946889
"22093040500","Census Tract 405",7.88534955216725
"22093040700","Census Tract 407",7.44193589396624
"22093040400","Census Tract 404",7.98500390852818
"22093040200","Census Tract 402",8.31810993417445
