"GEOID","NAME","Particulate.Matter"
"16007950200","9502",3.01441818918251
"16007950100","9501",3.3493476837458
