"GEOID","NAME","Particulate.Matter"
"28139950100","9501",6.46429405864212
"28139950200","9502",6.61047438536201
"28139950300","9503",6.84036424743031
"28139950400","9504",6.56920034990692
