"GEOID","NAME","Particulate.Matter"
"28133950200","9502",7.27255970024705
"28133950100","9501",7.01479109194927
"28133950401","9504.01",7.7855911072458
"28133950402","9504.02",7.69693926956264
"28133950600","9506",7.47378701589041
"28133950300","9503",7.32395763641797
"28133950500","9505",7.39748203985895
