"GEOID","NAME","Particulate.Matter"
"29125880298","8802.98",5.84279875422415
"29125880100","8801",5.52127760167879
"29125880300","8803",5.75016463153998
