"GEOID","NAMELSAD","Particulate.Matter"
"13159010100","Census Tract 101",8.0289043041119
"13159010200","Census Tract 102",8.02262805165673
"13159010500","Census Tract 105",8.07175020619923
