"GEOID","NAME","Particulate.Matter"
"16087970100","9701",3.82900111980216
"16087970300","9703",3.12186178337804
"16087970200","9702",4.55404736614206
