"GEOID","NAME","Particulate.Matter"
"19151780200","7802",5.55819359140692
"19151780300","7803",5.68881590825141
"19151780100","7801",5.64805788237298
