"GEOID","NAME","Particulate.Matter"
"19119950200","9502",5.33115716770933
"19119950100","9501",5.47892864896674
"19119950300","9503",5.24441295431557
