"GEOID","NAME","Particulate.Matter"
"17053961800","9618",6.73996547057687
"17053961600","9616",6.81502010147016
"17053961700","9617",6.71769208991032
"17053961900","9619",6.64619678898971
"17053962000","9620",6.55852829247159
