"GEOID","NAMELSAD","Particulate.Matter"
"55049950100","Census Tract 9501",5.54479447197745
"55049950300","Census Tract 9503",5.57133924382194
"55049950500","Census Tract 9505",5.65244457814022
"55049950400","Census Tract 9504",5.27754418948261
"55049950600","Census Tract 9506",5.59629489567419
"55049950200","Census Tract 9502",5.31854020355023
