"GEOID","NAME","Particulate.Matter"
"08007974300","9743",3.01433779665429
"08007974200","9742",3.61257461539811
"08007974400","9744",2.66942209388211
"08007940400","9404",3.39018789479353
