"GEOID","NAMELSAD","Particulate.Matter"
"48077030200","Census Tract 302",6.59075775539578
"48077030301","Census Tract 303.01",6.41457024222559
"48077030302","Census Tract 303.02",6.43666913015326
