"GEOID","NAME","Particulate.Matter"
"20001952700","9527",6.14842354949896
"20001952800","9528",6.42350520979381
"20001953000","9530",6.42963737420252
"20001952600","9526",6.30162481468425
"20001952900","9529",6.46231548667463
