"GEOID","NAME","Particulate.Matter"
"13053020203","202.03",7.73828081780706
"13053020206","202.06",7.72041637305443
"13053020205","202.05",7.85360270305064
"13053020100","201",7.49758297847924
"13053020201","202.01",8.4620501672477
