"GEOID","NAMELSAD","Particulate.Matter"
"42053530100","Census Tract 5301",6.03699437022336
"42053530300","Census Tract 5303",6.24920859553505
"42053530201","Census Tract 5302.01",6.3267936674163
