"GEOID","NAME","Particulate.Matter"
"48115950500","9505",5.64363957351228
"48115950600","9506",5.06885297873106
"48115950402","9504.02",5.12068344376551
"48115950401","9504.01",5.06535608054145
