"GEOID","NAME","Particulate.Matter"
"05105952700","9527",6.93590161174648
"05105952900","9529",6.70978684656816
"05105952800","9528",6.75888680718561
