"GEOID","NAME","Particulate.Matter"
"13303950500","9505",7.13675196855799
"13303950700","9507",7.3976560883052
"13303950400","9504",7.21640416442753
"13303950300","9503",7.59877328748493
"13303950100","9501",7.59120371910084
