"GEOID","NAME","Particulate.Matter"
"31147964500","9645",5.74948609734396
"31147968500","9685",5.50355049127463
"31147968600","9686",5.66167142998245
