"GEOID","NAMELSAD","Particulate.Matter"
"16061950300","Census Tract 9503",1.648990054808
"16061940001","Census Tract 9400.01",4.86326543819156
"16061940002","Census Tract 9400.02",2.58102978807072
