"GEOID","NAME","Particulate.Matter"
"13291000203","2.03",7.4691214809547
"13291000205","2.05",8.63750051610982
"13291000102","1.02",9.06005824465459
"13291000201","2.01",6.49570743506611
"13291000204","2.04",8.51100985682639
"13291000101","1.01",8.88868193231683
