"GEOID","NAME","Particulate.Matter"
"28145950300","9503",7.04918947102779
"28145950500","9505",6.77929119842101
"28145950100","9501",6.67455452301129
"28145950600","9506",6.78090572864523
"28145950400","9504",7.09619451219687
"28145950200","9502",6.80850007405572
