"GEOID","NAME","Particulate.Matter"
"46093020500","205",2.77876274129889
"46093020301","203.01",2.21865652375314
"46093020200","202",3.53056669679532
"46093020302","203.02",3.43605678883922
"46093020400","204",2.68910562722626
