"GEOID","NAMELSAD","Particulate.Matter"
"26089970100","Census Tract 9701",4.5162173182398
"26089970300","Census Tract 9703",4.54728996296729
"26089970500","Census Tract 9705",4.39785257502897
"26089970400","Census Tract 9704",4.50588512850691
"26089970200","Census Tract 9702",4.61722439180112
"26089970600","Census Tract 9706",4.51296340108448
