"GEOID","NAME","Particulate.Matter"
"48477170100","1701",6.74552537491039
"48477170600","1706",6.84967556431578
"48477170400","1704",6.83375726511987
"48477170500","1705",6.60547020830866
"48477170300","1703",6.77615899064937
"48477170200","1702",6.78498067674904
