"GEOID","NAME","Particulate.Matter"
"18115965800","9658",7.92545188878235
"18115965700","9657",8.96831469061808
