"GEOID","NAMELSAD","Particulate.Matter"
"21203950400","Census Tract 9504",6.846076684138
"21203950300","Census Tract 9503",7.15466216601699
"21203950200","Census Tract 9502",7.0907473569643
"21203950100","Census Tract 9501",6.76171096054695
