"GEOID","NAME","Particulate.Matter"
"48117950600","9506",4.22007764760308
"48117950400","9504",5.16245180807812
"48117950500","9505",4.59406399811946
"48117950300","9503",4.73522980551088
