"GEOID","NAMELSAD","Particulate.Matter"
"41001950100","Census Tract 9501",3.27580271988041
"41001950300","Census Tract 9503",3.1872844189496
"41001950600","Census Tract 9506",3.1053302357288
"41001950400","Census Tract 9504",5.11432510322704
"41001950200","Census Tract 9502",4.15277228700258
"41001950500","Census Tract 9505",4.2058360401913
