"GEOID","NAME","Particulate.Matter"
"21219950300","9503",7.83735473367482
"21219950400","9504",7.73887186942371
"21219950200","9502",7.74828478181672
"21219950100","9501",7.42786941195649
