"GEOID","NAME","Particulate.Matter"
"27151960400","9604",4.77199739842519
"27151960300","9603",4.75791114627455
"27151960100","9601",4.87877267032774
"27151960200","9602",4.78600174955478
