"GEOID","NAME","Particulate.Matter"
"46015973100","9731",3.60582019939428
"46015973200","9732",3.70598091698968
