"GEOID","NAME","Particulate.Matter"
"55083100700","1007",4.88203855087111
"55083101200","1012",4.99765876636017
"55083101000","1010",5.17681611213172
"55083100900","1009",5.033725811392
"55083100600","1006",4.95098684655007
"55083101300","1013",5.04033165026238
"55083100300","1003",4.42170445928742
"55083100800","1008",4.96954184724439
"55083101100","1011",5.11899049364334
"55083100500","1005",4.74992114762341
