"GEOID","NAME","Particulate.Matter"
"31045950600","9506",3.87998336282031
"31045950700","9507",4.27568670066258
