"GEOID","NAME","Particulate.Matter"
"17013951300","9513",7.50110748813517
"17013951200","9512",7.68907861863861
