"GEOID","NAMELSAD","Particulate.Matter"
"40055967100","Census Tract 9671",5.3793825017227
"40055967200","Census Tract 9672",5.47250307216853
