"GEOID","NAMELSAD","Particulate.Matter"
"51670820300","Census Tract 8203",8.5963984069485
"51670820500","Census Tract 8205",8.2694269692018
"51670820600","Census Tract 8206",7.94934150974168
"51670820700","Census Tract 8207",8.24333258035791
"51670980100","Census Tract 9801",8.23062966599722
"51670820100","Census Tract 8201",8.34207300227988
"51670820400","Census Tract 8204",7.94602558155821
