"GEOID","NAMELSAD","Particulate.Matter"
"51640070101","Census Tract 701.01",5.99238753960824
"51640070102","Census Tract 701.02",5.98301210751254
