"GEOID","NAMELSAD","Particulate.Matter"
"20179952700","Census Tract 9527",4.28536129366325
"20179952600","Census Tract 9526",4.23560714890415
