"GEOID","NAME","Particulate.Matter"
"29205450300","4503",6.56006122421725
"29205450200","4502",6.58407215358601
"29205450100","4501",6.64904252780817
