"GEOID","NAMELSAD","Particulate.Matter"
"54067950200","Census Tract 9502",6.780512078009
"54067950600","Census Tract 9506",5.93500170560686
"54067950700","Census Tract 9507",6.04270397218944
"54067950100","Census Tract 9501",6.66519814548554
"54067950400","Census Tract 9504",6.22346205808365
"54067950300","Census Tract 9503",7.07735122278396
"54067950500","Census Tract 9505",5.67573700734997
