"GEOID","NAME","Particulate.Matter"
"48351950100","9501",7.38322726262452
"48351950300","9503",7.77794216612545
"48351950400","9504",7.85721584875734
"48351950200","9502",7.47210419721461
