"GEOID","NAME","Particulate.Matter"
"13043950300","9503",6.90374000432319
"13043950100","9501",6.77106604762117
"13043950200","9502",6.95713637700746
