"GEOID","NAMELSAD","Particulate.Matter"
"20149000400","Census Tract 4",4.8943296330448
"20149000200","Census Tract 2",5.54951278710796
"20149000100","Census Tract 1",5.16897709704836
"20149000300","Census Tract 3",5.35493792445755
