"GEOID","NAME","Particulate.Matter"
"13233010300","103",7.99607120787861
"13233010500","105",8.21883274855758
"13233010100","101",8.37859501116409
"13233010700","107",8.11837600115881
"13233010600","106",8.18353910429145
"13233010400","104",8.16759318604419
"13233010200","102",8.29283377284798
