"GEOID","NAMELSAD","Particulate.Matter"
"56019955200","Census Tract 9552",4.67393613549932
"56019955100","Census Tract 9551",3.50379206338436
