"GEOID","NAMELSAD","Particulate.Matter"
"38057961600","Census Tract 9616",4.62702235989876
"38057961700","Census Tract 9617",4.66186251809507
"38057961800","Census Tract 9618",4.57940871456072
