"GEOID","NAME","Particulate.Matter"
"19157370200","3702",6.8503192211853
"19157370500","3705",7.1526853396912
"19157370100","3701",7.03800120613485
"19157370300","3703",6.73041306356666
"19157370400","3704",6.72944778648399
