"GEOID","NAMELSAD","Particulate.Matter"
"06005000200","Census Tract 2",5.93043812381785
"06005000500","Census Tract 5",6.50612946421839
"06005000401","Census Tract 4.01",5.9785674403813
"06005000301","Census Tract 3.01",7.95940588054416
"06005000402","Census Tract 4.02",5.32590073895824
"06005000102","Census Tract 1.02",3.4126514515037
"06005000303","Census Tract 3.03",8.21593237229414
"06005000101","Census Tract 1.01",4.70426631388446
"06005000304","Census Tract 3.04",8.50060214396232
