"GEOID","NAME","Particulate.Matter"
"29163460100","4601",7.86168554682962
"29163460200","4602",7.38763194658142
"29163460400","4604",7.23033463333408
"29163460500","4605",7.5850909943247
"29163460300","4603",7.11043312889316
