"GEOID","NAMELSAD","Particulate.Matter"
"28077960200","Census Tract 9602",7.46154690759351
"28077960100","Census Tract 9601",7.40273115154794
"28077960300","Census Tract 9603",7.19563566132262
