"GEOID","NAMELSAD","Particulate.Matter"
"38103960000","Census Tract 9600",3.99701892099559
"38103959800","Census Tract 9598",4.18534495569484
