"GEOID","NAME","Particulate.Matter"
"31021963200","9632",6.3132288838484
"31021963300","9633",6.74007659902752
"31021963400","9634",6.65511836674368
