"GEOID","NAMELSAD","Particulate.Matter"
"56031959400","Census Tract 9594",4.05790150853191
"56031959100","Census Tract 9591",3.90818210673169
