"GEOID","NAME","Particulate.Matter"
"29169470102","4701.02",6.59203514843099
"29169470400","4704",6.68760172404733
"29169470500","4705",6.51888853439828
"29169470390","4703.90",7.0006141749807
"29169470287","4702.87",6.76284914819267
"29169470286","4702.86",6.98632012432863
"29169470101","4701.01",6.69038469495597
"29169470389","4703.89",7.31677762725757
"29169470600","4706",6.8286824356476
