"GEOID","NAME","Particulate.Matter"
"31019969700","9697",4.85883484349167
"31019969202","9692.02",5.62596423222982
"31019969100","9691",4.80331757345157
"31019969000","9690",4.66331094545448
"31019968900","9689",4.65556236602103
"31019969204","9692.04",4.7489034271231
"31019969203","9692.03",4.89084481053421
"31019969300","9693",4.92231586539742
"31019969400","9694",6.04593856441315
"31019969500","9695",6.49141871666744
"31019969600","9696",5.49556633385451
