"GEOID","NAMELSAD","Particulate.Matter"
"51169030400","Census Tract 304",6.68510579331547
"51169030100","Census Tract 301",7.25655394206985
"51169030200","Census Tract 302",6.65535301888418
"51169030600","Census Tract 306",7.53244882165005
"51169030300","Census Tract 303",6.10761165618107
"51169030500","Census Tract 305",6.96846013249685
