"GEOID","NAME","Particulate.Matter"
"48473680400","6804",7.24216405539479
"48473680500","6805",7.33212448494885
"48473680200","6802",7.69855703825916
"48473680300","6803",7.38088803481166
"48473680100","6801",7.81469537163128
"48473680600","6806",7.14922651540316
