"GEOID","NAMELSAD","Particulate.Matter"
"51137110200","Census Tract 1102",7.21213158051199
"51137110102","Census Tract 1101.02",7.13124294310606
"51137110300","Census Tract 1103",7.07797488552671
"51137110104","Census Tract 1101.04",7.04202883141223
"51137110103","Census Tract 1101.03",6.87625279276972
