"GEOID","NAMELSAD","Particulate.Matter"
"18015959300","Census Tract 9593",8.62925423329603
"18015959500","Census Tract 9595",8.60437835141701
"18015959900","Census Tract 9599",8.73042354619544
"18015959400","Census Tract 9594",8.68288589286335
"18015959700","Census Tract 9597",8.93978582067885
"18015959600","Census Tract 9596",9.49850796649495
"18015959800","Census Tract 9598",8.99954387321689
