"GEOID","NAME","Particulate.Matter"
"13119890300","8903",7.88582477364164
"13119890400","8904",7.5586886431552
"13119890200","8902",7.92022961567063
"13119890102","8901.02",7.9911573932149
"13119890101","8901.01",7.95222546510048
