"GEOID","NAME","Particulate.Matter"
"29083950300","9503",6.89051797812702
"29083950500","9505",7.31347086215284
"29083950400","9504",7.08056627777465
"29083950100","9501",6.81481408958262
"29083950200","9502",6.78247994159679
"29083950600","9506",7.24225376447673
