"GEOID","NAME","Particulate.Matter"
"29065960400","9604",6.72441552908837
"29065960200","9602",6.52834607283472
"29065960300","9603",7.38598731932913
"29065960100","9601",6.5915486666527
