"GEOID","NAMELSAD","Particulate.Matter"
"26085960100","Census Tract 9601",5.43491871724197
"26085961300","Census Tract 9613",5.54239723740491
"26085961100","Census Tract 9611",5.74591922060855
"26085961200","Census Tract 9612",5.7263753133164
