"GEOID","NAMELSAD","Particulate.Matter"
"47045964900","Census Tract 9649",7.83936809739331
"47045964000","Census Tract 9640",8.14569551758273
"47045964500","Census Tract 9645",8.3698203499749
"47045964200","Census Tract 9642",8.83016270462284
"47045964800","Census Tract 9648",8.68265134258582
"47045964300","Census Tract 9643",8.16231554698113
"47045964400","Census Tract 9644",8.52910804227576
"47045964600","Census Tract 9646",8.36363784446641
