"GEOID","NAMELSAD","Particulate.Matter"
"47051960400","Census Tract 9604",7.69020753890148
"47051960600","Census Tract 9606",6.94948019279748
"47051960500","Census Tract 9605",7.82660808698201
"47051960100","Census Tract 9601",7.3833206898966
"47051960300","Census Tract 9603",7.45206347963134
"47051960700","Census Tract 9607",6.64022379414041
"47051960800","Census Tract 9608",7.27520053236802
"47051960202","Census Tract 9602.02",7.45638887319117
"47051960201","Census Tract 9602.01",7.50009680124691
