"GEOID","NAME","Particulate.Matter"
"46023970100","9701",4.20495200278589
"46023940300","9403",4.66087669242641
"46023940200","9402",4.41652028370547
