"GEOID","NAME","Particulate.Matter"
"29145020502","205.02",6.98762670830114
"29145020602","206.02",6.67238483307489
"29145020400","204",6.64171086517095
"29145020700","207",6.67341021659159
"29145020900","209",6.58230684519146
"29145020800","208",6.48913593452738
"29145021000","210",6.77305028929909
"29145020300","203",6.82645705284823
"29145020100","201",7.62765076171561
"29145020200","202",6.92033401204885
"29145020601","206.01",6.72766079288345
"29145020501","205.01",7.13930532728761
