"GEOID","NAME","Particulate.Matter"
"21213970200","9702",7.45345536575287
"21213970300","9703",7.79913766086648
"21213970400","9704",7.73371251876107
"21213970100","9701",7.33639467112468
