"GEOID","NAMELSAD","Particulate.Matter"
"28007060600","Census Tract 606",7.21843585330419
"28007060400","Census Tract 604",6.81190719319587
"28007060100","Census Tract 601",6.80098621522633
"28007060300","Census Tract 603",6.93828451282763
"28007060500","Census Tract 605",7.20628646902894
"28007060200","Census Tract 602",6.94417585580486
