"GEOID","NAME","Particulate.Matter"
"48057000400","4",6.61965777651855
"48057000300","3",6.59070127812424
"48057000200","2",6.64848019834238
"48057000100","1",6.78554680104309
"48057000500","5",6.43835702690107
