"GEOID","NAME","Particulate.Matter"
"48189950400","9504",6.29450433729854
"48189950300","9503",5.70571356890967
"48189950900","9509",4.69919311014995
"48189950500","9505",5.80891435769558
"48189950700","9507",4.79594643342167
"48189950600","9506",4.75740655361149
"48189950100","9501",4.99551571505357
"48189950800","9508",4.86194752887276
"48189950200","9502",5.63382128370647
