"GEOID","NAME","Particulate.Matter"
"55083100700","1007",4.85669861056544
"55083101200","1012",5.27029985121617
"55083101000","1010",5.12330815534607
"55083100900","1009",4.97552861010188
"55083100600","1006",4.85328990349039
"55083101300","1013",5.3405437177786
"55083100300","1003",4.37268294360317
"55083100800","1008",5.19415389377979
"55083101100","1011",5.28719274909797
"55083100500","1005",4.78554791692299
