"GEOID","NAME","Particulate.Matter"
"23013971000","9710",4.12860055162535
"23013970300","9703",3.91214712631741
"23013970900","9709",3.96024628327069
"23013970200","9702",3.88164575998892
"23013970800","9708",4.1505373158646
"23013970600","9706",4.97723540034382
"23013970400","9704",4.25659088553991
"23013970500","9705",4.08220116350983
"23013970700","9707",4.17606738207905
"23013971100","9711",4.02993528455935
