"GEOID","NAMELSAD","Particulate.Matter"
"51125950200","Census Tract 9502",6.66617836672316
"51125950100","Census Tract 9501",6.73588577373148
"51125950300","Census Tract 9503",6.22608489401437
