"GEOID","NAME","Particulate.Matter"
"17147954600","9546",7.31707045368589
"17147954500","9545",7.09957319945901
"17147954700","9547",7.37577485115188
"17147954800","9548",7.23572652976237
