"GEOID","NAME","Particulate.Matter"
"48059030200","302",5.48318523033251
"48059030102","301.02",5.51815159735937
"48059030101","301.01",5.52859344743065
