"GEOID","NAME","Particulate.Matter"
"48107950100","9501",4.86217871235049
"48107950300","9503",4.83759412203371
"48107950200","9502",4.85800039972457
