"GEOID","NAMELSAD","Particulate.Matter"
"12129010100","Census Tract 101",7.16641999649807
"12129010201","Census Tract 102.01",7.09228182863919
"12129010202","Census Tract 102.02",7.19287474949651
"12129010203","Census Tract 102.03",7.39332007020232
