"GEOID","NAMELSAD","Particulate.Matter"
"16013960200","Census Tract 9602",2.79830303306024
"16013960300","Census Tract 9603",2.1856769882526
"16013960100","Census Tract 9601",3.60978073771214
"16013960500","Census Tract 9605",2.54824967430694
