"GEOID","NAME","Particulate.Matter"
"05137950100","9501",6.34118016006367
"05137950202","9502.02",6.42188278498609
"05137950201","9502.01",6.63082294037999
