"GEOID","NAME","Particulate.Matter"
"05067480300","4803",8.32266484462612
"05067480200","4802",8.46308892536955
"05067480400","4804",8.1827632366362
"05067480500","4805",8.04807262279779
"05067480100","4801",8.34889809860769
