"GEOID","NAMELSAD","Particulate.Matter"
"47127930200","Census Tract 9302",6.97490839724643
"47127930100","Census Tract 9301",7.29867833901837
