"GEOID","NAME","Particulate.Matter"
"53003960400","9604",10.1073290195496
"53003960200","9602",5.93113595408673
"53003960100","9601",6.23674143497333
"53003960600","9606",8.97243174936544
"53003960300","9603",10.0897666244275
"53003960500","9605",10.446180101762
