"GEOID","NAME","Particulate.Matter"
"08089968600","9686",4.91085214326549
"08089968300","9683",3.63571232952676
"08089968400","9684",3.47908095023472
"08089968000","9680",3.3868267643353
"08089968500","9685",3.64331761400035
"08089968200","9682",3.48002708125634
"08089968100","9681",3.64682505503742
