"GEOID","NAME","Particulate.Matter"
"17149952600","9526",7.48378197210039
"17149952800","9528",7.18328595208876
"17149952500","9525",7.32098501438143
"17149952400","9524",7.06384234423654
"17149952700","9527",7.33542032106072
