"GEOID","NAMELSAD","Particulate.Matter"
"20117060510","Census Tract 605.10",4.97733147068206
"20117090186","Census Tract 901.86",5.15522567529208
"20117070182","Census Tract 701.82",5.02761409931713
"20117040701","Census Tract 407.01",4.86850842414557
