"GEOID","NAMELSAD","Particulate.Matter"
"16029960200","Census Tract 9602",3.06565632703151
"16029960100","Census Tract 9601",3.60067688809845
