"GEOID","NAME","Particulate.Matter"
"08071000200","2",5.10032512770745
"08071000500","5",2.9506227381204
"08071000300","3",2.83939366702265
"08071000400","4",2.77119209496
"08071000100","1",2.83800268864031
"08071000800","8",3.25384716375954
