"GEOID","NAME","Particulate.Matter"
"08093000200","2",2.62427236603817
"08093000100","1",2.56738230243755
"08093000300","3",2.22288568239995
"08093000400","4",2.73911656775579
"08093000500","5",2.81096740894123
