"GEOID","NAME","Particulate.Matter"
"19161080200","802",6.37455162872011
"19161080400","804",5.87357802077805
"19161080300","803",6.03138924198485
"19161080100","801",6.31218227688481
