"GEOID","NAMELSAD","Particulate.Matter"
"47177930100","Census Tract 9301",7.34227107968997
"47177930300","Census Tract 9303",7.08293989815642
"47177930500","Census Tract 9305",7.67667245855019
"47177930800","Census Tract 9308",7.38387619602018
"47177930200","Census Tract 9302",7.24085229608212
"47177930400","Census Tract 9304",7.3561030533373
"47177930900","Census Tract 9309",6.7031638934451
"47177930700","Census Tract 9307",7.35600721573087
"47177930600","Census Tract 9306",7.53059527567876
