"GEOID","NAMELSAD","Particulate.Matter"
"26069000200","Census Tract 2",5.70873599631209
"26069000100","Census Tract 1",5.75276039952145
"26069000600","Census Tract 6",5.99597364903098
"26069000800","Census Tract 8",6.15366816387117
"26069000400","Census Tract 4",5.86033793623027
"26069000700","Census Tract 7",6.10434400059437
"26069000500","Census Tract 5",6.16054629228477
"26069000300","Census Tract 3",5.63188201456069
"26069000900","Census Tract 9",5.77645687530156
