"GEOID","NAME","Particulate.Matter"
"31033955000","9550",3.56060216692111
"31033954900","9549",3.60094875561429
"31033954800","9548",3.42085265505243
