"GEOID","NAME","Particulate.Matter"
"21005950400","9504",7.34142401012488
"21005950100","9501",7.35311457017445
"21005950300","9503",7.2981044078733
"21005950202","9502.02",7.45306757095625
"21005950201","9502.01",7.44150407917768
