"GEOID","NAMELSAD","Particulate.Matter"
"16049940000","Census Tract 9400",6.92982121545932
"16049960100","Census Tract 9601",6.28503874232251
"16049960200","Census Tract 9602",8.17917987009513
"16049960400","Census Tract 9604",7.12222369054947
"16049960300","Census Tract 9603",6.44942747787709
