"GEOID","NAMELSAD","Particulate.Matter"
"20001952700","Census Tract 9527",6.29597900853849
"20001952800","Census Tract 9528",6.64192225243863
"20001953000","Census Tract 9530",6.45206313379086
"20001952600","Census Tract 9526",6.38001311358671
"20001952900","Census Tract 9529",6.55274053150555
