"GEOID","NAME","Particulate.Matter"
"05091020900","209",7.05982885415047
"05091020500","205",7.80241432079325
"05091021000","210",7.00166997490529
"05091020400","204",7.8640155659228
"05091020200","202",9.21927488903504
"05091020600","206",9.15306661714648
"05091020701","207.01",8.80039367489636
"05091020100","201",9.20611565661367
"05091980000","9800",7.54817971008921
"05091020802","208.02",6.96464413101908
"05091020702","207.02",8.49175851650752
"05091020801","208.01",7.47154187370313
