"GEOID","NAMELSAD","Particulate.Matter"
"28037950200","Census Tract 9502",7.35719555813981
"28037950100","Census Tract 9501",7.22688020872996
