"GEOID","NAME","Particulate.Matter"
"46115000300","3",4.52757920246673
"46115000100","1",4.78228618847688
"46115000200","2",4.67406992709696
