"GEOID","NAMELSAD","Particulate.Matter"
"30085080100","Census Tract 801",4.44805736723331
"30085940002","Census Tract 9400.02",4.44932949173088
"30085940001","Census Tract 9400.01",4.10350739905219
