"GEOID","NAMELSAD","Particulate.Matter"
"51173030302","Census Tract 303.02",6.568283621228
"51173030702","Census Tract 307.02",5.46492131217217
"51173030701","Census Tract 307.01",6.87210796400119
"51173030301","Census Tract 303.01",6.70175235291125
"51173030500","Census Tract 305",5.65066034589069
"51173030200","Census Tract 302",6.12491432933385
"51173030400","Census Tract 304",5.82937745822803
"51173030100","Census Tract 301",6.2162795008185
"51173030600","Census Tract 306",6.15831751449339
