"GEOID","NAME","Particulate.Matter"
"31155968500","9685",6.03386969539779
"31155968300","9683",5.84530631842297
"31155968200","9682",5.68786397922356
"31155968400","9684",5.9528619661269
"31155968100","9681",6.00030829547984
