"GEOID","NAME","Particulate.Matter"
"17175951400","9514",7.3933728738084
"17175951500","9515",7.24243272097678
