"GEOID","NAME","Particulate.Matter"
"05083950100","9501",7.11122338997163
"05083950300","9503",7.23312004502335
"05083950600","9506",6.70317274888847
"05083950200","9502",7.16089034395989
"05083950500","9505",7.06233680442846
"05083950400","9504",6.69633140285072
