"GEOID","NAME","Particulate.Matter"
"01007010003","100.03",8.57402342478596
"01007010004","100.04",8.25054748402486
"01007010001","100.01",8.54836316643304
"01007010002","100.02",8.77935271145197
