"GEOID","NAME","Particulate.Matter"
"21085950100","9501",7.21553741650203
"21085950500","9505",7.4203347400223
"21085950600","9506",7.55061525874036
"21085950300","9503",7.51692409346963
"21085950200","9502",7.14700971748411
"21085950700","9507",7.61369085303381
"21085950400","9504",7.41049717050616
