"GEOID","NAME","Particulate.Matter"
"05023480202","4802.02",6.94494506978853
"05023480502","4805.02",6.77333906883799
"05023480201","4802.01",6.79208401462039
"05023480501","4805.01",6.71071876491474
"05023480300","4803",7.7498064626736
"05023480400","4804",7.3025858107997
"05023480100","4801",6.9830330270866
