"GEOID","NAME","Particulate.Matter"
"19081270300","2703",5.48352943507626
"19081270100","2701",5.6882981340905
"19081270400","2704",5.72907869491779
"19081270200","2702",5.54771839245996
