"GEOID","NAME","Particulate.Matter"
"46007941000","9410",3.6139739195764
"46007941200","9412",3.59127969228327
