"GEOID","NAMELSAD","Particulate.Matter"
"28107950300","Census Tract 9503",6.96512875665901
"28107950500","Census Tract 9505",7.09560572902314
"28107950600","Census Tract 9506",7.28534495695645
"28107950200","Census Tract 9502",6.99053755949219
"28107950400","Census Tract 9504",6.63647740883966
"28107950100","Census Tract 9501",7.12547236312949
