"GEOID","NAME","Particulate.Matter"
"27075370400","3704",4.61369901439113
"27075370300","3703",3.72751057816011
"27075370100","3701",3.44727089699754
