"GEOID","NAMELSAD","Particulate.Matter"
"47033961000","Census Tract 9610",8.47506965971123
"47033961400","Census Tract 9614",8.18967329834443
"47033961200","Census Tract 9612",8.39364292905742
"47033961100","Census Tract 9611",8.43802638052733
"47033961300","Census Tract 9613",8.88961795379302
