"GEOID","NAME","Particulate.Matter"
"19033951600","9516",6.71588689912952
"19033950102","9501.02",6.28946419555934
"19033950402","9504.02",6.45001329738477
"19033951400","9514",5.97192274350949
"19033950300","9503",6.40466477448519
"19033950700","9507",5.82925969430345
"19033950900","9509",5.65812367076148
"19033950800","9508",5.59249772823731
"19033950600","9506",5.90822825052948
"19033951000","9510",5.80893285979135
"19033950200","9502",5.87989887385356
