"GEOID","NAME","Particulate.Matter"
"48399950500","9505",6.2038737291881
"48399950600","9506",5.9562182077054
"48399950100","9501",5.71687104112989
"48399950200","9502",5.8375218880983
