"GEOID","NAME","Particulate.Matter"
"19019950100","9501",6.86290615835112
"19019950300","9503",7.05572514594047
"19019950600","9506",7.14050291115062
"19019950500","9505",7.37199869787491
"19019950200","9502",6.86673827180114
"19019950400","9504",7.26375753332704
