"GEOID","NAMELSAD","Particulate.Matter"
"12051000200","Census Tract 2",6.87311732676695
"12051000100","Census Tract 1",7.01531573382097
"12051000300","Census Tract 3",6.70847453237267
"12051000401","Census Tract 4.01",6.60939628665263
"12051000402","Census Tract 4.02",6.61905736277605
"12051000600","Census Tract 6",6.79918906777172
