"GEOID","NAME","Particulate.Matter"
"48151950400","9504",5.11656771332182
"48151950300","9503",5.30605304556899
