"GEOID","NAMELSAD","Particulate.Matter"
"54051020601","Census Tract 206.01",8.4786764399671
"54051020702","Census Tract 207.02",9.64815085126724
"54051021100","Census Tract 211",7.97452102292029
"54051020500","Census Tract 205",10.2767179371151
"54051021000","Census Tract 210",7.6337116254451
"54051020900","Census Tract 209",8.40564593530622
"54051020800","Census Tract 208",7.4210259592351
"54051021300","Census Tract 213",7.80655586651867
"54051020200","Census Tract 202",10.194287740544
