"GEOID","NAMELSAD","Particulate.Matter"
"26097950500","Census Tract 9505",4.84691440364305
"26097950100","Census Tract 9501",4.79482031648629
"26097950200","Census Tract 9502",4.4166453926965
"26097950400","Census Tract 9504",4.54128507851922
"26097950300","Census Tract 9503",4.24465907695487
