"GEOID","NAME","Particulate.Matter"
"55069960200","9602",4.03958247851093
"55069961000","9610",5.01822048118609
"55069960100","9601",3.77773579950332
"55069960700","9607",4.11008733695642
"55069960800","9608",4.80167527729758
"55069960600","9606",4.18602514132512
"55069960400","9604",4.15564794457726
"55069960900","9609",5.92525213725085
"55069960500","9605",3.86035457724529
"55069960300","9603",3.91155154020207
