"GEOID","NAME","Particulate.Matter"
"29027070700","707",6.8758325217757
"29027070600","706",6.7716472035964
"29027070100","701",6.85840784903641
"29027070400","704",6.87636901845817
"29027070500","705",6.762685650663
"29027070300","703",6.80354263991832
"29027070800","708",7.15374966256879
"29027070200","702",6.69774932662521
