"GEOID","NAME","Particulate.Matter"
"17067954300","9543",6.97394909744412
"17067954000","9540",7.00037443065598
"17067954100","9541",7.49907799531422
"17067954200","9542",7.14924462795406
"17067953700","9537",6.99224613377901
"17067953900","9539",6.78162757231012
"17067953800","9538",6.99949701908236
