"GEOID","NAME","Particulate.Matter"
"05059020100","201",7.28640583026845
"05059020500","205",7.40853575477611
"05059020300","203",7.77009682667076
"05059020600","206",7.17868081284441
"05059020400","204",7.58973651600428
"05059020700","207",6.85469348648942
"05059020200","202",8.0864336873219
