"GEOID","NAME","Particulate.Matter"
"17105961000","9610",7.12747375022617
"17105960600","9606",7.79199960349773
"17105960400","9604",7.55839510409144
"17105960800","9608",7.52579640578981
"17105960500","9605",7.64359408007587
"17105960300","9603",7.28016676517738
"17105960900","9609",7.57981636939336
"17105960200","9602",7.79787241886273
"17105960700","9607",7.87522451389702
"17105960100","9601",7.99966455334925
