"GEOID","NAME","Particulate.Matter"
"31099966600","9666",4.88784820456084
"31099966700","9667",4.90261047981771
