"GEOID","NAMELSAD","Particulate.Matter"
"32033970200","Census Tract 9702",3.2359006297622
"32033970100","Census Tract 9701",3.60494181357171
"32033970300","Census Tract 9703",3.72902699708485
