"GEOID","NAME","Particulate.Matter"
"13271950500","9505",7.08807897926601
"13271950100","9501",7.15065423283924
"13271950200","9502",7.13759318357635
