"GEOID","NAMELSAD","Particulate.Matter"
"06021010200","Census Tract 102",7.4800991783069
"06021010100","Census Tract 101",8.18629536591296
"06021010501","Census Tract 105.01",7.17825675201429
"06021010502","Census Tract 105.02",7.70437565329689
"06021010300","Census Tract 103",5.34699479584132
"06021010400","Census Tract 104",8.15462723165586
