"GEOID","NAME","Particulate.Matter"
"55121100500","1005",5.10758830153758
"55121100700","1007",5.63692596622771
"55121100300","1003",5.16198675094244
"55121100600","1006",5.31717314439914
"55121100800","1008",5.41471474729941
"55121100400","1004",4.84471477986012
"55121100200","1002",4.71695272648721
"55121100100","1001",4.7545217317393
