"GEOID","NAME","Particulate.Matter"
"41031960301","9603.01",4.73840096398136
"41031960302","9603.02",3.68657266403846
"41031960202","9602.02",5.16260239607672
"41031960201","9602.01",5.66313939767426
"41031960100","9601",4.02039880519142
"41031940000","9400",3.68244392250411
