"GEOID","NAME","Particulate.Matter"
"48193950100","9501",6.56679881550205
"48193950300","9503",6.37503173048944
"48193950200","9502",6.31673665741813
