"GEOID","NAME","Particulate.Matter"
"37017950100","9501",7.30149607668019
"37017950400","9504",7.5247214391746
"37017950300","9503",7.65816040206762
"37017950500","9505",7.4798834589842
"37017950600","9506",7.24346939473229
"37017950200","9502",7.71151893945112
