"GEOID","NAME","Particulate.Matter"
"48009020200","202",5.92204077972412
"48009020300","203",6.04628742549808
"48009020100","201",6.08655377950917
