"GEOID","NAMELSAD","Particulate.Matter"
"47109930100","Census Tract 9301",7.6121563254929
"47109930500","Census Tract 9305",7.63865275900746
"47109930200","Census Tract 9302",7.42216667478398
"47109930700","Census Tract 9307",7.96042210821379
"47109930300","Census Tract 9303",7.42814836474728
"47109930400","Census Tract 9304",7.50104767452967
"47109930600","Census Tract 9306",7.82883327869104
