"GEOID","NAMELSAD","Particulate.Matter"
"45037970501","Census Tract 9705.01",7.39691189677575
"45037970202","Census Tract 9702.02",7.08637027407449
"45037970201","Census Tract 9702.01",7.14236431519846
"45037970502","Census Tract 9705.02",7.41071606906282
"45037970300","Census Tract 9703",7.39231241623117
"45037970400","Census Tract 9704",7.38685249925001
