"GEOID","NAMELSAD","Particulate.Matter"
"38079941800","Census Tract 9418",4.18186231820656
"38079951700","Census Tract 9517",4.08486756876382
"38079951900","Census Tract 9519",4.9524994347841
"38079951600","Census Tract 9516",4.76982908353088
