"GEOID","NAME","Particulate.Matter"
"53031950202","9502.02",3.96508664790686
"53031950500","9505",4.04392647231455
"53031950601","9506.01",4.54897375933653
"53031950300","9503",4.13725369388181
"53031950602","9506.02",4.42927821743773
"53031950400","9504",4.22906933980555
"53031950702","9507.02",2.0127557573269
