"GEOID","NAME","Particulate.Matter"
"01017953900","9539",7.5977906072146
"01017954000","9540",7.3183380628643
"01017954600","9546",8.0221065004293
"01017954200","9542",7.55020901406392
"01017953800","9538",7.82322955777062
"01017954500","9545",8.00230022560138
"01017954300","9543",7.5881826856682
"01017954700","9547",7.71346487982251
"01017954400","9544",8.03394984466711
