"GEOID","NAME","Particulate.Matter"
"05105952700","9527",7.33368150510244
"05105952900","9529",6.83364455365243
"05105952800","9528",7.06465903927082
