"GEOID","NAME","Particulate.Matter"
"21139040100","401",8.68368338255834
"21139040200","402",8.79950976214972
