"GEOID","NAMELSAD","Particulate.Matter"
"22029000400","Census Tract 4",8.11222436829906
"22029000500","Census Tract 5",7.92695781733953
"22029000200","Census Tract 2",8.05102850727299
"22029000300","Census Tract 3",8.14636449164547
"22029000100","Census Tract 1",7.72488800025258
