"GEOID","NAME","Particulate.Matter"
"13235950300","9503",7.6256770670013
"13235950100","9501",7.49155657807946
"13235950200","9502",7.50061613791832
