"GEOID","NAME","Particulate.Matter"
"13177020200","202",7.22154863199846
"13177020402","204.02",7.39051002595458
"13177020300","203",7.23888596071025
"13177020100","201",7.4242428231471
"13177020403","204.03",7.41245535118599
