"GEOID","NAMELSAD","Particulate.Matter"
"56009956700","Census Tract 9567",4.07908184255602
"56009956500","Census Tract 9565",4.01049368686507
"56009956400","Census Tract 9564",3.72338506004704
"56009956600","Census Tract 9566",3.24074449677233
