"GEOID","NAMELSAD","Particulate.Matter"
"28161950200","Census Tract 9502",6.90224866349776
"28161950100","Census Tract 9501",6.85364700649683
"28161950300","Census Tract 9503",6.87098916211332
