"GEOID","NAME","Particulate.Matter"
"21057950100","9501",7.51580271578342
"21057950200","9502",7.73032430705755
