"GEOID","NAMELSAD","Particulate.Matter"
"40093955200","Census Tract 9552",5.85964332483042
"40093955100","Census Tract 9551",6.53591373094165
"40093955300","Census Tract 9553",6.29527997998778
