"GEOID","NAME","Particulate.Matter"
"39117965200","9652",7.8363058210809
"39117965100","9651",7.18932027170183
"39117965300","9653",7.95574902934263
"39117965500","9655",7.65022436244376
"39117965000","9650",7.22059099487462
"39117965400","9654",7.65830392942029
