"GEOID","NAME","Particulate.Matter"
"19071970300","9703",6.49584140883732
"19071970100","9701",6.63574218855908
"19071970200","9702",6.57495339858446
