"GEOID","NAME","Particulate.Matter"
"55137960200","9602",5.38067267398499
"55137960600","9606",5.77686465234872
"55137960400","9604",5.50421092658519
"55137960700","9607",6.23527762724534
"55137960100","9601",5.95074492339671
"55137960300","9603",5.153129675589
"55137960800","9608",5.50909072961983
