"GEOID","NAMELSAD","Particulate.Matter"
"51735340200","Census Tract 3402",7.28747889142609
"51735340300","Census Tract 3403",7.08539774494895
"51735340100","Census Tract 3401",7.11807420454559
