"GEOID","NAME","Particulate.Matter"
"21187970300","9703",7.21558501562944
"21187970100","9701",7.6023041341741
"21187970200","9702",7.39924576754165
