"GEOID","NAMELSAD","Particulate.Matter"
"04012020602","Census Tract 206.02",6.95511279361969
"04012940200","Census Tract 9402",7.56724369237827
"04012940300","Census Tract 9403",6.58176036071319
"04012020100","Census Tract 201",5.55082349853957
"04012980000","Census Tract 9800",6.3434214452256
"04012020501","Census Tract 205.01",5.66435781357209
"04012020502","Census Tract 205.02",6.12777185026496
"04012020201","Census Tract 202.01",6.4618534419452
"04012020202","Census Tract 202.02",5.8663939904155
