"GEOID","NAME","Particulate.Matter"
"46121940100","9401",3.68125599202623
"46121940200","9402",3.64342978169811
