"GEOID","NAME","Particulate.Matter"
"37175960100","9601",5.37119528690148
"37175960300","9603",6.38837354384988
"37175960500","9605",5.04719831444376
"37175960200","9602",5.56101872252668
"37175960600","9606",5.3280706824532
"37175960402","9604.02",5.15329682811965
"37175960401","9604.01",5.91975165199911
