"GEOID","NAME","Particulate.Matter"
"05089960300","9603",6.69514815287682
"05089960100","9601",6.56699810991537
"05089960202","9602.02",6.8808314795397
"05089960201","9602.01",6.67765946025464
