"GEOID","NAME","Particulate.Matter"
"13281960200","9602",5.48977092011895
"13281960300","9603",5.55313474101357
"13281960100","9601",6.62945504397273
