"GEOID","NAME","Particulate.Matter"
"46087964700","9647",5.25489508775682
"46087964600","9646",5.30810844711051
