"GEOID","NAMELSAD","Particulate.Matter"
"51600300400","Census Tract 3004",8.38445808259251
"51600300100","Census Tract 3001",8.33393538697408
"51600300300","Census Tract 3003",8.24565043622218
"51600300500","Census Tract 3005",8.31791401045887
"51600300200","Census Tract 3002",8.23618871572469
