"GEOID","NAMELSAD","Particulate.Matter"
"40009966100","Census Tract 9661",5.09205381042286
"40009966500","Census Tract 9665",5.22356912259049
"40009966800","Census Tract 9668",5.11603938506626
"40009966200","Census Tract 9662",4.93973083906738
