"GEOID","NAMELSAD","Particulate.Matter"
"47055920300","Census Tract 9203",7.16068849993871
"47055920400","Census Tract 9204",7.43891382567866
"47055920500","Census Tract 9205",7.67689994687509
"47055920600","Census Tract 9206",7.69420861439934
"47055920200","Census Tract 9202",7.8603677465663
"47055920800","Census Tract 9208",7.53925039067456
"47055920700","Census Tract 9207",7.74299849332006
"47055920100","Census Tract 9201",7.2166754077461
