"GEOID","NAME","Particulate.Matter"
"13221960100","9601",7.31766591528558
"13221960300","9603",7.10679313024958
"13221960202","9602.02",7.15402372516718
"13221960201","9602.01",7.3168092300921
