"GEOID","NAMELSAD","Particulate.Matter"
"45069960302","Census Tract 9603.02",7.85856263066329
"45069960600","Census Tract 9606",7.64809780736429
"45069960100","Census Tract 9601",8.00549697080865
"45069960301","Census Tract 9603.01",7.9950801727708
"45069960400","Census Tract 9604",7.971259839634
"45069960200","Census Tract 9602",7.90355208620513
"45069960500","Census Tract 9605",7.8058189573207
