"GEOID","NAMELSAD","Particulate.Matter"
"20201978700","Census Tract 9787",4.79350296118891
"20201978600","Census Tract 9786",5.01036201905921
