"GEOID","NAME","Particulate.Matter"
"01109188900","1889",7.10771664554673
"01109188700","1887",7.27240875479975
"01109188800","1888",7.18842921763337
"01109189000","1890",7.07808220760588
"01109188600","1886",7.18928997668226
"01109189300","1893",7.10740632035572
"01109189200","1892",7.15899568365097
"01109189100","1891",6.97374427806767
