"GEOID","NAMELSAD","Particulate.Matter"
"04009940500","Census Tract 9405",3.46540271363933
"04009961300","Census Tract 9613",5.79275687904179
"04009961700","Census Tract 9617",4.0426788724064
"04009961600","Census Tract 9616",3.53022163754113
"04009961100","Census Tract 9611",3.85036403987313
"04009961500","Census Tract 9615",4.26503725556537
"04009961400","Census Tract 9614",5.40210956565534
"04009961201","Census Tract 9612.01",4.67672148189705
"04009961202","Census Tract 9612.02",4.29230745578556
