"GEOID","NAME","Particulate.Matter"
"13161960100","9601",6.98620851481092
"13161960300","9603",7.02251156921845
"13161960200","9602",7.07510727176933
