"GEOID","NAMELSAD","Particulate.Matter"
"16007950200","Census Tract 9502",3.02754608980812
"16007950100","Census Tract 9501",3.52489585248319
