"GEOID","NAME","Particulate.Matter"
"13141480300","4803",7.11315159658603
"13141480400","4804",7.22989548167647
