"GEOID","NAMELSAD","Particulate.Matter"
"18049953400","Census Tract 9534",7.19769504079403
"18049953100","Census Tract 9531",7.48589430153237
"18049953300","Census Tract 9533",7.5384028811262
"18049953000","Census Tract 9530",6.98919979639494
"18049953500","Census Tract 9535",7.07011780040956
"18049953200","Census Tract 9532",7.06906973696989
