"GEOID","NAME","Particulate.Matter"
"21095971300","9713",5.6886116088619
"21095970200","9702",5.3197635244145
"21095970800","9708",6.5529345216714
"21095971000","9710",5.69574527796447
"21095970700","9707",6.12839502868448
"21095970500","9705",6.23216585138278
"21095970600","9706",5.82657064246837
"21095970100","9701",4.72029828642598
"21095970400","9704",6.26863185107899
"21095970900","9709",5.70416692931665
"21095970300","9703",5.0347994274203
