"GEOID","NAME","Particulate.Matter"
"37013930502","9305.02",6.82814740257657
"37013930501","9305.01",7.00030278743241
"37013930600","9306",6.69901094992294
"37013930900","9309",6.68012185530367
"37013930800","9308",6.61326779425648
"37013930100","9301",6.75989437576036
"37013931000","9310",6.89383797392573
"37013930200","9302",6.72754327471268
"37013930700","9307",6.54378153031221
"37013930300","9303",7.65033857993309
"37013930400","9304",7.14203858919682
