"GEOID","NAMELSAD","Particulate.Matter"
"40115574900","Census Tract 5749",6.92667754631719
"40115574300","Census Tract 5743",7.28731599144888
"40115574800","Census Tract 5748",7.23776064370545
"40115574600","Census Tract 5746",7.3721395682697
"40115574700","Census Tract 5747",7.15590825010716
"40115574200","Census Tract 5742",7.18543457202526
"40115574100","Census Tract 5741",7.0350299984733
"40115574500","Census Tract 5745",8.91914614311377
"40115574400","Census Tract 5744",9.03373258551119
