"GEOID","NAME","Particulate.Matter"
"05113950300","9503",6.19187079081021
"05113950100","9501",5.97303651505581
"05113950600","9506",6.11490594476561
"05113950500","9505",6.0185473476501
"05113950400","9504",6.07189175570681
"05113950200","9502",5.71491400570355
