"GEOID","NAME","Particulate.Matter"
"13261950600","9506",8.27442648066571
"13261950800","9508",7.36015186384311
"13261950200","9502",7.47244707942461
"13261950400","9504",7.05855524101898
"13261950100","9501",7.43829148251442
"13261950500","9505",7.18786080031233
"13261950300","9503",7.25402794712259
"13261950700","9507",7.50287160301028
