"GEOID","NAME","Particulate.Matter"
"19055950100","9501",6.84027604525766
"19055950300","9503",7.06366042585012
"19055950400","9504",7.12865614026382
"19055950200","9502",6.72236949094611
