"GEOID","NAME","Particulate.Matter"
"13131950200","9502",7.31316196709709
"13131950600","9506",7.20177923766363
"13131950300","9503",7.26914723379164
"13131950400","9504",7.17983707980149
"13131950500","9505",7.32343725025028
"13131950100","9501",7.43612640600539
