"GEOID","NAME","Particulate.Matter"
"39071954500","9545",8.22109515581883
"39071954400","9544",8.47410632845215
"39071955200","9552",7.98963468246179
"39071955100","9551",7.62080460428711
"39071955000","9550",7.80891079870397
"39071954600","9546",7.97368585621434
"39071954800","9548",8.36363420964569
"39071954900","9549",8.03444377577493
"39071954700","9547",8.31592092401972
