"GEOID","NAMELSAD","Particulate.Matter"
"47123925400","Census Tract 9254",7.76477649036905
"47123925000","Census Tract 9250",7.33113253031887
"47123925300","Census Tract 9253",7.83813067145358
"47123925200","Census Tract 9252",7.8236369532497
"47123925100","Census Tract 9251",7.84339951440928
"47123925502","Census Tract 9255.02",6.35284392933914
"47123925501","Census Tract 9255.01",6.70598221011736
