"GEOID","NAME","Particulate.Matter"
"37131920402","9204.02",6.89138247553188
"37131920200","9202",6.70872835584456
"37131920300","9203",6.90726040286322
"37131920100","9201",6.88572290552965
"37131920401","9204.01",7.00833548112756
