"GEOID","NAMELSAD","Particulate.Matter"
"18121030400","Census Tract 304",8.22454723370482
"18121030300","Census Tract 303",8.06983156611039
"18121030100","Census Tract 301",8.34636095375938
"18121030200","Census Tract 302",8.11529296774467
