"GEOID","NAME","Particulate.Matter"
"21167960100","9601",7.1588611376565
"21167960500","9605",7.00068051801819
"21167960300","9603",7.03367954568723
"21167960200","9602",7.32195060041547
"21167960400","9604",6.93252480876218
