"GEOID","NAME","Particulate.Matter"
"21065920100","9201",6.16763617807868
"21065920200","9202",6.40229696927614
"21065920300","9203",6.51037363802311
"21065920400","9204",6.18618975747033
