"GEOID","NAME","Particulate.Matter"
"55017010100","101",5.61735114024055
"55017011200","112",4.79635099402248
"55017010500","105",5.30361939420043
"55017011100","111",4.77321982902552
"55017010200","102",5.21092935145389
"55017010300","103",6.05750168354822
"55017010800","108",4.64776334773014
"55017010700","107",4.8618447060878
"55017010900","109",4.69246598575459
"55017010400","104",4.90394995494667
"55017011000","110",4.79341403251207
