"GEOID","NAME","Particulate.Matter"
"08023972600","9726",2.51844463698197
"08023972700","9727",2.82394743568904
