"GEOID","NAME","Particulate.Matter"
"08083941100","9411",2.54210011169727
"08083969000","9690",2.25637644939646
"08083969300","9693",3.18224215038473
"08083969200","9692",2.65936724453921
"08083969600","9696",2.8390605430177
"08083969400","9694",3.57636964145652
"08083969100","9691",2.22008566811149
