"GEOID","NAMELSAD","Particulate.Matter"
"20021958500","Census Tract 9585",7.14104280579622
"20021958600","Census Tract 9586",7.47579002615977
"20021958200","Census Tract 9582",6.96508207870981
"20021958100","Census Tract 9581",6.81757988239488
"20021958400","Census Tract 9584",7.07699412121398
"20021958300","Census Tract 9583",6.9362278702387
