"GEOID","NAME","Particulate.Matter"
"01111000300","3",7.90989242376235
"01111000400","4",7.78714763332642
"01111000500","5",7.9390668494931
"01111000600","6",8.01988746616248
"01111000100","1",7.96683118098804
"01111000200","2",7.89230661374104
