"GEOID","NAMELSAD","Particulate.Matter"
"18061060100","Census Tract 601",7.51468623266296
"18061060300","Census Tract 603",7.77065488616531
"18061060600","Census Tract 606",8.2231924188005
"18061060200","Census Tract 602",7.68786967577759
"18061060500","Census Tract 605",7.9080994474396
"18061060400","Census Tract 604",7.92531034055121
