"GEOID","NAME","Particulate.Matter"
"39125960300","9603",8.61027388929303
"39125960500","9605",8.7054020261085
"39125960200","9602",8.27434196387
"39125960400","9604",9.06149009610872
"39125960100","9601",8.54989437062712
