"GEOID","NAME","Particulate.Matter"
"35053940000","9400",3.21894317735913
"35053978200","9782",3.3857305263303
"35053978303","9783.03",4.30504362873905
"35053978100","9781",3.3893562002459
"35053978302","9783.02",5.79348029220766
"35053978301","9783.01",3.72633016278696
