"GEOID","NAME","Particulate.Matter"
"48233950500","9505",5.25299498407499
"48233951000","9510",5.54420352779091
"48233950200","9502",5.22817504938858
"48233950700","9507",5.55788359134219
"48233950600","9506",5.46306584800106
"48233950800","9508",5.80973286811201
"48233950900","9509",5.28559320957304
