"GEOID","NAME","Particulate.Matter"
"29001950100","9501",6.61120900339901
"29001950300","9503",6.55990737952761
"29001950400","9504",6.58870544268297
"29001950500","9505",6.4823986621708
"29001951000","9510",7.8852726699682
"29001950200","9502",6.31162818511199
"29001950900","9509",7.97107748466837
