"GEOID","NAME","Particulate.Matter"
"13171970300","9703",7.32673996400743
"13171970200","9702",7.25408535690463
"13171970100","9701",7.62507672490291
