"GEOID","NAME","Particulate.Matter"
"13225040102","401.02",7.38923200153462
"13225040101","401.01",7.50459891800312
"13225040400","404",7.31222944032804
"13225040200","402",7.31240661837161
"13225040301","403.01",7.11590349528109
"13225040302","403.02",7.4311731208884
