"GEOID","NAME","Particulate.Matter"
"27093560500","5605",5.58605043007615
"27093560400","5604",5.77379072998282
"27093560200","5602",5.63418543002644
"27093560600","5606",5.32777234051427
"27093560100","5601",5.59949216731138
"27093560300","5603",5.8823364024031
