"GEOID","NAMELSAD","Particulate.Matter"
"54047954501","Census Tract 9545.01",6.1921181633143
"54047954503","Census Tract 9545.03",6.38696075400135
"54047954504","Census Tract 9545.04",6.37475351999158
"54047953600","Census Tract 9536",5.81394285671265
"54047954000","Census Tract 9540",6.29310012980513
"54047954200","Census Tract 9542",6.16404299628155
"54047953900","Census Tract 9539",6.92501109775472
"54047953800","Census Tract 9538",6.53066017803748
