"GEOID","NAME","Particulate.Matter"
"31025965700","9657",6.15874296419518
"31025966100","9661",6.46322468898614
"31025965600","9656",6.35447368517116
"31025965800","9658",5.83530922340631
"31025966000","9660",6.21830377704213
"31025965900","9659",5.89654781512818
