"GEOID","NAME","Particulate.Matter"
"29117480500","4805",7.95948838305691
"29117480300","4803",7.30931825818261
"29117480100","4801",6.58135514653342
"29117480200","4802",6.78160808089235
"29117480400","4804",7.64310953842911
