"GEOID","NAMELSAD","Particulate.Matter"
"26053950100","Census Tract 9501",3.50294870272681
"26053950600","Census Tract 9506",4.6779054293466
"26053950300","Census Tract 9503",3.3118695451088
"26053950400","Census Tract 9504",3.3264915984848
"26053950200","Census Tract 9502",3.49612637120943
"26053950700","Census Tract 9507",3.4762957038115
"26053950500","Census Tract 9505",3.55331328237712
