"GEOID","NAME","Particulate.Matter"
"21223100200","1002",7.53948309400188
"21223100100","1001",7.89224589565672
