"GEOID","NAMELSAD","Particulate.Matter"
"47049965100","Census Tract 9651",6.28073374804245
"47049965200","Census Tract 9652",6.18743842180461
"47049965300","Census Tract 9653",5.82086805928434
"47049965000","Census Tract 9650",6.53224107693958
