"GEOID","NAMELSAD","Particulate.Matter"
"36095740100","Census Tract 7401",6.17616654852857
"36095740600","Census Tract 7406",5.62508164304161
"36095740300","Census Tract 7403",6.37216004226191
"36095740700","Census Tract 7407",5.86084154166556
"36095740800","Census Tract 7408",5.66207130738199
"36095740200","Census Tract 7402",5.84023660589926
"36095740400","Census Tract 7404",5.90628225529659
"36095740500","Census Tract 7405",5.48533853058037
