"GEOID","NAMELSAD","Particulate.Matter"
"45087030100","Census Tract 301",7.69851629694544
"45087030900","Census Tract 309",7.34392521244052
"45087030500","Census Tract 305",7.3672758342233
"45087030400","Census Tract 304",7.31443050250985
"45087030300","Census Tract 303",7.37245774454743
"45087030200","Census Tract 302",7.68294347751881
"45087030600","Census Tract 306",7.63154805323795
"45087030700","Census Tract 307",7.32747521235133
"45087030800","Census Tract 308",7.26167480046944
