"GEOID","NAME","Particulate.Matter"
"31129960000","9600",4.84528222838143
"31129960100","9601",4.84888531653343
