"GEOID","NAMELSAD","Particulate.Matter"
"28153950300","Census Tract 9503",7.58624631787808
"28153950400","Census Tract 9504",7.6465546884318
"28153950200","Census Tract 9502",7.75913805198615
"28153950100","Census Tract 9501",7.71112102739829
