"GEOID","NAMELSAD","Particulate.Matter"
"51036600200","Census Tract 6002",7.07674140399651
"51036600300","Census Tract 6003",7.19670831636742
"51036600100","Census Tract 6001",7.31292295991866
