"GEOID","NAME","Particulate.Matter"
"05103950600","9506",7.49747875987652
"05103950300","9503",7.33579540227244
"05103950200","9502",7.26005687105404
"05103950400","9504",7.57965249612467
"05103950100","9501",7.58711597525813
"05103950500","9505",7.49531540798746
