"GEOID","NAMELSAD","Particulate.Matter"
"49037942000","Census Tract 9420",2.9781332939794
"49037978200","Census Tract 9782",2.54109877941499
"49037942100","Census Tract 9421",3.03657319973806
"49037978100","Census Tract 9781",2.35360039947434
