"GEOID","NAME","Particulate.Matter"
"27141030101","301.01",4.82218024802115
"27141030503","305.03",5.67139332514692
"27141031500","315",6.26201297551479
"27141030403","304.03",4.9465959752771
"27141030404","304.04",4.83857180934128
"27141030504","305.04",5.06948250572886
"27141030102","301.02",4.78350460086168
"27141030402","304.02",5.24039761670158
"27141030200","302",4.89759120640334
"27141030502","305.02",5.3822711972396
"27141030300","303",5.30886502170328
