"GEOID","NAME","Particulate.Matter"
"48333950100","9501",5.92263458980792
"48333950200","9502",5.91371506790837
