"GEOID","NAME","Particulate.Matter"
"27071790300","7903",4.28544153355075
"27071790500","7905",4.22894400303605
"27071790200","7902",4.76331920961221
"27071790100","7901",4.63292229113077
