"GEOID","NAME","Particulate.Matter"
"17035972400","9724",8.3946057098362
"17035972500","9725",8.30743391409723
"17035972600","9726",8.04324939853207
