"GEOID","NAMELSAD","Particulate.Matter"
"20065952100","Census Tract 9521",4.65224611746418
"20065952200","Census Tract 9522",5.13818390149775
