"GEOID","NAME","Particulate.Matter"
"13291000203","2.03",5.68056708915346
"13291000205","2.05",6.29504582566045
"13291000102","1.02",6.69312573477261
"13291000201","2.01",5.51696753142029
"13291000204","2.04",6.53946202031919
"13291000101","1.01",6.78273942409273
