"GEOID","NAMELSAD","Particulate.Matter"
"51139030300","Census Tract 303",6.46654442477675
"51139030200","Census Tract 302",6.98077567935472
"51139030400","Census Tract 304",6.67053343896796
"51139030100","Census Tract 301",6.32360215740754
"51139030500","Census Tract 305",6.63159007285761
