"GEOID","NAME","Particulate.Matter"
"19059451000","4510",5.98172058257168
"19059450500","4505",6.14065511226603
"19059450800","4508",6.22055766272359
"19059450200","4502",6.228667877752
"19059451100","4511",6.11830732806225
