"GEOID","NAME","Particulate.Matter"
"17075950500","9505",7.6048823474738
"17075950300","9503",7.71230471034034
"17075950800","9508",7.38063128250512
"17075950400","9504",7.67247988333225
"17075950600","9506",7.68074200938514
"17075950100","9501",7.57925880754493
"17075950900","9509",7.42859187357545
"17075950200","9502",7.74870458305515
"17075950700","9507",7.48974003981237
