"GEOID","NAME","Particulate.Matter"
"01093964400","9644",7.62395798229166
"01093964600","9646",7.62191909457739
"01093964100","9641",7.31199168706657
"01093964200","9642",7.51267478478516
"01093964300","9643",7.42659469538161
"01093964000","9640",7.48132092183942
"01093964500","9645",7.80688964117721
"01093964700","9647",7.98848311358674
