"GEOID","NAMELSAD","Particulate.Matter"
"16003950200","Census Tract 9502",5.346320864953
"16003950100","Census Tract 9501",6.16234263501894
