"GEOID","NAME","Particulate.Matter"
"19025950300","9503",5.60654520051813
"19025950100","9501",5.83983692519698
"19025950400","9504",5.80495364106585
"19025950200","9502",5.73905697799566
