"GEOID","NAME","Particulate.Matter"
"29025950200","9502",6.9251610219232
"29025950100","9501",6.82704629256082
