"GEOID","NAME","Particulate.Matter"
"17057953600","9536",7.37634531987203
"17057953500","9535",7.2458179017703
"17057953400","9534",8.35632766635197
"17057952800","9528",7.08859096954018
"17057953800","9538",7.01693684738134
"17057953200","9532",6.83455589445469
"17057953100","9531",6.85158048441809
"17057952900","9529",6.74250982219649
"17057953000","9530",6.62313723453067
"17057953700","9537",7.36916128595401
"17057953900","9539",7.37592696167832
"17057953300","9533",6.83689399819713
