"GEOID","NAMELSAD","Particulate.Matter"
"47121960200","Census Tract 9602",8.09430041952556
"47121960100","Census Tract 9601",8.05977647778414
"47121960300","Census Tract 9603",8.29111863997695
