"GEOID","NAMELSAD","Particulate.Matter"
"28123020400","Census Tract 204",7.19188205485545
"28123020600","Census Tract 206",7.14819645068926
"28123020100","Census Tract 201",7.18498094956782
"28123020200","Census Tract 202",7.20392510504168
"28123020500","Census Tract 205",7.40039142608291
"28123020300","Census Tract 203",7.09980332119825
