"GEOID","NAME","Particulate.Matter"
"48415950600","9506",5.06538475038112
"48415950300","9503",5.28635173254303
"48415950200","9502",4.97782154374518
"48415950100","9501",5.07033334787843
