"GEOID","NAME","Particulate.Matter"
"19089960200","9602",5.98408293929378
"19089960300","9603",5.93378016146623
"19089960100","9601",6.07165229600837
