"GEOID","NAMELSAD","Particulate.Matter"
"20185470600","Census Tract 4706",5.27781475340023
"20185470700","Census Tract 4707",5.20002566667002
