"GEOID","NAME","Particulate.Matter"
"29055450302","4503.02",6.60021957251891
"29055450102","4501.02",6.49199180631488
"29055450200","4502",6.37490118398345
"29055450400","4504",6.42523427789549
"29055450101","4501.01",6.82704451308214
"29055450301","4503.01",6.43774639156015
