"GEOID","NAMELSAD","Particulate.Matter"
"12059960300","Census Tract 9603",7.16170983479667
"12059960200","Census Tract 9602",7.24130666179282
"12059960100","Census Tract 9601",7.11411489046934
"12059960400","Census Tract 9604",7.19570834111422
