"GEOID","NAME","Particulate.Matter"
"37053110200","1102",6.73557312253928
"37053110101","1101.01",6.79154531586641
"37053110102","1101.02",6.89262631724187
"37053110402","1104.02",6.34480216972833
"37053110302","1103.02",6.42037113871671
"37053110401","1104.01",6.42939444850071
"37053110301","1103.01",6.53188144768511
