"GEOID","NAME","Particulate.Matter"
"48123970200","9702",7.31334990279747
"48123970300","9703",7.1271892985716
"48123970100","9701",7.07541841046791
"48123970500","9705",7.18594455524453
"48123970400","9704",7.26807326952267
