"GEOID","NAMELSAD","Particulate.Matter"
"51149850400","Census Tract 8504",7.30020439746173
"51149850200","Census Tract 8502",7.71588942749123
"51149850100","Census Tract 8501",7.8981294454454
"51149850502","Census Tract 8505.02",7.13529687967472
"51149850501","Census Tract 8505.01",6.99513500767168
"51149850302","Census Tract 8503.02",7.50982446611299
"51149850301","Census Tract 8503.01",7.5250832833231
