"GEOID","NAMELSAD","Particulate.Matter"
"26019000500","Census Tract 5",4.86997454546689
"26019000300","Census Tract 3",4.79304868946501
"26019000200","Census Tract 2",4.92678002665407
"26019000400","Census Tract 4",4.77520220465196
"26019000100","Census Tract 1",5.16501547264839
