"GEOID","NAME","Particulate.Matter"
"13213010202","102.02",9.16963488112211
"13213010201","102.01",7.32071334975561
"13213010400","104",9.63821797437093
"13213010500","105",9.27141004097822
"13213010700","107",9.17019011559976
"13213010600","106",9.13127881320503
"13213010100","101",8.33222325816221
"13213010300","103",7.86595578258632
