"GEOID","NAMELSAD","Particulate.Matter"
"40043959200","Census Tract 9592",5.08870121030061
"40043959300","Census Tract 9593",5.28791722864969
"40043959100","Census Tract 9591",5.33144885908757
