"GEOID","NAMELSAD","Particulate.Matter"
"26137950100","Census Tract 9501",4.91046444656992
"26137950400","Census Tract 9504",4.99887634784749
"26137950600","Census Tract 9506",4.85096667115018
"26137950500","Census Tract 9505",4.95197183693594
"26137950300","Census Tract 9503",5.06672551084086
"26137950200","Census Tract 9502",4.67248355809089
