"GEOID","NAME","Particulate.Matter"
"21171930100","9301",6.75539903856402
"21171930300","9303",7.05198241244704
"21171930200","9302",7.23774739223731
"21171930400","9304",7.37155183176092
