"GEOID","NAMELSAD","Particulate.Matter"
"16087970100","Census Tract 9701",4.55283878566191
"16087970300","Census Tract 9703",4.46661584915207
"16087970200","Census Tract 9702",5.44494562530479
