"GEOID","NAME","Particulate.Matter"
"05093010100","101",10.9212676500283
"05093011400","114",8.81833495119542
"05093010900","109",8.79157382688065
"05093011300","113",8.6646306060839
"05093010300","103",9.2590351738265
"05093010600","106",8.78326316268465
"05093010700","107",8.73649370791844
"05093010800","108",8.65932222701234
"05093011200","112",8.44468628103172
"05093010200","102",9.1469897544084
"05093011000","110",8.54518201687282
"05093011100","111",8.47509268172899
