"GEOID","NAME","Particulate.Matter"
"37197050501","505.01",7.95927677342734
"37197050400","504",7.60403287631574
"37197050300","503",7.53297086763059
"37197050102","501.02",7.77747572123509
"37197050502","505.02",8.05494015999213
"37197050101","501.01",7.92674480632617
"37197050200","502",7.5836745306098
