"GEOID","NAMELSAD","Particulate.Matter"
"20151968600","Census Tract 9686",5.42328981131846
"20151968800","Census Tract 9688",5.67373179162255
"20151968700","Census Tract 9687",5.77678199221848
