"GEOID","NAME","Particulate.Matter"
"29079960400","9604",6.68922666767747
"29079960200","9602",6.32201252600956
"29079960300","9603",6.41255708833349
"29079960100","9601",6.3077311631038
