"GEOID","NAME","Particulate.Matter"
"27147960400","9604",5.85032041707507
"27147960500","9605",5.56508547172288
"27147960700","9607",6.04881503574671
"27147960300","9603",5.69167478056944
"27147960800","9608",5.68770616767681
"27147960600","9606",6.23325864957313
"27147960100","9601",5.39302630218164
"27147960200","9602",5.43323940893366
