"GEOID","NAMELSAD","Particulate.Matter"
"22035000200","Census Tract 2",7.27826300886041
"22035000300","Census Tract 3",7.73965429084987
"22035000100","Census Tract 1",7.39506545824963
