"GEOID","NAME","Particulate.Matter"
"48119950200","9502",6.57757730130686
"48119950100","9501",6.77914053015504
