"GEOID","NAME","Particulate.Matter"
"05055480802","4808.02",9.28397078080568
"05055480300","4803",8.54760482820207
"05055480100","4801",8.99285440834047
"05055480500","4805",9.48618392313466
"05055480200","4802",8.54250037600577
"05055480400","4804",9.38227398478669
"05055480700","4807",9.58848107518914
"05055480600","4806",8.74409658266151
"05055480801","4808.01",9.31052108359572
