"GEOID","NAMELSAD","Particulate.Matter"
"26007000900","Census Tract 9",5.5704302063381
"26007000100","Census Tract 1",5.4284678156985
"26007000400","Census Tract 4",6.37371723867228
"26007000500","Census Tract 5",7.3071079710943
"26007000600","Census Tract 6",5.49723974474104
"26007000800","Census Tract 8",6.93464057490943
"26007000200","Census Tract 2",5.28446210681063
"26007000700","Census Tract 7",5.47325960962384
"26007000300","Census Tract 3",5.1006191619358
