"GEOID","NAME","Particulate.Matter"
"13317010302","103.02",6.94547421515325
"13317010301","103.01",6.9980395393905
"13317010101","101.01",7.37706842103984
"13317010102","101.02",6.98159484034463
