"GEOID","NAME","Particulate.Matter"
"23021960400","9604",4.27488910177785
"23021960800","9608",4.74984154980193
"23021960700","9607",4.516602415691
"23021960600","9606",4.51669897969261
"23021960500","9605",4.26352390131565
"23021960900","9609",4.45977218034461
"23021960301","9603.01",4.04209448497481
"23021960302","9603.02",4.09467471006412
