"GEOID","NAME","Particulate.Matter"
"19121060100","601",6.36889031878076
"19121060300","603",6.21377529474122
"19121060200","602",6.50289386678654
