"GEOID","NAME","Particulate.Matter"
"31061964700","9647",4.69867034106249
"31061964600","9646",4.7398609694865
