"GEOID","NAMELSAD","Particulate.Matter"
"38045972200","Census Tract 9722",3.77479034202226
"38045972100","Census Tract 9721",3.6335545535767
