"GEOID","NAME","Particulate.Matter"
"13109970200","9702",6.94047592332231
"13109970100","9701",6.87100756168748
"13109970300","9703",6.80420021387208
