"GEOID","NAMELSAD","Particulate.Matter"
"30061964500","Census Tract 9645",6.13868428233278
"30061964600","Census Tract 9646",6.13663679773247
