"GEOID","NAMELSAD","Particulate.Matter"
"38089963400","Census Tract 9634",4.20748760484429
"38089963500","Census Tract 9635",4.17260761638486
"38089963300","Census Tract 9633",4.42051429063895
"38089964000","Census Tract 9640",3.80781177430507
"38089963900","Census Tract 9639",4.07811955824243
"38089963600","Census Tract 9636",4.87018746391496
"38089963700","Census Tract 9637",5.21404002966417
"38089963800","Census Tract 9638",4.33567961324821
