"GEOID","NAME","Particulate.Matter"
"08109977600","9776",2.85767165939411
"08109977700","9777",3.130035056925
