"GEOID","NAME","Particulate.Matter"
"05019953700","9537",7.13592815684331
"05019953900","9539",7.38308831830037
"05019953800","9538",7.70680289461134
"05019953602","9536.02",7.36909530843335
"05019953601","9536.01",8.24557982092888
