"GEOID","NAMELSAD","Particulate.Matter"
"16077960100","Census Tract 9601",3.53639163818011
"16077960200","Census Tract 9602",3.92761464806486
