"GEOID","NAME","Particulate.Matter"
"37163970700","9707",7.67955354643925
"37163970900","9709",7.39222350821401
"37163970100","9701",7.41932065411693
"37163970800","9708",7.50724756796585
"37163970400","9704",7.78709388953066
"37163970600","9706",7.72497259575159
"37163971000","9710",7.16972842773436
"37163970200","9702",7.74760957652782
"37163970500","9705",7.81549791265134
"37163970301","9703.01",7.91711551216682
"37163970302","9703.02",7.85866238207441
