"GEOID","NAME","Particulate.Matter"
"48149970500","9705",7.11216140149208
"48149970200","9702",7.07561028960487
"48149970600","9706",7.15281927757524
"48149970300","9703",7.18122707594995
"48149970700","9707",7.07337010628515
"48149970100","9701",7.00522201419473
"48149970400","9704",7.0932580685931
