"GEOID","NAME","Particulate.Matter"
"13049010100","101",7.0266390359242
"13049010200","102",6.95781861223311
