"GEOID","NAME","Particulate.Matter"
"19137960200","9602",7.11773071887576
"19137960100","9601",6.28647187782567
"19137960400","9604",6.30010495965768
"19137960300","9603",7.16344817194244
