"GEOID","NAME","Particulate.Matter"
"27165950100","9501",6.31883593598233
"27165950300","9503",6.29743444790049
"27165950200","9502",6.48852870276957
