"GEOID","NAMELSAD","Particulate.Matter"
"06011000200","Census Tract 2",8.41267447392984
"06011000500","Census Tract 5",8.80799504157212
"06011000100","Census Tract 1",7.53774488224328
"06011000300","Census Tract 3",6.4439000468013
"06011000400","Census Tract 4",5.79349644366775
