"GEOID","NAME","Particulate.Matter"
"27033270200","2702",5.95433132987609
"27033270100","2701",5.94912991914793
"27033270300","2703",5.86757176488406
"27033270400","2704",5.81989845835649
