"GEOID","NAME","Particulate.Matter"
"13251970200","9702",7.09049458297802
"13251970400","9704",6.77506401006861
"13251970500","9705",6.9001397729709
"13251970600","9706",6.94661874192862
"13251970300","9703",6.90351019567451
