"GEOID","NAMELSAD","Particulate.Matter"
"30017961800","Census Tract 9618",5.52399699324439
"30017962000","Census Tract 9620",4.9718719034631
"30017961900","Census Tract 9619",4.12360451739135
"30017961300","Census Tract 9613",3.53099728935845
"30017961600","Census Tract 9616",4.16554407248922
"30017961500","Census Tract 9615",4.33487157761879
