"GEOID","NAME","Particulate.Matter"
"01021060600","606",8.24702210022071
"01021060101","601.01",8.13936321385294
"01021060500","605",8.30299581747078
"01021060200","602",8.1245362252907
"01021060401","604.01",8.01576539503678
"01021060102","601.02",8.10362323524111
"01021060300","603",8.22205922135896
"01021060700","607",7.97655383353766
"01021060402","604.02",8.36329277848625
