"GEOID","NAME","Particulate.Matter"
"01019955701","9557.01",9.03086908575461
"01019955702","9557.02",8.21345492910456
"01019955800","9558",8.55418656133598
"01019955900","9559",8.47913842576066
"01019956100","9561",8.36399977522269
"01019956000","9560",8.99447496113267
