"GEOID","NAMELSAD","Particulate.Matter"
"26001970500","Census Tract 9705",5.3200491920609
"26001000100","Census Tract 1",5.17942518010745
"26001970400","Census Tract 9704",5.23402113010106
"26001970600","Census Tract 9706",5.21328980120244
"26001970100","Census Tract 9701",5.07301191415564
