"GEOID","NAMELSAD","Particulate.Matter"
"56045951100","Census Tract 9511",3.64951737902532
"56045951300","Census Tract 9513",4.19963790220544
