"GEOID","NAMELSAD","Particulate.Matter"
"30105100100","Census Tract 1001",4.14073014275965
"30105940600","Census Tract 9406",3.97212729818391
"30105100500","Census Tract 1005",4.71484661946128
