"GEOID","NAME","Particulate.Matter"
"13287970200","9702",7.24430480331596
"13287970300","9703",7.38167670962013
