"GEOID","NAME","Particulate.Matter"
"39039958500","9585",9.01224816526261
"39039958300","9583",8.07915590371698
"39039958200","9582",7.75599448099346
"39039958600","9586",8.49260694616706
"39039958100","9581",7.95940594031155
"39039958400","9584",8.09186050496058
"39039958900","9589",8.32737550527477
"39039958700","9587",8.94671170941956
"39039958800","9588",9.38304446144691
