"GEOID","NAME","Particulate.Matter"
"48129950200","9502",5.19742078982962
"48129950300","9503",4.97098354187801
