"GEOID","NAME","Particulate.Matter"
"31051977800","9778",5.91766218434277
"31051977600","9776",6.15542041367027
