"GEOID","NAME","Particulate.Matter"
"48373210102","2101.02",6.88069633857702
"48373210101","2101.01",7.03158556106464
"48373210500","2105",6.74630491563846
"48373210400","2104",7.00224993251948
"48373210204","2102.04",7.06363835321901
"48373210203","2102.03",6.87550707043368
"48373210302","2103.02",6.74875119130253
"48373210206","2102.06",6.69308067694968
"48373210301","2103.01",6.79508350605879
"48373210205","2102.05",6.92689283309453
