"GEOID","NAME","Particulate.Matter"
"01037961200","9612",7.9338939756003
"01037961100","9611",8.0565713234971
"01037961000","9610",7.85268314446699
