"GEOID","NAME","Particulate.Matter"
"01133965502","9655.02",7.98174748209467
"01133965501","9655.01",7.69381716753091
"01133965503","9655.03",7.96965957736665
"01133965600","9656",7.73806946488161
"01133965700","9657",7.35532695170703
"01133965800","9658",7.54106447427044
"01133965900","9659",7.8983063805015
