"GEOID","NAME","Particulate.Matter"
"31003979800","9798",4.76304499402644
"31003979700","9797",4.97097509960875
"31003979600","9796",4.69672833822481
