"GEOID","NAME","Particulate.Matter"
"31179978600","9786",5.18681200143315
"31179978700","9787",5.70439484299835
