"GEOID","NAMELSAD","Particulate.Matter"
"18047969700","Census Tract 9697",8.83106572954934
"18047969600","Census Tract 9696",8.46823919720382
"18047960100","Census Tract 9601",7.76302746328653
"18047969800","Census Tract 9698",8.163169673116
"18047969900","Census Tract 9699",8.19290614305775
