"GEOID","NAMELSAD","Particulate.Matter"
"47091956200","Census Tract 9562",6.08579087259642
"47091956300","Census Tract 9563",5.55795943141584
"47091956000","Census Tract 9560",5.39913772527457
"47091956400","Census Tract 9564",5.35194801983871
"47091956100","Census Tract 9561",5.96792619160775
