"GEOID","NAME","Particulate.Matter"
"39019720500","7205",7.59874492828498
"39019720600","7206",7.44645092186486
"39019720300","7203",7.88902401759904
"39019720400","7204",7.70019329623965
"39019720700","7207",7.43360578367085
"39019720200","7202",7.86481103428015
"39019720100","7201",7.64523838981275
