"GEOID","NAME","Particulate.Matter"
"48153950500","9505",4.83025789756972
"48153950600","9506",4.69592981424795
