"GEOID","NAME","Particulate.Matter"
"08113968101","9681.01",1.66656189505848
"08113968103","9681.03",2.10426342209208
"08113968102","9681.02",1.87679242978127
"08113968200","9682",2.77111452186274
