"GEOID","NAMELSAD","Particulate.Matter"
"47173040100","Census Tract 401",7.00806133443456
"47173040201","Census Tract 402.01",7.04121479548979
"47173040300","Census Tract 403",7.42040659593367
"47173040202","Census Tract 402.02",7.33494479848273
