"GEOID","NAME","Particulate.Matter"
"35015000401","4.01",4.5708477839362
"35015000402","4.02",5.91574300361245
"35015000100","1",5.74770834559035
"35015000600","6",4.72577925976449
"35015000300","3",6.58588102589792
"35015001000","10",4.42417129092955
"35015000900","9",4.07208418522172
"35015000800","8",4.50781387730668
"35015000500","5",5.39516578636264
"35015000200","2",4.61507174813903
"35015001100","11",4.35486746029399
"35015000700","7",3.9756494897457
