"GEOID","NAME","Particulate.Matter"
"13229960200","9602",7.06358645032981
"13229960300","9603",7.06495282087322
"13229960400","9604",7.07501093374875
"13229960100","9601",7.0500044079639
