"GEOID","NAME","Particulate.Matter"
"46123971700","9717",3.90865387285604
"46123971600","9716",3.76880674254462
