"GEOID","NAME","Particulate.Matter"
"55005001001","10.01",4.84024016368091
"55005001002","10.02",4.88039997155926
"55005000100","1",4.90256897090638
"55005000300","3",5.07356523240053
"55005000900","9",4.93535851937503
"55005000800","8",4.75533591408145
"55005000400","4",5.01652673876211
"55005000500","5",5.15804147268334
"55005000200","2",4.75138348366002
"55005000600","6",5.24100492718324
