"GEOID","NAMELSAD","Particulate.Matter"
"51021040200","Census Tract 402",5.47316295381893
"51021040100","Census Tract 401",5.84526695267802
