"GEOID","NAMELSAD","Particulate.Matter"
"20039951200","Census Tract 9512",4.25106701393559
"20039951100","Census Tract 9511",4.22308289302311
