"GEOID","NAME","Particulate.Matter"
"48419950300","9503",6.85827184815803
"48419950200","9502",6.75405038650958
"48419950600","9506",7.18722892566799
"48419950500","9505",6.67033207917206
"48419950100","9501",6.97815401941102
"48419950400","9504",6.97025713914545
