"GEOID","NAMELSAD","Particulate.Matter"
"30015010300","Census Tract 103",4.41110829509021
"30015010200","Census Tract 102",4.42387873895451
