"GEOID","NAME","Particulate.Matter"
"17187870100","8701",7.07712766237891
"17187870200","8702",6.5323722958248
"17187870400","8704",7.18368170802814
"17187870300","8703",6.81193574702643
"17187870500","8705",7.21257681515079
