"GEOID","NAME","Particulate.Matter"
"48019000101","1.01",6.67209795413567
"48019000102","1.02",6.96822512896827
"48019000200","2",6.20188457964206
"48019000300","3",6.81674018490165
"48019000400","4",7.32774477782457
