"GEOID","NAMELSAD","Particulate.Matter"
"51051040400","Census Tract 404",5.92217632556534
"51051040200","Census Tract 402",5.97545060960183
"51051040300","Census Tract 403",6.0410266694928
"51051040100","Census Tract 401",6.47705716840847
