"GEOID","NAMELSAD","Particulate.Matter"
"42023960100","Census Tract 9601",7.73179033929105
"42023960200","Census Tract 9602",6.92808466540166
