"GEOID","NAMELSAD","Particulate.Matter"
"28147950300","Census Tract 9503",7.11571531846592
"28147950100","Census Tract 9501",6.98478151508699
"28147950200","Census Tract 9502",7.04072060531963
