"GEOID","NAME","Particulate.Matter"
"41015950302","9503.02",5.78216300031319
"41015950400","9504",4.50551773172137
"41015950301","9503.01",3.47513864242615
"41015950100","9501",3.00261085220705
"41015950200","9502",3.74049310082959
