"GEOID","NAME","Particulate.Matter"
"21121930602","9306.02",7.56572283869616
"21121930700","9307",6.92404771376184
"21121930300","9303",7.15380001680276
"21121930200","9302",7.15695373270928
"21121930100","9301",7.01755651762499
"21121930500","9305",7.27810364991784
"21121930400","9304",7.40193578794015
"21121930601","9306.01",7.40040313592679
