"GEOID","NAME","Particulate.Matter"
"19015020700","207",5.98384365280267
"19015020100","201",5.88721036737556
"19015020200","202",6.71671032096023
"19015020600","206",6.21700094562129
"19015020500","205",6.38887555233956
"19015020300","203",6.59620473196244
"19015020400","204",6.36335936362024
