"GEOID","NAMELSAD","Particulate.Matter"
"06035040304","Census Tract 403.04",7.1045956797458
"06035040305","Census Tract 403.05",3.64470334638487
"06035040200","Census Tract 402",3.52774317527436
"06035040500","Census Tract 405",4.97566233004288
"06035040100","Census Tract 401",3.61184479387847
"06035040400","Census Tract 404",5.07735617515557
"06035040302","Census Tract 403.02",4.53160013299272
"06035040600","Census Tract 406",4.89173991781752
"06035040303","Census Tract 403.03",4.56112520030686
