"GEOID","NAME","Particulate.Matter"
"21083020400","204",8.36427301771409
"21083020200","202",8.35445762091589
"21083020300","203",8.17028013852723
"21083020100","201",8.41935876694232
"21083020900","209",8.09920185911583
"21083020800","208",8.34124317893411
"21083020600","206",8.63862262172755
"21083020700","207",8.70209050348013
"21083020500","205",8.30850693343865
