"GEOID","NAME","Particulate.Matter"
"29123960200","9602",7.81234035586084
"29123960300","9603",7.51813722215339
"29123960100","9601",7.54131874644859
