"GEOID","NAME","Particulate.Matter"
"55033970700","9707",5.34039994821738
"55033970100","9701",4.88253577866274
"55033970200","9702",5.11567285794068
"55033970400","9704",5.17038467121599
"55033970600","9706",5.02223044185554
"55033970300","9703",5.02676221087956
"55033970500","9705",5.36511165244844
"55033970800","9708",5.36959034363011
