"GEOID","NAMELSAD","Particulate.Matter"
"54063950300","Census Tract 9503",7.12587652831241
"54063950100","Census Tract 9501",5.61256569865744
"54063950200","Census Tract 9502",6.71953788395593
