"GEOID","NAME","Particulate.Matter"
"35047957500","9575",3.06163467711794
"35047957800","9578",3.24500546244395
"35047957700","9577",2.81564882362644
"35047957200","9572",3.182695650233
"35047957600","9576",2.51765011388035
"35047957400","9574",3.23737939694466
"35047957300","9573",3.34860222133822
