"GEOID","NAME","Particulate.Matter"
"19097950100","9501",7.28776973620192
"19097950600","9506",7.44871176135828
"19097950300","9503",7.26613918921757
"19097950400","9504",7.16753106891182
"19097950500","9505",7.63261171419528
"19097950200","9502",7.04083395495682
