"GEOID","NAME","Particulate.Matter"
"21055930200","9302",7.95893779074057
"21055930100","9301",8.05681010637208
"21055930400","9304",8.48702721599214
"21055930300","9303",8.33759183223732
