"GEOID","NAME","Particulate.Matter"
"48069950300","9503",4.5795408814516
"48069950200","9502",4.54929335327426
"48069950100","9501",4.56198571163253
