"GEOID","NAME","Particulate.Matter"
"17085020402","204.02",7.15171861617976
"17085020401","204.01",6.94111617161712
"17085020100","201",6.81931545005527
"17085020500","205",7.09647318441682
"17085020300","203",7.26123781438679
"17085020200","202",7.1726157583016
