"GEOID","NAMELSAD","Particulate.Matter"
"18135951500","Census Tract 9515",7.99511529685865
"18135951400","Census Tract 9514",7.82738711534607
"18135952100","Census Tract 9521",8.284672463845
"18135952000","Census Tract 9520",8.36481276393593
"18135951700","Census Tract 9517",8.10400995350714
"18135951800","Census Tract 9518",7.96983018617309
"18135951900","Census Tract 9519",8.00360982305978
"18135951600","Census Tract 9516",8.04872215930551
