"GEOID","NAMELSAD","Particulate.Matter"
"20041084400","Census Tract 844",5.39383678100289
"20041084600","Census Tract 846",5.56535598431453
"20041084300","Census Tract 843",5.05763608774859
"20041084200","Census Tract 842",4.91081578496194
"20041084500","Census Tract 845",4.9695961089676
"20041084100","Census Tract 841",4.74984144462875
