"GEOID","NAMELSAD","Particulate.Matter"
"12121970301","Census Tract 9703.01",7.17542906286971
"12121970500","Census Tract 9705",6.98134578304456
"12121970100","Census Tract 9701",7.02170753030724
"12121970400","Census Tract 9704",7.07478078570994
"12121970200","Census Tract 9702",7.23125460015551
"12121970600","Census Tract 9706",6.86018802721172
"12121970302","Census Tract 9703.02",7.16164579688346
