"GEOID","NAME","Particulate.Matter"
"17109010900","109",6.81415834870582
"17109011100","111",6.92831190531563
"17109010400","104",7.52295799125612
"17109010100","101",6.68532870889632
"17109010300","103",6.61894470705355
"17109011000","110",6.84460675476247
"17109010600","106",6.75565253634811
"17109010700","107",6.83428374818443
"17109010200","102",6.67625302818124
"17109010500","105",7.78201509848963
