"GEOID","NAMELSAD","Particulate.Matter"
"40151954300","Census Tract 9543",6.20794709226906
"40151954400","Census Tract 9544",5.84855696171676
"40151954200","Census Tract 9542",5.62529617220186
