"GEOID","NAME","Particulate.Matter"
"55049950100","9501",6.23949109361449
"55049950300","9503",6.18046716985953
"55049950500","9505",6.23135142879918
"55049950400","9504",5.78864034195077
"55049950600","9506",6.12854622033892
"55049950200","9502",5.95745144472046
