"GEOID","NAMELSAD","Particulate.Matter"
"51630000302","Census Tract 3.02",8.70837500784083
"51630000400","Census Tract 4",8.80103650522404
"51630000500","Census Tract 5",8.4828980424427
"51630000200","Census Tract 2",9.02275864527679
"51630000100","Census Tract 1",9.21830490469309
"51630000301","Census Tract 3.01",9.29480120198381
