"GEOID","NAME","Particulate.Matter"
"17127970400","9704",8.93259499980894
"17127970300","9703",8.77610015846077
"17127970100","9701",8.78877331348112
"17127970200","9702",9.22451601525106
