"GEOID","NAME","Particulate.Matter"
"08067970703","9707.03",2.77130312939619
"08067970704","9707.04",2.15683354991166
"08067970701","9707.01",2.15549988027278
"08067971100","9711",3.46741253709261
"08067971000","9710",4.33362254782803
"08067970800","9708",4.39007136862408
"08067940300","9403",3.19476714032205
"08067970600","9706",2.61035302924482
"08067970900","9709",4.3246248204074
"08067940400","9404",2.71029704603171
