"GEOID","NAME","Particulate.Matter"
"13037950100","9501",7.24688434658001
"13037950200","9502",7.11859226383113
