"GEOID","NAME","Particulate.Matter"
"08021974900","9749",2.56942203670324
"08021974800","9748",3.24722833623837
