"GEOID","NAMELSAD","Particulate.Matter"
"47095960200","Census Tract 9602",8.24587390981086
"47095960100","Census Tract 9601",8.40311350944696
