"GEOID","NAME","Particulate.Matter"
"37199960200","9602",5.68559830194238
"37199960300","9603",4.38632440930423
"37199960400","9604",5.23819597116534
"37199960102","9601.02",6.0064536668309
"37199960101","9601.01",4.65663862802535
