"GEOID","NAME","Particulate.Matter"
"27173970100","9701",5.88236955553104
"27173970400","9704",5.87979208160999
"27173970300","9703",5.77235818651659
"27173970200","9702",5.49993892311112
