"GEOID","NAMELSAD","Particulate.Matter"
"20121100400","Census Tract 1004",6.76721340890742
"20121100300","Census Tract 1003",7.16000972277385
"20121100500","Census Tract 1005",6.68032042391371
"20121100200","Census Tract 1002",7.03584826834269
"20121100700","Census Tract 1007",6.62562191566843
"20121100601","Census Tract 1006.01",6.96214740460624
"20121100100","Census Tract 1001",6.82482081719463
"20121100602","Census Tract 1006.02",6.68571517094195
