"GEOID","NAME","Particulate.Matter"
"48249950100","9501",7.75118845062109
"48249950300","9503",7.85001635833668
"48249950700","9507",7.61197133594134
"48249950200","9502",7.58322034495759
"48249950400","9504",7.98330272322424
"48249950500","9505",7.78918413761703
"48249950600","9506",8.11029412432478
