"GEOID","NAME","Particulate.Matter"
"05073470100","4701",7.20748061316568
"05073470200","4702",7.26195055172764
