"GEOID","NAMELSAD","Particulate.Matter"
"54015957900","Census Tract 9579",7.23776950516557
"54015958000","Census Tract 9580",7.36845090570519
"54015958100","Census Tract 9581",7.24890074315814
