"GEOID","NAME","Particulate.Matter"
"48273020100","201",7.40326326246798
"48273020500","205",7.98369131882126
"48273020400","204",7.87405737977846
"48273020200","202",7.76358890253567
"48273020300","203",7.96492834578188
