"GEOID","NAME","Particulate.Matter"
"08045951701","9517.01",5.54798395714122
"08045951901","9519.01",4.20054578139602
"08045952100","9521",2.38894533490021
"08045951600","9516",1.55902420562169
"08045951802","9518.02",3.5465725695013
"08045951804","9518.04",4.66387197629053
"08045951803","9518.03",4.77969186369424
"08045952002","9520.02",3.18664992544779
"08045952001","9520.01",5.08336142795186
"08045951702","9517.02",5.31871909004747
"08045951902","9519.02",3.00472215965588
