"GEOID","NAMELSAD","Particulate.Matter"
"28083950700","Census Tract 9507",9.1000640619809
"28083950800","Census Tract 9508",8.55228517705717
"28083950900","Census Tract 9509",8.24305405279844
"28083950400","Census Tract 9504",7.30550655842776
"28083950600","Census Tract 9506",8.27817012790447
"28083950300","Census Tract 9503",7.24316142183224
"28083950200","Census Tract 9502",7.37580194121548
"28083950100","Census Tract 9501",7.32088628812
