"GEOID","NAME","Particulate.Matter"
"19181020400","204",6.46831138336984
"19181020100","201",6.745609948835
"19181020200","202",6.54833161552162
"19181020500","205",6.64835978577468
"19181021200","212",6.26141614585784
"19181020700","207",7.41248238688523
"19181021100","211",6.21891086568067
"19181020600","206",6.49665476150311
"19181020300","203",6.55568503864274
"19181020800","208",6.81063342322574
"19181020900","209",6.6345104061679
"19181021000","210",6.78580827337414
