"GEOID","NAME","Particulate.Matter"
"13039010602","106.02",6.14067101625438
"13039010601","106.01",6.42423422305602
"13039010401","104.01",6.42726928537934
"13039010402","104.02",6.38605640345043
"13039010403","104.03",6.44019223878992
"13039010200","102",6.55268185147593
"13039010100","101",6.79290725558605
"13039010301","103.01",6.83192101802765
"13039010302","103.02",6.85752363089716
"13039010500","105",6.3667107142504
