"GEOID","NAMELSAD","Particulate.Matter"
"51133020100","Census Tract 201",7.36077730400875
"51133020300","Census Tract 203",6.77473077185057
"51133020200","Census Tract 202",7.01191272439562
