"GEOID","NAME","Particulate.Matter"
"13019970400","9704",7.50691269551142
"13019970100","9701",7.40023133245691
"13019970500","9705",7.60620614593438
"13019970300","9703",7.51081432731587
"13019970600","9706",7.65176040762013
"13019970200","9702",7.5247163309613
