"GEOID","NAMELSAD","Particulate.Matter"
"54105030101","Census Tract 301.01",6.9018860051423
"54105030102","Census Tract 301.02",7.08807566073063
