"GEOID","NAME","Particulate.Matter"
"48507950100","9501",6.95363252767801
"48507950301","9503.01",7.38316254120888
"48507950302","9503.02",8.20053378423721
"48507950200","9502",7.2066263564713
