"GEOID","NAMELSAD","Particulate.Matter"
"51610500300","Census Tract 5003",8.7618200556081
"51610500100","Census Tract 5001",8.56213389517763
"51610500200","Census Tract 5002",8.57596159202717
