"GEOID","NAMELSAD","Particulate.Matter"
"04011960100","Census Tract 9601",3.48380315178318
"04011960300","Census Tract 9603",4.20550000228647
"04011960200","Census Tract 9602",4.12016109320401
