"GEOID","NAME","Particulate.Matter"
"17193958400","9584",8.54886424993
"17193958300","9583",8.58032494394447
"17193958200","9582",8.63638299186785
"17193958000","9580",8.71574403432268
"17193958100","9581",8.55807599961246
