"GEOID","NAME","Particulate.Matter"
"53075001000","10",4.98713850614806
"53075000100","1",8.04357716631648
"53075000900","9",4.42475713750473
"53075000600","6",4.46952233830603
"53075000200","2",4.64205190754274
"53075000300","3",4.2265615156608
"53075000800","8",4.40781356620547
"53075000400","4",4.2396620364151
"53075000700","7",4.46772215556358
"53075000500","5",6.56984131188285
