"GEOID","NAMELSAD","Particulate.Matter"
"47025970400","Census Tract 9704",5.68981508166483
"47025970300","Census Tract 9703",6.74095665469399
"47025970500","Census Tract 9705",6.75463689041978
"47025970700","Census Tract 9707",6.68585495126796
"47025970200","Census Tract 9702",6.83087528828256
"47025970900","Census Tract 9709",6.99875388311696
"47025970600","Census Tract 9706",6.97197034969998
"47025970100","Census Tract 9701",6.66107093474224
"47025970800","Census Tract 9708",6.71722351712826
