"GEOID","NAMELSAD","Particulate.Matter"
"51043010300","Census Tract 103",7.64663681652371
"51043010200","Census Tract 102",8.14610851421525
"51043010100","Census Tract 101",8.33567954866018
