"GEOID","NAME","Particulate.Matter"
"05121960302","9603.02",8.93822036443405
"05121960301","9603.01",8.40158208994059
"05121960200","9602",7.67621536236306
"05121960100","9601",8.26725452170419
