"GEOID","NAME","Particulate.Matter"
"19107080100","801",7.29892557254283
"19107080400","804",7.09393656702355
"19107080300","803",7.07090390152282
"19107080200","802",7.37922081845156
