"GEOID","NAME","Particulate.Matter"
"21235920600","9206",7.0418102839959
"21235920400","9204",7.06610470361532
"21235920200","9202",7.41443414434521
"21235920300","9203",7.15247319938405
"21235920800","9208",6.63466692597013
"21235920100","9201",7.51644672316754
"21235920500","9205",7.22830574455492
"21235920700","9207",6.58465843410385
