"GEOID","NAME","Particulate.Matter"
"37005950200","9502",5.4677585081496
"37005950100","9501",5.60695910776095
"37005950300","9503",5.46614794977759
