"GEOID","NAME","Particulate.Matter"
"21233960400","9604",8.21605846084391
"21233960300","9603",8.26622130355655
"21233960100","9601",8.82904122541241
"21233960200","9602",8.29068856034035
