"GEOID","NAMELSAD","Particulate.Matter"
"51620090100","Census Tract 901",7.52962277528538
"51620090200","Census Tract 902",7.94423913019707
