"GEOID","NAMELSAD","Particulate.Matter"
"49015976300","Census Tract 9763",3.40984648651294
"49015976200","Census Tract 9762",3.57030021022077
"49015976500","Census Tract 9765",3.4157182301468
