"GEOID","NAMELSAD","Particulate.Matter"
"24019970100","Census Tract 9701",8.13610611407806
"24019970300","Census Tract 9703",8.04937775400747
"24019970500","Census Tract 9705",8.54737388699858
"24019970200","Census Tract 9702",8.32595547223118
"24019970900","Census Tract 9709",7.94148426937451
"24019970600","Census Tract 9706",8.27471378458322
"24019970400","Census Tract 9704",8.70758362627391
"24019970702","Census Tract 9707.02",8.12118909370107
"24019970804","Census Tract 9708.04",7.87406995908889
