"GEOID","NAMELSAD","Particulate.Matter"
"51127700300","Census Tract 7003",7.14370354075489
"51127700100","Census Tract 7001",7.10871560899612
"51127700200","Census Tract 7002",7.1619891396765
