"GEOID","NAME","Particulate.Matter"
"21127930400","9304",6.74074041368824
"21127930200","9302",7.16180777811736
"21127930500","9305",6.89558547793868
"21127930100","9301",7.27625261520534
"21127930300","9303",6.51804646403809
