"GEOID","NAMELSAD","Particulate.Matter"
"40139950900","Census Tract 9509",4.74648710477348
"40139950700","Census Tract 9507",4.77170597580684
"40139951000","Census Tract 9510",4.29946463729339
"40139950800","Census Tract 9508",4.9987732127374
"40139950600","Census Tract 9506",4.68821842276847
