"GEOID","NAME","Particulate.Matter"
"55037190100","1901",3.92317928429254
"55037190200","1902",3.89362870500156
