"GEOID","NAMELSAD","Particulate.Matter"
"54085962400","Census Tract 9624",7.11219041929571
"54085962300","Census Tract 9623",7.16522746015415
"54085962500","Census Tract 9625",7.16316696023508
