"GEOID","NAME","Particulate.Matter"
"39161020600","206",8.79130624280385
"39161020700","207",9.23673547236901
"39161020900","209",8.45786807709304
"39161020400","204",8.11916012913525
"39161020500","205",9.39381213727144
"39161020200","202",8.3702061978416
"39161020100","201",8.57174315666821
"39161020300","203",7.69013458718555
"39161020800","208",8.83885328966064
