"GEOID","NAME","Particulate.Matter"
"48281950301","9503.01",6.43990049331188
"48281950500","9505",6.39919580355268
"48281950400","9504",6.57425307233215
"48281950100","9501",6.02910655112852
"48281950302","9503.02",6.13693794010236
