"GEOID","NAME","Particulate.Matter"
"48335950400","9504",5.3532489567875
"48335950200","9502",5.28824767058091
