"GEOID","NAMELSAD","Particulate.Matter"
"47143975402","Census Tract 9754.02",8.1597252267149
"47143975300","Census Tract 9753",6.5632142520124
"47143975200","Census Tract 9752",7.16274179434018
"47143975000","Census Tract 9750",7.43948835301716
"47143975100","Census Tract 9751",7.35934775212839
"47143975401","Census Tract 9754.01",7.83910666316203
