"GEOID","NAME","Particulate.Matter"
"05047950100","9501",6.79807718253641
"05047950200","9502",7.50705298480559
"05047950300","9503",7.45504353435097
