"GEOID","NAMELSAD","Particulate.Matter"
"42131400100","Census Tract 4001",7.40356232341455
"42131400600","Census Tract 4006",7.40145939770974
"42131400500","Census Tract 4005",7.68432090524563
"42131400200","Census Tract 4002",6.61102903300423
"42131400700","Census Tract 4007",7.08063256106876
"42131400300","Census Tract 4003",7.57511591868363
"42131400400","Census Tract 4004",7.62023949946428
