"GEOID","NAME","Particulate.Matter"
"48489950500","9505",8.1824999672996
"48489950700","9507",8.01715811362127
"48489950400","9504",8.01813765867615
"48489950600","9506",8.21421076651161
"48489950300","9503",8.21895194193398
