"GEOID","NAME","Particulate.Matter"
"55095960500","9605",4.93110553183421
"55095960800","9608",5.31936469369172
"55095960200","9602",4.8800873413171
"55095960300","9603",4.75783816755615
"55095960900","9609",5.0128053519918
"55095960600","9606",4.90550263255258
"55095961100","9611",5.06510586819867
"55095960700","9607",5.03890971145946
"55095960100","9601",4.80478348677745
"55095961000","9610",5.05192485207453
