"GEOID","NAME","Particulate.Matter"
"27095970300","9703",4.537073340229
"27095170500","1705",4.84605081767195
"27095170600","1706",4.9248473865912
"27095170700","1707",5.11903793779124
"27095970200","9702",4.44856429398912
"27095970100","9701",4.48778562347743
"27095170400","1704",4.91248246056681
