"GEOID","NAMELSAD","Particulate.Matter"
"47083120200","Census Tract 1202",7.99057037415009
"47083120100","Census Tract 1201",8.06199476005697
"47083120300","Census Tract 1203",8.15814293323186
