"GEOID","NAMELSAD","Particulate.Matter"
"45071950100","Census Tract 9501",7.42867278940375
"45071950300","Census Tract 9503",7.35872304131592
"45071950602","Census Tract 9506.02",7.2642589234177
"45071950201","Census Tract 9502.01",7.4152335962799
"45071950601","Census Tract 9506.01",7.12960848417313
"45071950700","Census Tract 9507",7.06824370212986
"45071950202","Census Tract 9502.02",7.42273539584535
"45071950502","Census Tract 9505.02",7.35568231678487
