"GEOID","NAMELSAD","Particulate.Matter"
"47003950402","Census Tract 9504.02",7.39006347717532
"47003950401","Census Tract 9504.01",7.41973945949255
"47003950700","Census Tract 9507",6.96278832360302
"47003950600","Census Tract 9506",7.57783955790966
"47003950100","Census Tract 9501",6.9580774819034
"47003950300","Census Tract 9503",6.99691961826262
"47003950500","Census Tract 9505",7.5416976701548
"47003950800","Census Tract 9508",7.13508009122612
"47003950200","Census Tract 9502",7.18282925138447
