"GEOID","NAMELSAD","Particulate.Matter"
"16039960500","Census Tract 9605",5.91490938032325
"16039960400","Census Tract 9604",5.15954683174645
"16039960200","Census Tract 9602",4.0811141765395
"16039960300","Census Tract 9603",4.96089623686911
"16039960100","Census Tract 9601",3.31317918233161
