"GEOID","NAME","Particulate.Matter"
"29217950400","9504",7.71970340894242
"29217950500","9505",7.00055848340621
"29217950200","9502",6.99468138676744
"29217950600","9506",6.91171093741652
"29217950100","9501",6.98724673974729
"29217950300","9503",7.2753246523185
