"GEOID","NAME","Particulate.Matter"
"48307950300","9503",6.07059358432239
"48307950400","9504",5.95976880027264
"48307950500","9505",6.15618398280417
