"GEOID","NAME","Particulate.Matter"
"29073960500","9605",6.80465728075979
"29073960100","9601",7.12483442764143
"29073960400","9604",6.93504106710074
"29073960200","9602",6.64631845446891
"29073960300","9603",6.65378941843727
