"GEOID","NAMELSAD","Particulate.Matter"
"30095966600","Census Tract 9666",3.54475213860921
"30095966500","Census Tract 9665",3.10134249963286
"30095966400","Census Tract 9664",4.25540885395682
