"GEOID","NAME","Particulate.Matter"
"41023960200","9602",4.62646151836531
"41023960100","9601",4.47580518991545
