"GEOID","NAME","Particulate.Matter"
"21023950200","9502",7.81306016335106
"21023950300","9503",7.61744062505224
"21023950100","9501",7.88703284534009
