"GEOID","NAMELSAD","Particulate.Matter"
"18175967200","Census Tract 9672",7.33047829723287
"18175967500","Census Tract 9675",8.56368619465814
"18175967600","Census Tract 9676",7.19448429598179
"18175967300","Census Tract 9673",7.78428230212564
"18175967700","Census Tract 9677",7.28084292024449
"18175967400","Census Tract 9674",7.24511973536289
