"GEOID","NAME","Particulate.Matter"
"35039941000","9410",2.68238750230476
"35039000500","5",2.42246159902255
"35039000300","3",3.18565532118953
"35039940700","9407",5.13985343805315
"35039000200","2",3.1591743833065
"35039000400","4",2.47187512071499
"35039940800","9408",3.1247395322872
"35039000100","1",2.35767234703533
"35039944100","9441",3.56622674901578
