"GEOID","NAME","Particulate.Matter"
"39069000600","6",8.01505505485575
"39069000300","3",9.06862297272958
"39069000500","5",7.92699547069976
"39069000100","1",7.97241549665401
"39069000200","2",8.06910347668406
"39069000700","7",8.09861411695963
"39069000400","4",8.49806294273725
