"GEOID","NAME","Particulate.Matter"
"37115010100","101",5.29317016267226
"37115010700","107",5.79071008584846
"37115010400","104",6.10789660290882
"37115010500","105",6.45620706343722
"37115010600","106",6.16590607883058
"37115010200","102",5.84715962974969
