"GEOID","NAMELSAD","Particulate.Matter"
"47075930301","Census Tract 9303.01",8.53849856646399
"47075930302","Census Tract 9303.02",8.51544215471389
"47075930500","Census Tract 9305",8.5256511722987
"47075930100","Census Tract 9301",8.60387858834267
"47075930200","Census Tract 9302",8.51037778815598
"47075930400","Census Tract 9304",8.21915443727331
