"GEOID","NAME","Particulate.Matter"
"27031480200","4802",2.92275082826256
"27031480100","4801",2.89390967086511
