"GEOID","NAMELSAD","Particulate.Matter"
"28155950200","Census Tract 9502",6.97426084897866
"28155950100","Census Tract 9501",7.04619756390462
"28155950300","Census Tract 9503",7.24752749986931
