"GEOID","NAME","Particulate.Matter"
"19043070200","702",5.99663499793821
"19043070300","703",6.24699740687572
"19043070400","704",6.49811235052023
"19043070600","706",6.19405321802289
"19043070500","705",6.43669328476667
"19043070100","701",6.23322636922091
