"GEOID","NAME","Particulate.Matter"
"05053470100","4701",7.86774253924574
"05053470400","4704",7.88539881872952
"05053470300","4703",7.70657068111395
"05053470200","4702",7.80011441262335
