"GEOID","NAME","Particulate.Matter"
"27117460100","4601",5.31372376704865
"27117460200","4602",5.79189342837178
"27117460500","4605",5.77249285690877
"27117460300","4603",5.66059735455562
"27117460400","4604",5.66291889769304
