"GEOID","NAME","Particulate.Matter"
"21153970100","9701",6.46445795621082
"21153970400","9704",6.71012524117898
"21153970300","9703",6.66694314843814
"21153970200","9702",6.46967054387187
