"GEOID","NAMELSAD","Particulate.Matter"
"20005081900","Census Tract 819",7.79187534646399
"20005081700","Census Tract 817",6.43940338448545
"20005081600","Census Tract 816",6.1244801727193
"20005081800","Census Tract 818",6.43441456223692
