"GEOID","NAME","Particulate.Matter"
"17039971400","9714",7.14443313893345
"17039971500","9715",6.97845271061347
"17039971800","9718",7.13156460141591
"17039971600","9716",6.92852163449977
"17039971700","9717",7.44707273970454
