"GEOID","NAME","Particulate.Matter"
"01099075900","759",7.92545014026999
"01099076000","760",7.54691657609257
"01099075800","758",7.71660768659375
"01099076100","761",7.64986851553144
"01099075700","757",7.9779348921535
"01099076200","762",7.9602257403744
"01099075600","756",7.82624207051524
