"GEOID","NAME","Particulate.Matter"
"48031950100","9501",6.31730668162843
"48031950200","9502",6.39527338023331
