"GEOID","NAME","Particulate.Matter"
"21045950300","9503",6.81192960745587
"21045950400","9504",6.50545564014573
"21045950100","9501",6.38626606312088
"21045950500","9505",6.61216701122375
"21045950200","9502",6.97985409069154
