"GEOID","NAMELSAD","Particulate.Matter"
"18069962000","Census Tract 9620",7.7803160399933
"18069961600","Census Tract 9616",8.20363871016517
"18069961500","Census Tract 9615",9.6872206525597
"18069961800","Census Tract 9618",7.9702727573238
"18069961700","Census Tract 9617",7.65865349880248
"18069962100","Census Tract 9621",7.90133587114495
"18069961300","Census Tract 9613",7.42743366754121
"18069961400","Census Tract 9614",8.07412488741938
"18069961900","Census Tract 9619",7.97105270763173
