"GEOID","NAME","Particulate.Matter"
"31173940100","9401",6.51276186543603
"31173940200","9402",6.1032347082544
