"GEOID","NAME","Particulate.Matter"
"55041950200","9502",3.86406398192235
"55041950100","9501",3.81949110369802
"55041950400","9504",4.112737577113
"55041950300","9503",3.97090130163772
