"GEOID","NAMELSAD","Particulate.Matter"
"45067950500","Census Tract 9505",7.53518684765437
"45067950300","Census Tract 9503",7.58771905687297
"45067950800","Census Tract 9508",6.91345378663696
"45067950100","Census Tract 9501",7.27209661750406
"45067950400","Census Tract 9504",7.56470015006091
"45067950600","Census Tract 9506",7.32436454863549
"45067950700","Census Tract 9507",7.13768788578725
"45067950200","Census Tract 9502",7.43150272279095
