"GEOID","NAME","Particulate.Matter"
"46135966400","9664",5.30520311191597
"46135966200","9662",5.90984711476527
"46135966100","9661",7.45464515435095
"46135966302","9663.02",6.62051828787751
"46135966301","9663.01",5.39972066395327
