"GEOID","NAMELSAD","Particulate.Matter"
"28061950200","Census Tract 9502",7.35240513538502
"28061950400","Census Tract 9504",7.48374142315628
"28061950300","Census Tract 9503",7.46597336516226
"28061950100","Census Tract 9501",7.43529391383661
