"GEOID","NAME","Particulate.Matter"
"39107967600","9676",8.65594423938218
"39107967300","9673",8.29701446595557
"39107967500","9675",8.75510271237578
"39107967700","9677",8.30160274986141
"39107967800","9678",8.77344493158952
"39107967200","9672",8.02669063652054
"39107967900","9679",8.52765552918938
"39107968000","9680",8.01431262040535
"39107967400","9674",8.71790025226432
