"GEOID","NAMELSAD","Particulate.Matter"
"51049930200","Census Tract 9302",6.64707963511527
"51049930100","Census Tract 9301",6.72236196176543
