"GEOID","NAMELSAD","Particulate.Matter"
"22059970100","Census Tract 9701",7.54098377161128
"22059970200","Census Tract 9702",7.25541376933691
"22059970300","Census Tract 9703",7.48886945720381
