"GEOID","NAME","Particulate.Matter"
"13267950400","9504",7.06026656729812
"13267950100","9501",7.05191765711368
"13267950300","9503",6.95982421577293
"13267950202","9502.02",7.01712940740136
"13267950201","9502.01",6.93418011831043
