"GEOID","NAMELSAD","Particulate.Matter"
"16053970200","Census Tract 9702",4.44813210037452
"16053970300","Census Tract 9703",4.89112645972746
"16053970400","Census Tract 9704",6.11535954387138
"16053970100","Census Tract 9701",4.17383720964629
"16053970500","Census Tract 9705",4.68694689775102
