"GEOID","NAMELSAD","Particulate.Matter"
"28063950100","Census Tract 9501",7.3621909662447
"28063950200","Census Tract 9502",7.30000019073488
