"GEOID","NAMELSAD","Particulate.Matter"
"49017000400","Census Tract 4",3.18089836325622
"49017000300","Census Tract 3",3.70968720621547
