"GEOID","NAMELSAD","Particulate.Matter"
"45049920100","Census Tract 9201",7.10060155223239
"45049920200","Census Tract 9202",7.0359861512549
"45049920500","Census Tract 9205",6.87000533082154
"45049920300","Census Tract 9203",6.88013064214849
"45049920400","Census Tract 9204",6.91686075136468
