"GEOID","NAME","Particulate.Matter"
"46057955100","9551",5.17981659813922
"46057955200","9552",5.0387380874169
