"GEOID","NAMELSAD","Particulate.Matter"
"20089576100","Census Tract 5761",4.60329860923191
"20089576200","Census Tract 5762",4.6399060664897
