"GEOID","NAME","Particulate.Matter"
"48503950400","9504",5.7621419635203
"48503950600","9506",6.13524705853747
"48503950500","9505",6.54784495525137
"48503950200","9502",5.82312806945145
