"GEOID","NAME","Particulate.Matter"
"48463950200","9502",6.85462374697187
"48463950100","9501",6.51225976637991
"48463950500","9505",7.44429085135304
"48463950400","9504",7.68489239134135
"48463950300","9503",7.56653529519235
