"GEOID","NAME","Particulate.Matter"
"05081030200","302",6.76844553219758
"05081030102","301.02",7.07378077762723
"05081030101","301.01",6.99477034164169
"05081030300","303",6.79472851414903
