"GEOID","NAME","Particulate.Matter"
"21063920100","9201",6.47069569947951
"21063920200","9202",6.5783886729118
