"GEOID","NAME","Particulate.Matter"
"21001970600","9706",7.09485299137242
"21001970200","9702",7.07264728663949
"21001970500","9705",6.87079116837757
"21001970100","9701",7.01658069461321
"21001970300","9703",6.79115932583607
"21001970401","9704.01",7.1626181217082
"21001970402","9704.02",6.95809661336181
