"GEOID","NAME","Particulate.Matter"
"27021960802","9608.02",5.06340368798576
"27021960100","9601",5.20031470077547
"27021940001","9400.01",4.64512760086379
"27021960600","9606",4.66083630890657
"27021960200","9602",4.99564974253926
"27021960700","9607",4.789672116778
"27021940002","9400.02",5.03477685993439
"27021960301","9603.01",4.48513795318572
"27021960302","9603.02",4.78870980415545
"27021960801","9608.01",5.20308742355003
