"GEOID","NAME","Particulate.Matter"
"37043950200","9502",7.05895933315993
"37043950100","9501",5.13375335148962
