"GEOID","NAME","Particulate.Matter"
"48093950100","9501",6.06479088493201
"48093950200","9502",6.05062945469695
"48093950400","9504",6.36397820406834
"48093950300","9503",6.33408840794864
