"GEOID","NAME","Particulate.Matter"
"46033965100","9651",3.46433252640085
"46033965200","9652",1.90928826878932
