"GEOID","NAMELSAD","Particulate.Matter"
"12013010200","Census Tract 102",7.06431582409273
"12013010300","Census Tract 103",7.32071035649425
"12013010100","Census Tract 101",7.48410814152942
