"GEOID","NAMELSAD","Particulate.Matter"
"28025950500","Census Tract 9505",7.86991861647748
"28025950100","Census Tract 9501",7.67143965904322
"28025950200","Census Tract 9502",7.46122979055716
"28025950400","Census Tract 9504",8.18350134216929
"28025950300","Census Tract 9503",8.45626691407403
