"GEOID","NAME","Particulate.Matter"
"29209090400","904",6.66655675238268
"29209090500","905",7.22599067327094
"29209090100","901",6.3114625065848
"29209090200","902",6.53405726645663
"29209090601","906.01",6.92020299265454
"29209090602","906.02",6.55134261504891
