"GEOID","NAMELSAD","Particulate.Matter"
"38021973200","Census Tract 9732",4.08037183266883
"38021973400","Census Tract 9734",4.14683578031476
"38021973300","Census Tract 9733",3.90166533675126
