"GEOID","NAMELSAD","Particulate.Matter"
"28013950400","Census Tract 9504",7.4657595936148
"28013950100","Census Tract 9501",6.9976309378372
"28013950500","Census Tract 9505",7.38038788919258
"28013950200","Census Tract 9502",7.44372780148234
"28013950300","Census Tract 9503",7.2450781024701
