"GEOID","NAME","Particulate.Matter"
"17087980000","9800",8.1418099783005
"17087977800","9778",8.20931738830276
"17087977700","9777",7.99579162081326
"17087977600","9776",7.77900828012213
