"GEOID","NAME","Particulate.Matter"
"31151960700","9607",5.17222985461932
"31151960600","9606",5.25972688755539
"31151960800","9608",5.1647826450524
"31151960900","9609",5.36472884870397
