"GEOID","NAME","Particulate.Matter"
"48313000300","3",6.66933014547906
"48313000100","1",6.82539855412043
"48313000200","2",6.73613508342813
"48313000400","4",6.77903623640078
