"GEOID","NAMELSAD","Particulate.Matter"
"51035080602","Census Tract 806.02",6.45424412317498
"51035080601","Census Tract 806.01",5.80017278629606
"51035080500","Census Tract 805",5.46135325307987
"51035080100","Census Tract 801",5.83433669654437
"51035080200","Census Tract 802",5.63738598853154
"51035080300","Census Tract 803",5.96138564436719
"51035080400","Census Tract 804",5.26198758879669
