"GEOID","NAMELSAD","Particulate.Matter"
"18079960500","Census Tract 9605",9.50700424084931
"18079960200","Census Tract 9602",8.35532649550491
"18079960400","Census Tract 9604",8.385588988568
"18079960600","Census Tract 9606",8.17204340383293
"18079960302","Census Tract 9603.02",8.37314581203137
"18079960301","Census Tract 9603.01",8.35230083249222
