"GEOID","NAME","Particulate.Matter"
"01009050601","506.01",8.33993446842015
"01009050602","506.02",8.39906895447224
"01009050200","502",8.23587705238211
"01009050700","507",8.35555066773952
"01009050101","501.01",7.86320924567498
"01009050102","501.02",7.9587332132799
"01009050400","504",7.77181582563308
"01009050300","503",7.85455128414531
"01009050500","505",7.94064558329183
