"GEOID","NAME","Particulate.Matter"
"17055040400","404",8.11197996234566
"17055040200","402",7.88618564419569
"17055040800","408",8.17477274295635
"17055040300","403",8.12604346871935
"17055040900","409",9.34741374313628
"17055040700","407",8.08321128084243
"17055041200","412",7.88847715286226
"17055040500","405",7.8504541003157
"17055040100","401",7.7555417451183
"17055041100","411",8.37628271704624
"17055040600","406",8.26623662538539
"17055041000","410",9.42817529989954
