"GEOID","NAMELSAD","Particulate.Matter"
"30089000100","Census Tract 1",5.62465343133406
"30089000200","Census Tract 2",6.0786434313727
"30089940300","Census Tract 9403",7.02257947235552
