"GEOID","NAMELSAD","Particulate.Matter"
"28131020202","Census Tract 202.02",7.25074333515664
"28131020201","Census Tract 202.01",7.40367481196918
"28131020100","Census Tract 201",7.56889071813918
