"GEOID","NAMELSAD","Particulate.Matter"
"54077963800","Census Tract 9638",7.60298984667092
"54077964100","Census Tract 9641",6.45830033818016
"54077964300","Census Tract 9643",7.08604107776325
"54077964200","Census Tract 9642",6.2644407092944
"54077963900","Census Tract 9639",7.42104323595001
"54077964400","Census Tract 9644",7.34919324375497
"54077964500","Census Tract 9645",7.11279175612025
"54077964000","Census Tract 9640",6.94370591631691
