"GEOID","NAMELSAD","Particulate.Matter"
"38099958100","Census Tract 9581",5.27018625068951
"38099958300","Census Tract 9583",4.65415987668881
"38099958200","Census Tract 9582",4.88549410452828
"38099958000","Census Tract 9580",5.61591905595613
"38099957900","Census Tract 9579",5.36151791788912
"38099957800","Census Tract 9578",5.1406202278579
