"GEOID","NAMELSAD","Particulate.Matter"
"38071957800","Census Tract 9578",5.1405989366952
"38071957700","Census Tract 9577",4.95543937071844
"38071957600","Census Tract 9576",5.49499490029663
