"GEOID","NAME","Particulate.Matter"
"13219030300","303",7.66089741317736
"13219030600","306",7.46121730034791
"13219030500","305",7.53095555396533
"13219030400","304",7.74169831283882
"13219030100","301",7.8503716738979
"13219030200","302",8.03095611789687
