"GEOID","NAME","Particulate.Matter"
"50005957800","9578",4.92327104160699
"50005957100","9571",4.99703984484185
"50005957400","9574",5.72240603467984
"50005957000","9570",4.66016822596027
"50005957700","9577",5.13038570891409
"50005957300","9573",5.66970942532854
"50005957600","9576",5.08205854680273
"50005957200","9572",5.8109021652254
"50005957500","9575",5.55129074995055
"50005957900","9579",5.41205469671033
