"GEOID","NAME","Particulate.Matter"
"48021950502","9505.02",6.67279880042678
"48021950802","9508.02",7.0129343354582
"48021950501","9505.01",6.64156727360985
"48021950200","9502",6.83241557402564
"48021950600","9506",6.96133461093311
"48021950100","9501",6.82440276259548
"48021950300","9503",7.02588225955146
"48021950700","9507",7.17722923148289
"48021950400","9504",6.95620238301133
"48021950801","9508.01",7.05159191677514
