"GEOID","NAMELSAD","Particulate.Matter"
"47021070203","Census Tract 702.03",7.64194953335761
"47021070103","Census Tract 701.03",7.66279736985429
"47021070300","Census Tract 703",8.13652823021345
"47021070102","Census Tract 701.02",8.17714073219503
"47021070201","Census Tract 702.01",7.59655208993841
"47021070401","Census Tract 704.01",8.21158456416364
"47021070402","Census Tract 704.02",8.32535585658621
"47021070104","Census Tract 701.04",7.90601018857356
"47021070202","Census Tract 702.02",7.74423949959789
