"GEOID","NAMELSAD","Particulate.Matter"
"28031950100","Census Tract 9501",7.28556678891569
"28031950200","Census Tract 9502",7.66383760487439
"28031950300","Census Tract 9503",7.01817059278013
"28031950400","Census Tract 9504",7.30645851575115
