"GEOID","NAME","Particulate.Matter"
"29091090600","906",6.70924553349688
"29091090200","902",6.97178685334656
"29091090400","904",6.30893720069395
"29091090100","901",6.82068564340246
"29091090500","905",6.37188701991347
"29091090300","903",6.86952759830393
"29091090800","908",6.9001052428523
"29091090700","907",7.07611093230503
