"GEOID","NAMELSAD","Particulate.Matter"
"51595890100","Census Tract 8901",7.28793833358451
"51595890200","Census Tract 8902",7.28572274233613
