"GEOID","NAME","Particulate.Matter"
"48379950100","9501",6.48296058356338
"48379950200","9502",6.70074616876833
