"GEOID","NAME","Particulate.Matter"
"48015760400","7604",7.18092511798119
"48015760300","7603",7.22019319189555
"48015760100","7601",7.32099526455715
"48015760200","7602",7.5559501503261
"48015760502","7605.02",7.35931189048215
"48015760501","7605.01",7.23121390506652
