"GEOID","NAME","Particulate.Matter"
"31041971700","9717",3.89281884075946
"31041971900","9719",4.20988856192923
"31041972000","9720",4.34055859820679
"31041971800","9718",3.84793275443043
