"GEOID","NAMELSAD","Particulate.Matter"
"28079040100","Census Tract 401",6.81127898077726
"28079040400","Census Tract 404",7.06709031091528
"28079040500","Census Tract 405",7.15987108633711
"28079040600","Census Tract 406",7.08296010375076
"28079040700","Census Tract 407",6.95160765830459
