"GEOID","NAMELSAD","Particulate.Matter"
"18025951900","Census Tract 9519",7.34988171972458
"18025952100","Census Tract 9521",7.72983965254622
"18025952000","Census Tract 9520",7.28646443206356
