"GEOID","NAMELSAD","Particulate.Matter"
"26043950400","Census Tract 9504",4.34921012371242
"26043950500","Census Tract 9505",5.60507649767103
"26043950600","Census Tract 9506",4.71459196800863
"26043950300","Census Tract 9503",4.17674195304209
"26043950100","Census Tract 9501",3.76688032486329
"26043950700","Census Tract 9507",4.19379915460333
"26043950200","Census Tract 9502",3.97559267454907
