"GEOID","NAMELSAD","Particulate.Matter"
"28157950200","Census Tract 9502",7.65594040563693
"28157950100","Census Tract 9501",7.41834431616229
