"GEOID","NAME","Particulate.Matter"
"13207050200","502",7.45304598787024
"13207050102","501.02",7.58253371204441
"13207050302","503.02",7.70571362634876
"13207050301","503.01",7.37447584176256
"13207050101","501.01",7.48647837145554
