"GEOID","NAMELSAD","Particulate.Matter"
"42059970501","Census Tract 9705.01",8.81340898717034
"42059970502","Census Tract 9705.02",8.75479209321055
"42059970300","Census Tract 9703",8.44765765986103
"42059970600","Census Tract 9706",9.22855285226017
"42059970100","Census Tract 9701",9.80724023098079
"42059970400","Census Tract 9704",7.44225070637654
"42059970200","Census Tract 9702",9.27325017735116
"42059970700","Census Tract 9707",8.39427188484162
"42059970800","Census Tract 9708",9.93974296514718
