"GEOID","NAME","Particulate.Matter"
"13149970100","9701",8.01253392901472
"13149970200","9702",8.11265749174904
"13149970300","9703",8.02204403062656
