"GEOID","NAME","Particulate.Matter"
"46067968800","9688",5.18247320281014
"46067968600","9686",5.34656378886122
"46067968700","9687",5.23995437334391
