"GEOID","NAMELSAD","Particulate.Matter"
"42109070100","Census Tract 701",9.42463598142027
"42109070400","Census Tract 704",8.28713853421305
"42109070600","Census Tract 706",8.93533040280881
"42109070200","Census Tract 702",9.13179608238356
"42109070300","Census Tract 703",8.64244340361464
"42109070500","Census Tract 705",7.81932186149411
"42109980705","Census Tract 9807.05",9.92898908427175
"42109070701","Census Tract 707.01",10.0027321455753
