"GEOID","NAMELSAD","Particulate.Matter"
"12133970102","Census Tract 9701.02",7.23569615355474
"12133970103","Census Tract 9701.03",7.32513839054983
"12133970104","Census Tract 9701.04",7.23211264082872
"12133970302","Census Tract 9703.02",7.21205576988246
"12133970303","Census Tract 9703.03",7.00114229269183
"12133970200","Census Tract 9702",7.3625244115012
"12133970301","Census Tract 9703.01",7.10215232500304
