"GEOID","NAME","Particulate.Matter"
"29003010300","103",6.64149085504831
"29003010200","102",6.75866222242823
"29003010400","104",6.66449272344267
"29003010100","101",6.80502150672173
