"GEOID","NAME","Particulate.Matter"
"48077030200","302",6.698276934895
"48077030301","303.01",6.42171832556329
"48077030302","303.02",6.43559975355316
