"GEOID","NAME","Particulate.Matter"
"17071973300","9733",7.13526423915676
"17071973400","9734",7.08119961973752
"17071973500","9735",6.8487629668823
