"GEOID","NAME","Particulate.Matter"
"17189950200","9502",8.32995298485405
"17189950400","9504",7.57028378655083
"17189950300","9503",7.92621646418467
"17189950100","9501",7.55630853031021
