"GEOID","NAME","Particulate.Matter"
"13257970302","9703.02",8.13782018515876
"13257970301","9703.01",8.19631024341259
"13257970400","9704",8.02594048590704
"13257970200","9702",8.11545859408411
"13257970100","9701",7.78184487826296
