"GEOID","NAMELSAD","Particulate.Matter"
"51145500102","Census Tract 5001.02",6.8812067651795
"51145500101","Census Tract 5001.01",6.80476447047698
"51145500400","Census Tract 5004",6.63141238098099
"51145500200","Census Tract 5002",6.75666657879771
"51145500300","Census Tract 5003",7.06634895108528
