"GEOID","NAME","Particulate.Matter"
"48459950100","9501",6.25555941280281
"48459950200","9502",6.27369122897314
"48459950400","9504",6.99431761023144
"48459950600","9506",6.48098351332569
"48459950300","9503",6.29999357082144
"48459950500","9505",6.32863442492853
"48459950700","9507",6.26621926743127
