"GEOID","NAME","Particulate.Matter"
"21097950300","9503",7.12030931283175
"21097950100","9501",7.60065988944279
"21097950500","9505",7.29457400754615
"21097950200","9502",7.55028435880793
"21097950400","9504",7.16837015917358
