"GEOID","NAMELSAD","Particulate.Matter"
"28163950400","Census Tract 9504",7.12069084707309
"28163950600","Census Tract 9506",7.03566001502012
"28163950100","Census Tract 9501",7.0410760487618
"28163950500","Census Tract 9505",7.66928164005738
"28163950200","Census Tract 9502",7.26331756443865
"28163950300","Census Tract 9503",7.79547323120714
