"GEOID","NAME","Particulate.Matter"
"29207470300","4703",8.76621373643687
"29207470100","4701",8.96777981074979
"29207470800","4708",8.27468612693225
"29207470400","4704",8.4994403777307
"29207470200","4702",9.02550273354647
"29207470700","4707",8.35120428529111
"29207470600","4706",8.9578135910194
"29207470500","4705",9.67097466537992
