"GEOID","NAMELSAD","Particulate.Matter"
"47175925200","Census Tract 9252",6.73214764522363
"47175925000","Census Tract 9250",6.11456119328009
