"GEOID","NAME","Particulate.Matter"
"19029190200","1902",5.99191424972013
"19029190400","1904",6.2264519697627
"19029190300","1903",6.06546951381471
"19029190100","1901",5.92442136279712
"19029190500","1905",6.12896956063327
