"GEOID","NAME","Particulate.Matter"
"53047940100","9401",7.46120151672385
"53047940200","9402",8.43838534312512
"53047970900","9709",4.62471887911618
"53047970700","9707",10.8135459761196
"53047970400","9704",9.63429377556842
"53047970500","9705",8.26003693169258
"53047971000","9710",6.18926742999813
"53047970300","9703",7.08087037609342
"53047970800","9708",7.97930570778059
"53047970600","9706",11.9730003465047
