"GEOID","NAME","Particulate.Matter"
"31027977200","9772",5.17161619548775
"31027977100","9771",5.4668921634253
