"GEOID","NAMELSAD","Particulate.Matter"
"51197050302","Census Tract 503.02",5.90664173669841
"51197050100","Census Tract 501",6.62834715737756
"51197050200","Census Tract 502",6.08049188900601
"51197050401","Census Tract 504.01",6.13132665276949
"51197050301","Census Tract 503.01",6.38669229039474
"51197050402","Census Tract 504.02",6.60789302971193
