"GEOID","NAME","Particulate.Matter"
"21107970600","9706",9.0757595537947
"21107971000","9710",8.32961442849992
"21107970400","9704",9.51005902570052
"21107971100","9711",8.51938108256427
"21107971300","9713",8.15555118933875
"21107970200","9702",8.11203256958177
"21107970300","9703",8.29023992409397
"21107970500","9705",8.10815811004974
"21107970900","9709",8.03597196682333
"21107970800","9708",8.24700898599897
"21107970100","9701",8.30553589218046
"21107970700","9707",8.18466503792244
