"GEOID","NAME","Particulate.Matter"
"27169670400","6704",6.72028535047397
"27169670300","6703",5.83916204128813
"27169670600","6706",5.99092603553181
"27169670100","6701",5.41038499282454
"27169671000","6710",5.65004533928991
"27169670900","6709",5.48689572245643
"27169670800","6708",5.3020634104319
"27169670200","6702",6.62059226464223
"27169670500","6705",7.69892714665891
"27169670700","6707",7.44908010667214
