"GEOID","NAME","Particulate.Matter"
"19075960100","9601",6.98016120417206
"19075960200","9602",6.89204705228073
"19075960300","9603",6.66363707712428
"19075960400","9604",6.56449831545715
