"GEOID","NAMELSAD","Particulate.Matter"
"18045958000","Census Tract 9580",8.52664200133501
"18045957800","Census Tract 9578",8.57877675098041
"18045957600","Census Tract 9576",8.0899342742161
"18045957900","Census Tract 9579",8.21260566511826
"18045957700","Census Tract 9577",8.84969354485985
