"GEOID","NAME","Particulate.Matter"
"13227050200","502",7.15579164016159
"13227050500","505",7.43079218058816
"13227050100","501",6.32562725219863
"13227050300","503",7.53274545168467
"13227050400","504",7.85658602945224
"13227050600","506",7.50981160430914
