"GEOID","NAME","Particulate.Matter"
"55099970500","9705",3.76154129736887
"55099970100","9701",3.83381052884564
"55099970200","9702",4.08708067987396
"55099970700","9707",4.04859608855517
"55099970600","9706",3.83951084853498
"55099970400","9704",3.90287216231722
