"GEOID","NAMELSAD","Particulate.Matter"
"22065960500","Census Tract 9605",7.9431189548273
"22065960300","Census Tract 9603",7.85967188195253
"22065960200","Census Tract 9602",7.35168861137542
"22065960400","Census Tract 9604",7.69427416430029
"22065960100","Census Tract 9601",7.33984191871854
