"GEOID","NAMELSAD","Particulate.Matter"
"32017950100","Census Tract 9501",3.55425664028606
"32017950200","Census Tract 9502",3.57765644890056
