"GEOID","NAME","Particulate.Matter"
"39079957600","9576",7.90067066083338
"39079957300","9573",7.17394551164873
"39079957800","9578",7.63355709537176
"39079957400","9574",7.34847203089883
"39079957700","9577",7.65269696603097
"39079957500","9575",7.68395353104253
"39079957200","9572",7.5710964631681
