"GEOID","NAMELSAD","Particulate.Matter"
"51750010200","Census Tract 102",7.31703914380306
"51750010102","Census Tract 101.02",7.54273361455649
"51750010101","Census Tract 101.01",7.65904233130727
