"GEOID","NAME","Particulate.Matter"
"17141961000","9610",7.94446581245457
"17141961700","9617",7.59991302942386
"17141961300","9613",7.70387611831588
"17141961500","9615",7.52313452117883
"17141961100","9611",8.01831375799052
"17141960800","9608",7.41159742155028
"17141961600","9616",7.99910532039442
"17141961200","9612",7.92523595255351
"17141960900","9609",7.58570500557495
"17141960700","9607",7.3757666881563
"17141961400","9614",8.08221299767327
