"GEOID","NAME","Particulate.Matter"
"21103090301","903.01",7.36184939140584
"21103090302","903.02",7.11020397872476
"21103090200","902",7.47208776712907
"21103090100","901",7.61725069803993
"21103090400","904",7.54134587799831
