"GEOID","NAME","Particulate.Matter"
"48275950200","9502",5.30488185567578
"48275950100","9501",5.28357937744949
