"GEOID","NAME","Particulate.Matter"
"53049950800","9508",2.74377894819154
"53049950300","9503",2.69824265741397
"53049950500","9505",2.8379788967055
"53049950700","9507",2.83873324891511
"53049950600","9506",3.38980084598738
"53049950400","9504",2.44145164207242
"53049950200","9502",2.78826065290803
