"GEOID","NAME","Particulate.Matter"
"29185480100","4801",6.96738126158378
"29185480300","4803",6.51948813982038
"29185480200","4802",6.65998497484257
