"GEOID","NAME","Particulate.Matter"
"46015973100","9731",3.9979558828515
"46015973200","9732",3.97010312401857
