"GEOID","NAMELSAD","Particulate.Matter"
"26109960300","Census Tract 9603",4.54020809009862
"26109960200","Census Tract 9602",4.32895345163267
"26109960500","Census Tract 9605",4.68631745073889
"26109960400","Census Tract 9604",4.51037809213287
"26109960100","Census Tract 9601",4.16019816214302
"26109960600","Census Tract 9606",6.08260793513871
"26109960700","Census Tract 9607",5.74005056222893
