"GEOID","NAME","Particulate.Matter"
"17131040100","401",7.54352243039458
"17131040300","403",7.66224540750645
"17131040200","402",7.69589673648974
"17131040400","404",7.46917826525259
