"GEOID","NAME","Particulate.Matter"
"13293010400","104",7.29824563816529
"13293010500","105",7.33655907069776
"13293010600","106",7.35674024424124
"13293010201","102.01",7.30190384000994
"13293010300","103",7.21734746450598
"13293010202","102.02",7.22479779386817
"13293010100","101",7.26993157741736
