"GEOID","NAME","Particulate.Matter"
"48343950300","9503",6.29076385619421
"48343950200","9502",6.365842150822
"48343950100","9501",6.48941287878185
