"GEOID","NAMELSAD","Particulate.Matter"
"22093040600","Census Tract 406",8.09649254495672
"22093040300","Census Tract 403",8.35737278455837
"22093040100","Census Tract 401",8.12335185397956
"22093040500","Census Tract 405",8.1773235120449
"22093040700","Census Tract 407",7.79915349136703
"22093040400","Census Tract 404",8.41768047618565
"22093040200","Census Tract 402",8.96860845747114
