"GEOID","NAME","Particulate.Matter"
"35017964600","9646",3.56323714649968
"35017964700","9647",3.25981461713343
"35017964400","9644",3.86444503888124
"35017964800","9648",3.85062896466769
"35017964500","9645",3.35993670076088
"35017964300","9643",3.53892502238588
"35017964100","9641",3.17989162065221
"35017964200","9642",3.71466629653366
