"GEOID","NAME","Particulate.Matter"
"13011970200","9702",8.1105568105584
"13011970400","9704",8.4371873721985
"13011970300","9703",8.04724802061348
"13011970100","9701",7.69757101062087
