"GEOID","NAME","Particulate.Matter"
"05017080400","804",7.47577680880982
"05017080100","801",7.26078352700393
"05017080300","803",7.4306368036902
"05017080200","802",6.94656198834136
