"GEOID","NAMELSAD","Particulate.Matter"
"22023970201","Census Tract 9702.01",7.98497344866534
"22023970100","Census Tract 9701",7.75074710262022
