"GEOID","NAME","Particulate.Matter"
"55045960800","9608",7.1973533903592
"55045960500","9605",6.98745701981134
"55045960100","9601",6.9463158034496
"55045960400","9604",6.93905225022785
"55045960300","9603",7.09677137897665
"55045960200","9602",6.66125093395456
"55045960600","9606",6.96245374859878
"55045960700","9607",6.89800299741516
