"GEOID","NAMELSAD","Particulate.Matter"
"18009975100","Census Tract 9751",8.17495140785858
"18009975200","Census Tract 9752",8.84146698433509
"18009975300","Census Tract 9753",8.92851724432503
"18009975400","Census Tract 9754",8.34852700202708
