"GEOID","NAMELSAD","Particulate.Matter"
"51093280200","Census Tract 2802",6.96814122182804
"51093280103","Census Tract 2801.03",7.25437899275436
"51093280101","Census Tract 2801.01",7.15450151805517
"51093280300","Census Tract 2803",6.95891188601466
"51093280400","Census Tract 2804",7.15913224522745
"51093280105","Census Tract 2801.05",7.21981850570948
"51093280104","Census Tract 2801.04",7.56065350572006
"51093280106","Census Tract 2801.06",7.29674054575249
