"GEOID","NAMELSAD","Particulate.Matter"
"51141030200","Census Tract 302",6.36879186826342
"51141030100","Census Tract 301",6.2325923980548
"51141030301","Census Tract 303.01",7.38455078549753
"51141030302","Census Tract 303.02",7.01873540443069
