"GEOID","NAME","Particulate.Matter"
"17015960100","9601",7.30293334971954
"17015960200","9602",7.4236436987835
"17015960400","9604",7.4007700873038
"17015960300","9603",7.79004166458324
"17015960500","9605",7.51269305672989
"17015960600","9606",7.5025640127169
