"GEOID","NAME","Particulate.Matter"
"48053960600","9606",6.55265662159876
"48053960700","9607",6.85990579855955
"48053960200","9602",5.70661452557191
"48053960300","9603",5.85523859871599
"48053960500","9605",7.34855024462285
"48053960100","9601",5.99107979804271
"48053960400","9604",5.9681920605982
"48053960800","9608",6.54575754745151
