"GEOID","NAME","Particulate.Matter"
"21113060504","605.04",7.42670381037554
"21113060503","605.03",7.93387726665115
"21113060200","602",6.96372130812284
"21113060101","601.01",7.37476588264254
"21113060102","601.02",7.15300964954164
"21113060502","605.02",7.27868974352816
"21113060400","604",7.08974260742276
"21113060600","606",6.8064928501939
"21113060300","603",7.05252318110038
