"GEOID","NAME","Particulate.Matter"
"08039961100","9611",3.38222303130959
"08039961204","9612.04",4.11538992540593
"08039961205","9612.05",3.68837405937658
"08039961206","9612.06",4.07537172712904
"08039961207","9612.07",3.9044446223171
"08039961208","9612.08",3.63111080279285
"08039961209","9612.09",3.32743877831312
