"GEOID","NAMELSAD","Particulate.Matter"
"38069956200","Census Tract 9562",4.1065844253646
"38069956100","Census Tract 9561",4.6160215233421
