"GEOID","NAME","Particulate.Matter"
"19099040500","405",7.47807017481404
"19099040600","406",7.46127681750651
"19099040200","402",6.70666382990893
"19099040400","404",6.87247931138587
"19099040700","407",6.88228715075958
"19099040300","403",6.92574611326285
"19099040100","401",6.64044319239889
"19099040800","408",6.7370865955937
"19099040900","409",6.651941123494
