"GEOID","NAME","Particulate.Matter"
"48161000300","3",6.50415590632227
"48161000200","2",6.46496866919022
"48161000100","1",6.57742327479662
"48161000700","7",6.3885348652377
"48161000900","9",6.16817115502768
"48161000600","6",6.3072972166684
"48161000400","4",6.51160392020364
