"GEOID","NAME","Particulate.Matter"
"05077470400","4704",7.41780113502482
"05077470300","4703",7.37828386625645
"05077470200","4702",7.33951231199147
"05077470100","4701",7.68375893390876
