"GEOID","NAME","Particulate.Matter"
"48267950100","9501",6.68965161391537
"48267950200","9502",7.40737489700469
