"GEOID","NAMELSAD","Particulate.Matter"
"16067970100","Census Tract 9701",4.37481557247673
"16067970500","Census Tract 9705",4.97210082613231
"16067970400","Census Tract 9704",5.24775293227682
"16067970200","Census Tract 9702",4.89577724785136
"16067970300","Census Tract 9703",3.99118963630973
