"GEOID","NAME","Particulate.Matter"
"41049970100","9701",5.43178314131618
"41049970200","9702",4.19263853196168
