"GEOID","NAMELSAD","Particulate.Matter"
"22031950200","Census Tract 9502",6.96468881994941
"22031950700","Census Tract 9507",7.205544750919
"22031950300","Census Tract 9503",7.20311919048525
"22031950400","Census Tract 9504",7.1896597735513
"22031950500","Census Tract 9505",7.14145321396764
"22031950100","Census Tract 9501",7.02764704942676
"22031950600","Census Tract 9506",7.01760003494163
