"GEOID","NAMELSAD","Particulate.Matter"
"54001965600","Census Tract 9656",7.81995730461226
"54001965700","Census Tract 9657",7.43950057795882
"54001965500","Census Tract 9655",7.5916476605755
"54001965800","Census Tract 9658",7.1084469781849
