"GEOID","NAME","Particulate.Matter"
"13133950301","9503.01",7.89656678496375
"13133950302","9503.02",7.73926726028454
"13133950303","9503.03",7.41948579691016
"13133950100","9501",7.41535942074685
"13133950200","9502",6.84246578048178
"13133950400","9504",6.95165903164885
"13133950500","9505",7.45508065241731
