"GEOID","NAME","Particulate.Matter"
"01059972900","9729",7.55875342915472
"01059973600","9736",7.27307569655091
"01059973300","9733",7.21943891406696
"01059973500","9735",7.34387662752855
"01059973100","9731",7.24462339854266
"01059973700","9737",7.02591826997254
"01059973400","9734",7.53082787994706
"01059973000","9730",7.37547122015706
"01059973200","9732",7.19431361004848
