"GEOID","NAMELSAD","Particulate.Matter"
"28043950200","Census Tract 9502",7.18364815371064
"28043950500","Census Tract 9505",7.68072222446703
"28043950300","Census Tract 9503",8.11095803933289
"28043950100","Census Tract 9501",7.17304560365944
"28043950400","Census Tract 9504",8.44816847007822
