"GEOID","NAME","Particulate.Matter"
"37103920100","9201",6.59923576117167
"37103920300","9203",6.98080909506898
"37103920200","9202",6.78893247784991
