"GEOID","NAME","Particulate.Matter"
"48255970400","9704",7.51783732668778
"48255970100","9701",7.86354294973471
"48255970300","9703",7.52857680381915
"48255970200","9702",7.70412819661469
