"GEOID","NAME","Particulate.Matter"
"19051080100","801",6.88692339137915
"19051080200","802",6.67232177539751
