"GEOID","NAMELSAD","Particulate.Matter"
"26003000100","Census Tract 1",3.75231763174719
"26003000200","Census Tract 2",3.91047048747337
"26003000300","Census Tract 3",4.02364361207104
