"GEOID","NAMELSAD","Particulate.Matter"
"38053962300","Census Tract 9623",4.18032160894362
"38053940100","Census Tract 9401",4.45947897077307
"38053962500","Census Tract 9625",3.9901577432205
"38053962400","Census Tract 9624",4.52744875204885
