"GEOID","NAMELSAD","Particulate.Matter"
"51131930300","Census Tract 9303",7.14906200293015
"51131930200","Census Tract 9302",7.07800006743426
"51131930100","Census Tract 9301",7.19539519589406
