"GEOID","NAMELSAD","Particulate.Matter"
"45081960300","Census Tract 9603",7.2732505206164
"45081960100","Census Tract 9601",7.1249348932699
"45081960400","Census Tract 9604",7.28667394878877
"45081960201","Census Tract 9602.01",7.00354131328314
"45081960202","Census Tract 9602.02",7.24352535077471
