"GEOID","NAME","Particulate.Matter"
"01075030100","301",7.79709385377666
"01075030000","300",7.88482413846738
"01075030200","302",7.89623685653208
