"GEOID","NAME","Particulate.Matter"
"48047950200","9502",7.64259523948286
"48047950100","9501",7.8429368428293
