"GEOID","NAMELSAD","Particulate.Matter"
"22039950300","Census Tract 9503",8.23768834054094
"22039950600","Census Tract 9506",8.4815001765889
"22039950200","Census Tract 9502",7.76698938343121
"22039950100","Census Tract 9501",7.73013162861404
"22039950800","Census Tract 9508",8.19909172996685
"22039950400","Census Tract 9504",8.12579578687383
"22039950500","Census Tract 9505",8.68429392495441
"22039950700","Census Tract 9507",8.01120089641597
