"GEOID","NAME","Particulate.Matter"
"46009967700","9677",4.84347169541199
"46009967600","9676",5.11138405649039
