"GEOID","NAMELSAD","Particulate.Matter"
"28093950401","Census Tract 9504.01",6.71759822676681
"28093950402","Census Tract 9504.02",6.90985595898085
"28093950500","Census Tract 9505",7.1144478917207
"28093950300","Census Tract 9503",7.36971255841202
"28093950200","Census Tract 9502",8.15560607194436
"28093950100","Census Tract 9501",7.88876701252227
