"GEOID","NAME","Particulate.Matter"
"37041930102","9301.02",6.92780427549692
"37041930101","9301.01",7.22526005110876
"37041930200","9302",7.07487550157739
