"GEOID","NAME","Particulate.Matter"
"19131560100","5601",6.02512357631795
"19131560300","5603",6.34150365857795
"19131560200","5602",5.98385774127788
