"GEOID","NAME","Particulate.Matter"
"29049960200","9602",6.98401635940123
"29049960300","9603",6.90981516285949
"29049960400","9604",7.01620521907216
"29049960100","9601",7.28790019118008
