"GEOID","NAME","Particulate.Matter"
"37011930100","9301",4.89519266225042
"37011930301","9303.01",4.73572405194103
"37011930302","9303.02",4.81117153064736
"37011930400","9304",5.08970029879322
"37011930200","9302",5.16862798024775
