"GEOID","NAME","Particulate.Matter"
"35057963600","9636",3.03340805432832
"35057963700","9637",3.07228431826148
"35057963201","9632.01",2.95633560350323
"35057963202","9632.02",3.03957587406335
