"GEOID","NAME","Particulate.Matter"
"17083010200","102",7.12618811271224
"17083010500","105",7.449398653293
"17083010100","101",7.60659299257903
"17083010300","103",7.08952046465038
"17083010402","104.02",7.51666540649604
"17083010401","104.01",7.54026586204414
