"GEOID","NAME","Particulate.Matter"
"27001790502","7905.02",4.39059707766564
"27001790501","7905.01",4.56924479651775
"27001770100","7701",4.84351867263589
"27001770300","7703",5.1543566409713
"27001770400","7704",4.72692072410382
"27001770200","7702",4.98817941636194
