"GEOID","NAME","Particulate.Matter"
"19185070100","701",6.00858867922008
"19185070200","702",5.90847708732368
"19185070300","703",6.01290305465733
