"GEOID","NAMELSAD","Particulate.Matter"
"20113788100","Census Tract 7881",5.02725395977723
"20113788300","Census Tract 7883",5.11032357959843
"20113788700","Census Tract 7887",5.27889182977846
"20113788200","Census Tract 7882",5.14051869599865
"20113788400","Census Tract 7884",5.38308399869928
"20113788500","Census Tract 7885",7.06133008483478
"20113788600","Census Tract 7886",5.49769354369414
