"GEOID","NAMELSAD","Particulate.Matter"
"54109002902","Census Tract 29.02",6.50183995618627
"54109003200","Census Tract 32",5.81289123115669
"54109002800","Census Tract 28",5.63553357774515
"54109002901","Census Tract 29.01",6.29053959176025
"54109003100","Census Tract 31",6.40504353739378
"54109003000","Census Tract 30",7.03438786352178
