"GEOID","NAME","Particulate.Matter"
"27159480100","4801",4.77717504714368
"27159480300","4803",4.99371162477561
"27159480200","4802",5.06583798187173
