"GEOID","NAMELSAD","Particulate.Matter"
"18087970402","Census Tract 9704.02",7.76926583747329
"18087970401","Census Tract 9704.01",7.70024486100552
"18087970700","Census Tract 9707",7.40810528937862
"18087970600","Census Tract 9706",7.59065435788882
"18087970500","Census Tract 9705",7.44114337213104
"18087970300","Census Tract 9703",7.35613608344321
"18087970100","Census Tract 9701",7.2732279316985
"18087970200","Census Tract 9702",7.29454646835515
