"GEOID","NAME","Particulate.Matter"
"37143920100","9201",6.74169519416856
"37143920202","9202.02",6.69802845382038
"37143920201","9202.01",6.84190722278956
