"GEOID","NAME","Particulate.Matter"
"08015000402","4.02",3.33938253701184
"08015000401","4.01",2.59275506339618
"08015000100","1",5.40306217932087
"08015000200","2",3.85953584075147
"08015000300","3",3.05219435221368
