"GEOID","NAME","Particulate.Matter"
"21183920600","9206",8.3966864638457
"21183920200","9202",8.18692431515824
"21183920300","9203",8.35742532091388
"21183920500","9205",8.32530133741947
"21183920400","9204",7.89045028155234
"21183920100","9201",8.07532946249226
"21183920700","9207",8.63667559586346
