"GEOID","NAME","Particulate.Matter"
"48397040200","402",7.68090322602015
"48397040301","403.01",7.94608283855892
"48397040302","403.02",8.06420065466585
"48397040401","404.01",7.73106034366342
"48397040102","401.02",7.47148373652528
"48397040402","404.02",7.74978002216337
"48397040504","405.04",7.75803660670501
"48397040506","405.06",7.64428428208911
"48397040505","405.05",7.67020075274868
"48397040101","401.01",7.72653780766748
"48397040503","405.03",8.20948843261896
