"GEOID","NAME","Particulate.Matter"
"19077950200","9502",5.89497898963681
"19077950300","9503",6.07888788024654
"19077950100","9501",5.99153342130814
