"GEOID","NAME","Particulate.Matter"
"48073950802","9508.02",6.42741053183889
"48073950801","9508.01",6.58851126592735
"48073950100","9501",6.49140594382133
"48073950700","9507",6.93102378823163
"48073951000","9510",6.59503494070545
"48073950500","9505",6.57282233092915
"48073950400","9504",6.87624446182093
"48073950600","9506",6.85668242589909
"48073950900","9509",6.45972653940107
"48073950200","9502",6.27426808459478
"48073950300","9503",6.33012230764675
"48073951100","9511",6.81681549594163
