"GEOID","NAME","Particulate.Matter"
"21173920302","9203.02",6.95607624638548
"21173920301","9203.01",6.90514439556349
"21173920500","9205",6.78260184733439
"21173920100","9201",6.81323150357246
"21173920200","9202",7.16363680479598
"21173920400","9204",6.48518678820679
