"GEOID","NAMELSAD","Particulate.Matter"
"47135930100","Census Tract 9301",7.98017976592793
"47135930200","Census Tract 9302",7.72913569937598
