"GEOID","NAMELSAD","Particulate.Matter"
"28143980000","Census Tract 9800",7.77540236203154
"28143950100","Census Tract 9501",7.91363064127207
"28143950200","Census Tract 9502",7.85129686226595
