"GEOID","NAMELSAD","Particulate.Matter"
"18073100400","Census Tract 1004",8.05341628965608
"18073101000","Census Tract 1010",7.78126203003672
"18073100902","Census Tract 1009.02",8.2478871805628
"18073100901","Census Tract 1009.01",8.25069171888632
"18073101100","Census Tract 1011",7.45971882109374
"18073100800","Census Tract 1008",7.86517371818527
"18073101300","Census Tract 1013",7.65419630754311
"18073101200","Census Tract 1012",7.63937651458293
