"GEOID","NAMELSAD","Particulate.Matter"
"51099040200","Census Tract 402",7.66100838307049
"51099040400","Census Tract 404",7.72546611230715
"51099040100","Census Tract 401",8.00521303926737
"51099040300","Census Tract 403",7.69026964931958
"51099040500","Census Tract 405",7.51088904007137
