"GEOID","NAMELSAD","Particulate.Matter"
"26135970300","Census Tract 9703",5.04256118103375
"26135970500","Census Tract 9705",4.91389511870592
"26135970400","Census Tract 9704",4.99449997240607
"26135970201","Census Tract 9702.01",4.75423996044953
"26135970202","Census Tract 9702.02",5.08897844275245
