"GEOID","NAME","Particulate.Matter"
"17139976900","9769",7.44792499641266
"17139977200","9772",8.15932436509896
"17139977100","9771",7.26231724817664
"17139977000","9770",7.14267381818856
