"GEOID","NAMELSAD","Particulate.Matter"
"47087960400","Census Tract 9604",7.36861227828062
"47087960200","Census Tract 9602",7.28703655613977
"47087960100","Census Tract 9601",7.49958663302324
"47087960300","Census Tract 9603",7.34763453697259
