"GEOID","NAME","Particulate.Matter"
"31139979200","9792",4.92194954914838
"31139979100","9791",4.91021624660073
