"GEOID","NAMELSAD","Particulate.Matter"
"26047970800","Census Tract 9708",4.93218758089484
"26047970700","Census Tract 9707",5.03697446194858
"26047970100","Census Tract 9701",4.7047482247752
"26047970600","Census Tract 9706",4.78271091140297
"26047970500","Census Tract 9705",4.77950570087256
"26047970200","Census Tract 9702",4.70279022736743
"26047970400","Census Tract 9704",4.61980678194617
"26047970300","Census Tract 9703",4.36786193160117
