"GEOID","NAMELSAD","Particulate.Matter"
"54053954802","Census Tract 9548.02",7.5010794028706
"54053954801","Census Tract 9548.01",7.3477643781967
"54053955000","Census Tract 9550",8.09591380856376
"54053955101","Census Tract 9551.01",8.01776837822749
"54053955102","Census Tract 9551.02",7.68074024283388
"54053954900","Census Tract 9549",7.44464944072266
