"GEOID","NAME","Particulate.Matter"
"48395960500","9605",6.5140244718018
"48395960300","9603",6.36632430667205
"48395960400","9604",6.52949048813716
"48395960100","9601",6.42587604204621
"48395960200","9602",6.35284364344306
