"GEOID","NAMELSAD","Particulate.Matter"
"40085094200","Census Tract 942",6.85772667748413
"40085094100","Census Tract 941",6.94900676438143
"40085094300","Census Tract 943",6.67490430909085
