"GEOID","NAMELSAD","Particulate.Matter"
"45009960100","Census Tract 9601",7.36495118184722
"45009960200","Census Tract 9602",6.99898575745424
"45009960300","Census Tract 9603",7.08884478198818
"45009960400","Census Tract 9604",6.82776395605569
