"GEOID","NAME","Particulate.Matter"
"01035960400","9604",7.49679679258623
"01035960600","9606",7.62174337300385
"01035960300","9603",7.52161552555263
"01035960500","9605",7.51613847961566
"01035960200","9602",7.39292708821454
