"GEOID","NAMELSAD","Particulate.Matter"
"54089000800","Census Tract 8",6.12154307735851
"54089000700","Census Tract 7",7.23434510826861
"54089000500","Census Tract 5",5.97255026402514
"54089000600","Census Tract 6",6.67725728564787
