"GEOID","NAMELSAD","Particulate.Matter"
"30099000100","Census Tract 1",4.71313999577404
"30099000200","Census Tract 2",5.16247191536653
"30099000300","Census Tract 3",5.28911826581219
