"GEOID","NAMELSAD","Particulate.Matter"
"20059954300","Census Tract 9543",6.51619011357121
"20059954100","Census Tract 9541",6.07498191060441
"20059954400","Census Tract 9544",7.01548288027665
"20059954500","Census Tract 9545",6.22868482464523
"20059954200","Census Tract 9542",6.41740365810138
