"GEOID","NAMELSAD","Particulate.Matter"
"38059020200","Census Tract 202",4.25593511143623
"38059020500","Census Tract 205",4.3391066275621
"38059020300","Census Tract 203",4.21809496618142
"38059020100","Census Tract 201",5.58110336063155
"38059020400","Census Tract 204",4.12351379785808
