"GEOID","NAME","Particulate.Matter"
"13003960200","9602",7.24502886079741
"13003960300","9603",7.21644258144707
"13003960100","9601",7.37613637147683
