"GEOID","NAMELSAD","Particulate.Matter"
"20115489500","Census Tract 4895",5.0260131172649
"20115489800","Census Tract 4898",5.38602168145102
"20115489600","Census Tract 4896",5.18764966057201
"20115489700","Census Tract 4897",5.16018645390973
