"GEOID","NAME","Particulate.Matter"
"08105976700","9767",3.80722303698989
"08105976800","9768",4.02103116803345
"08105977000","9770",2.91160884411385
