"GEOID","NAME","Particulate.Matter"
"48007950400","9504",7.12204382912239
"48007950100","9501",6.49213557275906
"48007950200","9502",6.66972198807971
"48007950500","9505",6.65700855748403
"48007950300","9503",6.98515725744969
