"GEOID","NAMELSAD","Particulate.Matter"
"40083600700","Census Tract 6007",6.83268305217359
"40083600400","Census Tract 6004",6.88002954739371
"40083600100","Census Tract 6001",7.08137634059308
"40083600800","Census Tract 6008",6.86821799228017
"40083600200","Census Tract 6002",7.19194424686142
"40083600300","Census Tract 6003",6.88507584545613
"40083600500","Census Tract 6005",6.6800469586013
"40083600600","Census Tract 6006",6.50848090957228
