"GEOID","NAME","Particulate.Matter"
"27069090100","901",5.17149410886468
"27069090200","902",4.96079179243552
