"GEOID","NAME","Particulate.Matter"
"19083480600","4806",6.48246889199149
"19083480400","4804",5.96059326629286
"19083480500","4805",6.51636167475773
"19083480300","4803",6.21523127341128
"19083480200","4802",6.32057026570054
"19083480100","4801",6.38861957267782
