"GEOID","NAME","Particulate.Matter"
"37121950200","9502",5.39708453050478
"37121950100","9501",5.3112588629469
"37121950400","9504",5.39583213415872
"37121950300","9503",5.3670916392234
