"GEOID","NAME","Particulate.Matter"
"37033930400","9304",7.46717438750824
"37033930200","9302",7.33751275934629
"37033930600","9306",7.20763963267288
"37033930300","9303",7.51186228152348
"37033930100","9301",7.22693208947878
"37033930500","9305",7.46715921324207
