"GEOID","NAME","Particulate.Matter"
"01087232300","2323",7.55343121818033
"01087231900","2319",7.43538054628933
"01087231700","2317",7.535923059217
"01087232200","2322",7.93102736691191
"01087232000","2320",7.6060024038856
"01087231500","2315",7.66774395325063
"01087231400","2314",7.62464158811874
"01087231800","2318",7.66441620802878
"01087231602","2316.02",7.61401325832772
"01087231601","2316.01",7.71348530891643
"01087231603","2316.03",7.70226636388393
"01087232100","2321",7.40226189762363
