"GEOID","NAME","Particulate.Matter"
"46093020500","205",3.67127787623893
"46093020301","203.01",3.03043261608431
"46093020200","202",4.70461393470294
"46093020302","203.02",4.40253504266299
"46093020400","204",3.41417945363156
