"GEOID","NAMELSAD","Particulate.Matter"
"18117951400","Census Tract 9514",7.7023328774958
"18117951300","Census Tract 9513",7.87945967212717
"18117951800","Census Tract 9518",7.25328770108985
"18117951700","Census Tract 9517",7.2903805260547
"18117951600","Census Tract 9516",7.25121265153462
"18117951500","Census Tract 9515",7.53108880103506
