"GEOID","NAMELSAD","Particulate.Matter"
"47111970200","Census Tract 9702",6.9599006404931
"47111970400","Census Tract 9704",6.85982413709452
"47111970100","Census Tract 9701",7.2840534034268
"47111970300","Census Tract 9703",7.17165065880159
