"GEOID","NAME","Particulate.Matter"
"08055960600","9606",3.44559332866825
"08055960900","9609",2.76061720131826
