"GEOID","NAMELSAD","Particulate.Matter"
"09007","Middlesex County",6.29313258350314
"09011","New London County",5.97638479794313
"09009","New Haven County",7.13685835531722
"09013","Tolland County",5.64091199929725
"09003","Hartford County",6.83031961863938
"09015","Windham County",5.48506788441411
"09001","Fairfield County",7.28378200454576
"09005","Litchfield County",5.88937797134433
