"GEOID","NAMELSAD","Particulate.Matter"
"42105950300","Census Tract 9503",4.74528545390334
"42105950200","Census Tract 9502",5.06791396213453
"42105950100","Census Tract 9501",4.98518204100854
"42105950400","Census Tract 9504",5.04402686909129
"42105950500","Census Tract 9505",4.93688777017538
