"GEOID","NAMELSAD","Particulate.Matter"
"18107957100","Census Tract 9571",7.57774544368994
"18107957500","Census Tract 9575",7.18154255800716
"18107956900","Census Tract 9569",7.14621525308252
"18107956700","Census Tract 9567",7.32287118508447
"18107956800","Census Tract 9568",7.26687448873891
"18107957300","Census Tract 9573",7.32926638259927
"18107957400","Census Tract 9574",7.24134913490554
"18107957200","Census Tract 9572",7.73366916481182
"18107957000","Census Tract 9570",7.84375207500191
