"GEOID","NAMELSAD","Particulate.Matter"
"46071961100","Census Tract 9611",3.87567456615709
"46071941200","Census Tract 9412",3.74247479589377
