"GEOID","NAMELSAD","Particulate.Matter"
"29007950400","Census Tract 9504",6.27584549328844
"29007950300","Census Tract 9503",6.47614313197354
"29007950700","Census Tract 9507",6.38621058982898
"29007950200","Census Tract 9502",6.30122608913082
"29007950100","Census Tract 9501",6.53629783262963
"29007950600","Census Tract 9506",6.54222799934793
"29007950500","Census Tract 9505",6.46368776241815
