"GEOID","NAMELSAD","Particulate.Matter"
"38003968300","Census Tract 9683",4.80027887621149
"38003968000","Census Tract 9680",4.34865490615036
"38003968200","Census Tract 9682",4.79954338079099
"38003967900","Census Tract 9679",4.53651046392273
