"GEOID","NAMELSAD","Particulate.Matter"
"31003979800","Census Tract 9798",4.71002576537333
"31003979700","Census Tract 9797",5.09649560280337
"31003979600","Census Tract 9796",4.79712538193012
