"GEOID","NAMELSAD","Particulate.Matter"
"13267950400","Census Tract 9504",6.37919647682639
"13267950100","Census Tract 9501",6.23573093035249
"13267950300","Census Tract 9503",6.23209962120915
"13267950202","Census Tract 9502.02",6.43922521833203
"13267950201","Census Tract 9502.01",6.22817020292495
