"GEOID","NAMELSAD","Particulate.Matter"
"51685920100","Census Tract 9201",7.67208151203018
"51685920200","Census Tract 9202",7.2461043519075
