"GEOID","NAMELSAD","Particulate.Matter"
"29001950100","Census Tract 9501",6.10162016385399
"29001950300","Census Tract 9503",6.17557538153586
"29001950400","Census Tract 9504",6.20607863545522
"29001950500","Census Tract 9505",6.14203213300008
"29001951000","Census Tract 9510",7.39126242479755
"29001950200","Census Tract 9502",5.98855215952413
"29001950900","Census Tract 9509",7.49937602725385
