"GEOID","NAMELSAD","Particulate.Matter"
"26133970400","Census Tract 9704",4.68827418633489
"26133970200","Census Tract 9702",4.62968412527639
"26133970300","Census Tract 9703",4.54625118219071
"26133970500","Census Tract 9705",4.84936106135885
"26133970600","Census Tract 9706",4.86975767880626
"26133970100","Census Tract 9701",4.74443600736836
