"GEOID","NAMELSAD","Particulate.Matter"
"19093090200","Census Tract 902",5.74746537268652
"19093090300","Census Tract 903",5.67139036738667
"19093090100","Census Tract 901",5.9609028275372
