"GEOID","NAMELSAD","Particulate.Matter"
"22111960600","Census Tract 9606",8.01690523884592
"22111960400","Census Tract 9604",8.05184666334015
"22111960500","Census Tract 9605",8.22840669257386
"22111960300","Census Tract 9603",7.71239357265932
"22111960200","Census Tract 9602",7.34983200253069
"22111960100","Census Tract 9601",7.82678608238346
