"GEOID","NAMELSAD","Particulate.Matter"
"51035080602","Census Tract 806.02",5.53222731565047
"51035080601","Census Tract 806.01",4.69627553566507
"51035080500","Census Tract 805",4.53517908302729
"51035080100","Census Tract 801",4.84969660810471
"51035080200","Census Tract 802",4.5691323500521
"51035080300","Census Tract 803",4.77686467549452
"51035080400","Census Tract 804",4.32934372220797
