"GEOID","NAMELSAD","Particulate.Matter"
"13167960200","Census Tract 9602",6.26995201813336
"13167960100","Census Tract 9601",6.08697509052488
"13167960300","Census Tract 9603",6.25333335914003
