"GEOID","NAMELSAD","Particulate.Matter"
"21043960200","Census Tract 9602",5.861896095213
"21043960100","Census Tract 9601",5.845104029041
"21043960600","Census Tract 9606",6.40377928148628
"21043960400","Census Tract 9604",5.83667989582058
"21043960300","Census Tract 9603",5.99875538966129
"21043960700","Census Tract 9607",6.16819880333641
"21043960500","Census Tract 9605",6.20120075669839
