"GEOID","NAMELSAD","Particulate.Matter"
"36097950100","Census Tract 9501",5.45452308189685
"36097950300","Census Tract 9503",5.30600688536954
"36097950200","Census Tract 9502",5.61893469368265
"36097950500","Census Tract 9505",5.2623527861315
"36097950400","Census Tract 9504",5.57202643573205
