"GEOID","NAMELSAD","Particulate.Matter"
"37143920100","Census Tract 9201",5.53885264090179
"37143920202","Census Tract 9202.02",5.40310898543177
"37143920201","Census Tract 9202.01",5.6451028405758
