"GEOID","NAMELSAD","Particulate.Matter"
"37121950200","Census Tract 9502",4.36194451625084
"37121950100","Census Tract 9501",4.31568662139254
"37121950400","Census Tract 9504",4.52166962507591
"37121950300","Census Tract 9503",4.55724866546332
