"GEOID","NAMELSAD","Particulate.Matter"
"08065961900","Census Tract 9619",2.93763522552154
"08065961700","Census Tract 9617",3.83972902522252
