"GEOID","NAMELSAD","Particulate.Matter"
"12029970102","Census Tract 9701.02",6.26680386021069
"12029970200","Census Tract 9702",6.23878111255964
"12029970101","Census Tract 9701.01",6.28799365002475
