"GEOID","NAMELSAD","Particulate.Matter"
"29057480100","Census Tract 4801",6.38196684565932
"29057480200","Census Tract 4802",6.52806063106706
