"GEOID","NAMELSAD","Particulate.Matter"
"48279950100","Census Tract 9501",4.32691383209174
"48279950500","Census Tract 9505",4.18492737836872
"48279950200","Census Tract 9502",4.28316071570831
"48279950600","Census Tract 9506",4.11564941798505
"48279950300","Census Tract 9503",4.09621326682072
