"GEOID","NAMELSAD","Particulate.Matter"
"13029920303","Census Tract 9203.03",7.00879664501048
"13029920306","Census Tract 9203.06",6.85994456820139
"13029980000","Census Tract 9800",6.52856427406642
"13029920101","Census Tract 9201.01",6.31547254685527
"13029920102","Census Tract 9201.02",6.22213060855688
"13029920301","Census Tract 9203.01",6.9261926022073
"13029920305","Census Tract 9203.05",7.05922182061169
