"GEOID","NAMELSAD","Particulate.Matter"
"49041975100","Census Tract 9751",3.39899191329234
"49041975400","Census Tract 9754",5.99325523526611
"49041975300","Census Tract 9753",3.74049891585807
"49041975500","Census Tract 9755",3.64049210312203
"49041975200","Census Tract 9752",3.12619284011863
