"GEOID","NAMELSAD","Particulate.Matter"
"13161960100","Census Tract 9601",6.50140341526958
"13161960300","Census Tract 9603",6.47702253399905
"13161960200","Census Tract 9602",6.50085773214816
