"GEOID","NAMELSAD","Particulate.Matter"
"54047954501","Census Tract 9545.01",4.87139906856119
"54047954503","Census Tract 9545.03",5.04257373457903
"54047954504","Census Tract 9545.04",5.21192806873037
"54047953600","Census Tract 9536",4.61081413692808
"54047954000","Census Tract 9540",5.23275797163912
"54047954200","Census Tract 9542",4.94440763061175
"54047953900","Census Tract 9539",5.65085564485352
"54047953800","Census Tract 9538",5.48177237036409
