"GEOID","NAMELSAD","Particulate.Matter"
"29127960900","Census Tract 9609",7.18806006425657
"29127960400","Census Tract 9604",6.91889342236699
"29127960100","Census Tract 9601",6.50059405884414
"29127960200","Census Tract 9602",6.31822597165865
"29127960500","Census Tract 9605",8.74387181850452
"29127960300","Census Tract 9603",6.42569102296606
"29127960600","Census Tract 9606",7.91894163930503
"29127960800","Census Tract 9608",7.05033899376924
