"GEOID","NAMELSAD","Particulate.Matter"
"21171930100","Census Tract 9301",6.60158862109294
"21171930300","Census Tract 9303",6.77868087530186
"21171930200","Census Tract 9302",6.96827103387851
"21171930400","Census Tract 9304",6.60370932123464
