"GEOID","NAMELSAD","Particulate.Matter"
"48013960402","Census Tract 9604.02",6.91752650015782
"48013960202","Census Tract 9602.02",6.49950644151141
"48013960401","Census Tract 9604.01",6.3635042802292
"48013960100","Census Tract 9601",6.97731726917624
"48013960500","Census Tract 9605",6.32832113668737
"48013960201","Census Tract 9602.01",6.47555768985805
"48013960300","Census Tract 9603",6.60286762135598
"48013960600","Census Tract 9606",6.82713390392115
