"GEOID","NAMELSAD","Particulate.Matter"
"27045960100","Census Tract 9601",6.08868947458793
"27045960600","Census Tract 9606",5.99819644319621
"27045960500","Census Tract 9605",5.53391662309518
"27045960300","Census Tract 9603",5.6167304802031
"27045960200","Census Tract 9602",5.85694851135381
"27045960400","Census Tract 9604",5.76806369099379
