"GEOID","NAMELSAD","Particulate.Matter"
"19141490100","Census Tract 4901",5.92560174889211
"19141490200","Census Tract 4902",6.14186687122699
"19141490400","Census Tract 4904",6.10251382786405
"19141490300","Census Tract 4903",6.16914394517081
