"GEOID","NAMELSAD","Particulate.Matter"
"13101880100","Census Tract 8801",6.16748413196537
"13101880200","Census Tract 8802",6.37498462042408
