"GEOID","NAMELSAD","Particulate.Matter"
"13315960200","Census Tract 9602",6.78481293506571
"13315960400","Census Tract 9604",6.74085169182485
"13315960300","Census Tract 9603",6.7275128632768
"13315960100","Census Tract 9601",6.6270749026629
