"GEOID","NAMELSAD","Particulate.Matter"
"48145000800","Census Tract 8",6.25030492669676
"48145000400","Census Tract 4",6.25716241108715
"48145000700","Census Tract 7",6.139824079067
"48145000200","Census Tract 2",6.30514246997466
"48145000500","Census Tract 5",6.18494607088332
"48145000300","Census Tract 3",6.28383305616665
