"GEOID","NAMELSAD","Particulate.Matter"
"05005950400","Census Tract 9504",6.42651753584994
"05005950900","Census Tract 9509",6.29416835205561
"05005950800","Census Tract 9508",6.0430572420105
"05005950500","Census Tract 9505",5.85962250954047
"05005950100","Census Tract 9501",6.44743305922029
"05005950600","Census Tract 9506",6.16819639727404
"05005950200","Census Tract 9502",6.58280135697823
"05005950700","Census Tract 9507",6.22737933154302
"05005950300","Census Tract 9503",6.52144796813816
