"GEOID","NAMELSAD","Particulate.Matter"
"21213970200","Census Tract 9702",7.7691800736685
"21213970300","Census Tract 9703",7.64018220476613
"21213970400","Census Tract 9704",7.83724139074176
"21213970100","Census Tract 9701",7.62286227420642
