"GEOID","NAMELSAD","Particulate.Matter"
"05089960300","Census Tract 9603",6.05535855645135
"05089960100","Census Tract 9601",5.88856772354061
"05089960202","Census Tract 9602.02",6.38565663630282
"05089960201","Census Tract 9602.01",5.9612124083709
