"GEOID","NAMELSAD","Particulate.Matter"
"48323950201","Census Tract 9502.01",7.41671231280754
"48323950500","Census Tract 9505",8.97094871513707
"48323950400","Census Tract 9504",9.81363295131742
"48323950602","Census Tract 9506.02",9.83736318067003
"48323950300","Census Tract 9503",9.15436616239553
"48323950601","Census Tract 9506.01",9.89999961853028
"48323950205","Census Tract 9502.05",8.53932317156032
"48323950700","Census Tract 9507",7.16704128955916
"48323950204","Census Tract 9502.04",8.89949439737714
