"GEOID","NAMELSAD","Particulate.Matter"
"48107950100","Census Tract 9501",4.07661489786026
"48107950300","Census Tract 9503",4.05581100229053
"48107950200","Census Tract 9502",4.01397930214698
