"GEOID","NAMELSAD","Particulate.Matter"
"30043962300","Census Tract 9623",3.62225141982622
"30043962201","Census Tract 9622.01",4.16606177582834
"30043962202","Census Tract 9622.02",2.50323908086128
