"GEOID","NAMELSAD","Particulate.Matter"
"28139950100","Census Tract 9501",7.01873849649652
"28139950200","Census Tract 9502",7.04132435288493
"28139950300","Census Tract 9503",7.38647314220589
"28139950400","Census Tract 9504",6.92296672476839
