"GEOID","NAMELSAD","Particulate.Matter"
"13279970300","Census Tract 9703",6.3295938233343
"13279970100","Census Tract 9701",6.21669081043745
"13279970600","Census Tract 9706",6.44120694182346
"13279970200","Census Tract 9702",6.25060178073423
"13279970400","Census Tract 9704",6.43149636969897
"13279970500","Census Tract 9705",6.33143443421293
