"GEOID","NAMELSAD","Particulate.Matter"
"17193958400","Census Tract 9584",8.40758221382919
"17193958300","Census Tract 9583",8.6881333586152
"17193958200","Census Tract 9582",8.54410775491028
"17193958000","Census Tract 9580",8.90357454833468
"17193958100","Census Tract 9581",8.79893904562743
