"GEOID","NAMELSAD","Particulate.Matter"
"45017950100","Census Tract 9501",6.00905500068095
"45017950200","Census Tract 9502",6.05641262930677
"45017950400","Census Tract 9504",6.20748810744304
