"GEOID","NAMELSAD","Particulate.Matter"
"47083120200","Census Tract 1202",7.16187866703414
"47083120100","Census Tract 1201",7.2160783881523
"47083120300","Census Tract 1203",7.23615704810857
