"GEOID","NAMELSAD","Particulate.Matter"
"22069000500","Census Tract 5",8.51554468244125
"22069000100","Census Tract 1",8.17492234408922
"22069000900","Census Tract 9",8.42317623732913
"22069000600","Census Tract 6",8.31523614690898
"22069000200","Census Tract 2",8.1913147509632
"22069000800","Census Tract 8",8.30409505379204
"22069000300","Census Tract 3",8.09227665111435
"22069000400","Census Tract 4",8.08879868574324
"22069000700","Census Tract 7",9.51728586180278
