"GEOID","NAMELSAD","Particulate.Matter"
"17131040100","Census Tract 401",7.29075580027729
"17131040300","Census Tract 403",7.40482742468497
"17131040200","Census Tract 402",7.30369843425181
"17131040400","Census Tract 404",7.13085449615575
