"GEOID","NAMELSAD","Particulate.Matter"
"12037970302","Census Tract 9703.02",6.4602427817734
"12037970304","Census Tract 9703.04",6.20735159554773
"12037970200","Census Tract 9702",6.49599232544923
"12037970100","Census Tract 9701",6.41548064589004
