"GEOID","NAMELSAD","Particulate.Matter"
"28125950200","Census Tract 9502",7.06548167812381
"28125950100","Census Tract 9501",7.29214176583316
