"GEOID","NAMELSAD","Particulate.Matter"
"29129470100","Census Tract 4701",5.73292135644391
"29129470200","Census Tract 4702",5.88646821393903
