"GEOID","NAMELSAD","Particulate.Matter"
"21077960101","Census Tract 9601.01",7.15098379426675
"21077960102","Census Tract 9601.02",7.40269720335037
