"GEOID","NAMELSAD","Particulate.Matter"
"21069920400","Census Tract 9204",6.36390610549842
"21069920200","Census Tract 9202",6.01273886407425
"21069920300","Census Tract 9203",6.31702915186741
"21069920100","Census Tract 9201",6.26269865067622
