"GEOID","NAMELSAD","Particulate.Matter"
"48193950100","Census Tract 9501",5.87307906093118
"48193950300","Census Tract 9503",5.61678640750774
"48193950200","Census Tract 9502",5.46189655571129
