"GEOID","NAMELSAD","Particulate.Matter"
"16047960200","Census Tract 9602",5.48905444116427
"16047960100","Census Tract 9601",4.56386763965383
