"GEOID","NAMELSAD","Particulate.Matter"
"19051080100","Census Tract 801",6.43903636636147
"19051080200","Census Tract 802",6.2706707637677
