"GEOID","NAMELSAD","Particulate.Matter"
"22121020402","Census Tract 204.02",8.7381985215111
"22121020401","Census Tract 204.01",8.92665976566358
"22121020300","Census Tract 203",8.82757385424858
"22121020100","Census Tract 201",10.0798407007997
"22121020200","Census Tract 202",9.03492871214826
