"GEOID","NAMELSAD","Particulate.Matter"
"01107050400","Census Tract 504",7.0593091829235
"01107050000","Census Tract 500",6.92468972451599
"01107050300","Census Tract 503",6.91389150611823
"01107050100","Census Tract 501",6.79314252825776
"01107050200","Census Tract 502",6.84121852581254
