"GEOID","NAMELSAD","Particulate.Matter"
"51141030200","Census Tract 302",5.34279638639801
"51141030100","Census Tract 301",5.35870153860426
"51141030301","Census Tract 303.01",6.13222101212684
"51141030302","Census Tract 303.02",6.0840185150332
