"GEOID","NAMELSAD","Particulate.Matter"
"55029100500","Census Tract 1005",4.73714545988993
"55029100900","Census Tract 1009",4.95211495554014
"55029101000","Census Tract 1010",5.24033277273601
"55029100700","Census Tract 1007",5.12143462785113
"55029100300","Census Tract 1003",4.50094435519952
"55029100400","Census Tract 1004",4.58450137194267
"55029100600","Census Tract 1006",5.20109668404775
"55029100800","Census Tract 1008",5.10791023964907
"55029100100","Census Tract 1001",4.32149340248273
