"GEOID","NAMELSAD","Particulate.Matter"
"54005958800","Census Tract 9588",5.47180096144513
"54005958700","Census Tract 9587",4.85347731479249
"54005958400","Census Tract 9584",5.53596078041244
"54005958600","Census Tract 9586",5.3363471256035
"54005958200","Census Tract 9582",5.73274949150477
"54005958300","Census Tract 9583",5.50847714371267
"54005958502","Census Tract 9585.02",5.43889120006012
"54005958501","Census Tract 9585.01",5.40309739935731
