"GEOID","NAMELSAD","Particulate.Matter"
"21215080103","Census Tract 801.03",7.82794642170916
"21215080200","Census Tract 802",7.48686768494682
"21215080102","Census Tract 801.02",7.59529043687236
"21215080101","Census Tract 801.01",7.30485924785056
