"GEOID","NAMELSAD","Particulate.Matter"
"28043950200","Census Tract 9502",7.21856089342605
"28043950500","Census Tract 9505",7.69974921725381
"28043950300","Census Tract 9503",8.1850427620881
"28043950100","Census Tract 9501",7.10986565936066
"28043950400","Census Tract 9504",8.54615953828501
