"GEOID","NAMELSAD","Particulate.Matter"
"21003920600","Census Tract 9206",6.99475155912021
"21003920400","Census Tract 9204",7.06718026694561
"21003920200","Census Tract 9202",7.38293799300639
"21003920500","Census Tract 9205",6.8970913837143
"21003920100","Census Tract 9201",7.43712172605334
"21003920300","Census Tract 9203",7.27771174481132
