"GEOID","NAMELSAD","Particulate.Matter"
"22085000300","Census Tract 3",7.96902477655778
"22085000100","Census Tract 1",8.052930439102
"22085000500","Census Tract 5",7.84644003331773
"22085000400","Census Tract 4",8.01432467953543
"22085000600","Census Tract 6",8.23735804796789
"22085000200","Census Tract 2",7.88268417735659
"22085000700","Census Tract 7",8.05494180407221
