"GEOID","NAMELSAD","Particulate.Matter"
"29089960200","Census Tract 9602",6.36241163653239
"29089960300","Census Tract 9603",6.46603154051593
"29089960100","Census Tract 9601",6.27298842103406
