"GEOID","NAMELSAD","Particulate.Matter"
"29117480500","Census Tract 4805",7.35258192442908
"29117480300","Census Tract 4803",6.55353530551719
"29117480100","Census Tract 4801",5.97854991029825
"29117480200","Census Tract 4802",6.15148588274839
"29117480400","Census Tract 4804",6.91282330447813
