"GEOID","NAMELSAD","Particulate.Matter"
"13079070100","Census Tract 701",6.82771107552453
"13079070202","Census Tract 702.02",6.6929310988757
"13079070201","Census Tract 702.01",6.81383195178126
