"GEOID","NAMELSAD","Particulate.Matter"
"47171080200","Census Tract 802",5.38440146554398
"47171080300","Census Tract 803",4.91546628829315
"47171080100","Census Tract 801",4.64813841585143
"47171080400","Census Tract 804",6.16027972467883
