"GEOID","NAMELSAD","Particulate.Matter"
"26097950500","Census Tract 9505",4.44628142129823
"26097950100","Census Tract 9501",4.46458137102837
"26097950200","Census Tract 9502",4.16301574785736
"26097950400","Census Tract 9504",4.28205593014681
"26097950300","Census Tract 9503",4.03060240542678
