"GEOID","NAMELSAD","Particulate.Matter"
"48501950200","Census Tract 9502",3.79375205875884
"48501950100","Census Tract 9501",3.64518556239956
