"GEOID","NAMELSAD","Particulate.Matter"
"38041964800","Census Tract 9648",3.72023141421271
"38041964700","Census Tract 9647",3.61970842681653
