"GEOID","NAMELSAD","Particulate.Matter"
"01035960400","Census Tract 9604",6.72048140420234
"01035960600","Census Tract 9606",6.99173568688443
"01035960300","Census Tract 9603",6.63020236137004
"01035960500","Census Tract 9605",6.7062522587735
"01035960200","Census Tract 9602",6.55728439566482
