"GEOID","NAMELSAD","Particulate.Matter"
"24019970100","Census Tract 9701",6.68184822174059
"24019970300","Census Tract 9703",6.69046723741941
"24019970500","Census Tract 9705",6.72044062903965
"24019970200","Census Tract 9702",6.54055643296848
"24019970900","Census Tract 9709",6.51686915463005
"24019970600","Census Tract 9706",6.48151190537837
"24019970400","Census Tract 9704",7.06269967500093
"24019970702","Census Tract 9707.02",6.34238143095118
"24019970804","Census Tract 9708.04",6.3150951866929
