"GEOID","NAMELSAD","Particulate.Matter"
"31159960300","Census Tract 9603",5.8775414462168
"31159960400","Census Tract 9604",5.73110833312688
"31159960100","Census Tract 9601",5.57788032554814
"31159960200","Census Tract 9602",5.73081608426964
