"GEOID","NAMELSAD","Particulate.Matter"
"47079969500","Census Tract 9695",7.84447519869189
"47079969000","Census Tract 9690",7.37744479179607
"47079969400","Census Tract 9694",8.10876906437164
"47079969800","Census Tract 9698",7.64483725331867
"47079969200","Census Tract 9692",7.66661504882675
"47079969700","Census Tract 9697",7.63798058434761
"47079969100","Census Tract 9691",7.34236058365371
"47079969300","Census Tract 9693",7.71416898826638
"47079969600","Census Tract 9696",7.58357924225388
