"GEOID","NAMELSAD","Particulate.Matter"
"56019955200","Census Tract 9552",4.07676702668772
"56019955100","Census Tract 9551",3.19620400851819
