"GEOID","NAMELSAD","Particulate.Matter"
"48035950500","Census Tract 9505",6.75641106500937
"48035950100","Census Tract 9501",6.42294849124923
"48035950400","Census Tract 9504",6.21435062192598
"48035950300","Census Tract 9503",6.28169508576428
"48035950700","Census Tract 9507",6.12897174628749
"48035950600","Census Tract 9506",6.54443647785799
"48035950200","Census Tract 9502",6.3589428834415
