"GEOID","NAMELSAD","Particulate.Matter"
"48177000600","Census Tract 6",6.70262800076917
"48177000100","Census Tract 1",6.51577286449928
"48177000500","Census Tract 5",6.3495866569932
"48177000200","Census Tract 2",6.66525425979123
"48177000400","Census Tract 4",7.26244430672557
"48177000300","Census Tract 3",7.00094110725258
