"GEOID","NAMELSAD","Particulate.Matter"
"05003960100","Census Tract 9601",7.65374937591275
"05003960300","Census Tract 9603",7.88406730741802
"05003960700","Census Tract 9607",8.14060320312867
"05003960200","Census Tract 9602",7.75890754916164
"05003960500","Census Tract 9605",7.85287941365103
"05003960600","Census Tract 9606",8.12229835643152
"05003960400","Census Tract 9604",7.79116231539303
