"GEOID","NAMELSAD","Particulate.Matter"
"48357950300","Census Tract 9503",4.85482928313006
"48357950400","Census Tract 9504",5.23952483609421
"48357950100","Census Tract 9501",5.07230950664156
