"GEOID","NAMELSAD","Particulate.Matter"
"40039950800","Census Tract 9508",5.62590168915206
"40039960700","Census Tract 9607",5.87342454172983
"40039960600","Census Tract 9606",5.59801657180422
"40039960400","Census Tract 9604",5.30192716415501
"40039961000","Census Tract 9610",5.19465139647459
