"GEOID","NAMELSAD","Particulate.Matter"
"51057950600","Census Tract 9506",5.9176958703241
"51057950800","Census Tract 9508",5.90740202300151
"51057950700","Census Tract 9507",6.14257604339053
