"GEOID","NAMELSAD","Particulate.Matter"
"30105100100","Census Tract 1001",4.31185831723875
"30105940600","Census Tract 9406",4.29382673968826
"30105100500","Census Tract 1005",5.02874841481126
