"GEOID","NAMELSAD","Particulate.Matter"
"48317950100","Census Tract 9501",4.88945797376429
"48317950200","Census Tract 9502",5.12440579233666
