"GEOID","NAMELSAD","Particulate.Matter"
"23027046002","Census Tract 460.02",3.94609780174072
"23027046001","Census Tract 460.01",3.41709068178408
"23027043000","Census Tract 430",3.84230761557464
"23027044000","Census Tract 440",3.46188384440301
"23027045000","Census Tract 450",3.42031716657649
"23027041000","Census Tract 410",4.11797282338324
"23027042000","Census Tract 420",4.01399140790015
"23027047000","Census Tract 470",3.57234020301405
