"GEOID","NAMELSAD","Particulate.Matter"
"55041950200","Census Tract 9502",4.26351944076795
"55041950100","Census Tract 9501",4.25607029934032
"55041950400","Census Tract 9504",4.40849097218897
"55041950300","Census Tract 9503",4.28234805132469
