"GEOID","NAMELSAD","Particulate.Matter"
"39075976302","Census Tract 9763.02",6.30134998782114
"39075976301","Census Tract 9763.01",6.24474265220782
"39075976802","Census Tract 9768.02",6.26074675500767
"39075976801","Census Tract 9768.01",6.25506070273151
"39075976500","Census Tract 9765",6.14385106108935
"39075976400","Census Tract 9764",6.23611117704556
"39075976700","Census Tract 9767",6.30880124872825
"39075976600","Census Tract 9766",6.30010817516277
