"GEOID","NAMELSAD","Particulate.Matter"
"01085781000","Census Tract 7810",7.42747034803519
"01085781100","Census Tract 7811",7.03763736765372
"01085780800","Census Tract 7808",7.38454880213504
"01085781200","Census Tract 7812",6.99713421972289
