"GEOID","NAMELSAD","Particulate.Matter"
"19035080400","Census Tract 804",6.07002176574841
"19035080200","Census Tract 802",6.10233065011694
"19035080100","Census Tract 801",6.33285294711981
"19035080300","Census Tract 803",6.25099567819717
