"GEOID","NAMELSAD","Particulate.Matter"
"40139950900","Census Tract 9509",5.44357923122661
"40139950700","Census Tract 9507",5.29782381322156
"40139951000","Census Tract 9510",4.96578837096238
"40139950800","Census Tract 9508",5.73547733659674
"40139950600","Census Tract 9506",5.02352564091363
