"GEOID","NAMELSAD","Particulate.Matter"
"27075370400","Census Tract 3704",4.74249634965696
"27075370300","Census Tract 3703",4.01925130559164
"27075370100","Census Tract 3701",3.6486908133308
