"GEOID","NAMELSAD","Particulate.Matter"
"56045951100","Census Tract 9511",3.45719380102954
"56045951300","Census Tract 9513",3.98933566678329
