"GEOID","NAMELSAD","Particulate.Matter"
"20197483200","Census Tract 4832",5.2729245596594
"20197483100","Census Tract 4831",5.39538132333969
