"GEOID","NAMELSAD","Particulate.Matter"
"13221960100","Census Tract 9601",6.27042317516993
"13221960300","Census Tract 9603",6.48833396336121
"13221960202","Census Tract 9602.02",6.39067194742436
"13221960201","Census Tract 9602.01",6.41551259950035
