"GEOID","NAMELSAD","Particulate.Matter"
"19173180300","Census Tract 1803",6.29068813413101
"19173180200","Census Tract 1802",6.13964725482253
"19173180100","Census Tract 1801",6.28107294010177
