"GEOID","NAMELSAD","Particulate.Matter"
"01061050300","Census Tract 503",7.04015549177161
"01061050100","Census Tract 501",6.91407361715446
"01061050600","Census Tract 506",6.95012864452181
"01061050400","Census Tract 504",7.00139354009941
"01061050500","Census Tract 505",7.01138325209923
"01061050200","Census Tract 502",7.0649711383043
