"GEOID","NAMELSAD","Particulate.Matter"
"05009790502","Census Tract 7905.02",6.2018426488895
"05009790501","Census Tract 7905.01",6.2458868578944
"05009790300","Census Tract 7903",6.11453949840992
"05009790200","Census Tract 7902",5.91195469813065
"05009790400","Census Tract 7904",5.61034381208024
"05009790100","Census Tract 7901",5.8519522088216
"05009790600","Census Tract 7906",6.43431085846778
