"GEOID","NAMELSAD","Particulate.Matter"
"38011965200","Census Tract 9652",3.52745858462373
"38011965300","Census Tract 9653",3.50183440654154
