"GEOID","NAMELSAD","Particulate.Matter"
"19115450300","Census Tract 4503",7.12223991491023
"19115450200","Census Tract 4502",7.05018187243596
"19115450100","Census Tract 4501",7.25644895956964
