"GEOID","NAMELSAD","Particulate.Matter"
"36123150400","Census Tract 1504",5.81708707396888
"36123150300","Census Tract 1503",5.50665980822149
"36123150500","Census Tract 1505",5.88482951314059
"36123150200","Census Tract 1502",6.03155047605209
"36123150100","Census Tract 1501",6.09691927704617
