"GEOID","NAMELSAD","Particulate.Matter"
"27039950400","Census Tract 9504",5.82179432706852
"27039950500","Census Tract 9505",5.813437675162
"27039950200","Census Tract 9502",5.84765382858553
"27039950300","Census Tract 9503",5.70509237584194
"27039950100","Census Tract 9501",5.75628854930929
