"GEOID","NAMELSAD","Particulate.Matter"
"31093970500","Census Tract 9705",5.13511969130292
"31093970600","Census Tract 9706",5.11793701394646
