"GEOID","NAMELSAD","Particulate.Matter"
"23023970600","Census Tract 9706",4.41681931542144
"23023970200","Census Tract 9702",4.02364260606848
"23023970700","Census Tract 9707",4.15234565413606
"23023970302","Census Tract 9703.02",4.34482574984469
"23023970500","Census Tract 9705",4.45495702877336
"23023970400","Census Tract 9704",4.12440581655647
"23023970301","Census Tract 9703.01",4.18186527846406
"23023970100","Census Tract 9701",3.99192024903261
