"GEOID","NAMELSAD","Particulate.Matter"
"54045956800","Census Tract 9568",5.37869371088056
"54045956500","Census Tract 9565",4.96284140361737
"54045956600","Census Tract 9566",5.28684561198918
"54045956200","Census Tract 9562",5.75036324312436
"54045956101","Census Tract 9561.01",5.76519783014232
"54045956900","Census Tract 9569",5.67865361301243
"54045956400","Census Tract 9564",5.49343628466172
"54045956700","Census Tract 9567",5.39230413266832
"54045956102","Census Tract 9561.02",5.74742802085811
