"GEOID","NAMELSAD","Particulate.Matter"
"35029000600","Census Tract 6",6.2237277465392
"35029000100","Census Tract 1",4.9276084233581
"35029000200","Census Tract 2",4.58676436601515
"35029000500","Census Tract 5",3.90927914035919
"35029000300","Census Tract 3",6.83725244033127
"35029000400","Census Tract 4",4.58683529568554
