"GEOID","NAMELSAD","Particulate.Matter"
"39175938200","Census Tract 9382",7.08239336203615
"39175938100","Census Tract 9381",7.25290669285045
"39175938000","Census Tract 9380",7.23737215594571
"39175938500","Census Tract 9385",7.1922027643712
"39175938400","Census Tract 9384",7.31445876195455
"39175938300","Census Tract 9383",7.20632716814914
