"GEOID","NAMELSAD","Particulate.Matter"
"51690000200","Census Tract 2",7.04346719431759
"51690000500","Census Tract 5",6.44085610072758
"51690000100","Census Tract 1",6.53033161569552
"51690000300","Census Tract 3",6.86708765172796
"51690000400","Census Tract 4",6.62189421867852
