"GEOID","NAMELSAD","Particulate.Matter"
"31179978600","Census Tract 9786",5.30583103903665
"31179978700","Census Tract 9787",5.68630870598745
