"GEOID","NAMELSAD","Particulate.Matter"
"35037958602","Census Tract 9586.02",3.98670756382343
"35037958601","Census Tract 9586.01",3.94251826310924
"35037958900","Census Tract 9589",3.57300933380045
