"GEOID","NAMELSAD","Particulate.Matter"
"20069962600","Census Tract 9626",4.72769950953446
"20069962700","Census Tract 9627",4.78387617567656
