"GEOID","NAMELSAD","Particulate.Matter"
"51043010300","Census Tract 103",5.87065201938066
"51043010200","Census Tract 102",6.15075444180341
"51043010100","Census Tract 101",6.40538328729449
