"GEOID","NAMELSAD","Particulate.Matter"
"30089000100","Census Tract 1",4.33530635087381
"30089000200","Census Tract 2",5.0177450047679
"30089940300","Census Tract 9403",6.00806636306841
