"GEOID","NAMELSAD","Particulate.Matter"
"51097950400","Census Tract 9504",5.78026714506725
"51097950500","Census Tract 9505",6.00034398699068
