"GEOID","NAMELSAD","Particulate.Matter"
"13147960200","Census Tract 9602",6.55100850429645
"13147960100","Census Tract 9601",6.61759390897746
"13147960400","Census Tract 9604",6.49525377799805
"13147960300","Census Tract 9603",6.40161640543529
"13147960500","Census Tract 9605",6.50532106148284
