"GEOID","NAMELSAD","Particulate.Matter"
"27117460100","Census Tract 4601",5.90066762201489
"27117460200","Census Tract 4602",6.33735298483309
"27117460500","Census Tract 4605",6.29960392513284
"27117460300","Census Tract 4603",6.24987250060785
"27117460400","Census Tract 4604",6.20136366120138
