"GEOID","NAMELSAD","Particulate.Matter"
"41063960100","Census Tract 9601",3.38351613057103
"41063960200","Census Tract 9602",2.8655781959721
"41063960300","Census Tract 9603",2.79415095316317
