"GEOID","NAMELSAD","Particulate.Matter"
"16041970200","Census Tract 9702",3.5889375697677
"16041970100","Census Tract 9701",4.32913588617675
