"GEOID","NAMELSAD","Particulate.Matter"
"50015953200","Census Tract 9532",4.24859808383242
"50015953500","Census Tract 9535",4.40381776621476
"50015953300","Census Tract 9533",4.51359700046998
"50015953000","Census Tract 9530",3.69015297059299
"50015953100","Census Tract 9531",4.05775710992127
"50015953400","Census Tract 9534",4.35701240188852
"50015953600","Census Tract 9536",3.68174865433004
