"GEOID","NAMELSAD","Particulate.Matter"
"46065978000","Census Tract 9780",4.29285704944227
"46065977700","Census Tract 9777",4.75345818022951
"46065977800","Census Tract 9778",4.69876571472941
"46065977900","Census Tract 9779",5.07156632424732
