"GEOID","NAMELSAD","Particulate.Matter"
"13235950300","Census Tract 9503",6.85000239042834
"13235950100","Census Tract 9501",6.71648362025387
"13235950200","Census Tract 9502",6.64346250232458
