"GEOID","NAMELSAD","Particulate.Matter"
"48255970400","Census Tract 9704",6.93002036691011
"48255970100","Census Tract 9701",6.93827924008509
"48255970300","Census Tract 9703",6.95498032448173
"48255970200","Census Tract 9702",7.02950958358702
