"GEOID","NAMELSAD","Particulate.Matter"
"29125880298","Census Tract 8802.98",5.87203857354303
"29125880100","Census Tract 8801",5.91030485415365
"29125880300","Census Tract 8803",5.94355705829679
