"GEOID","NAMELSAD","Particulate.Matter"
"16073950200","Census Tract 9502",3.81849254449815
"16073950101","Census Tract 9501.01",5.86308997275932
"16073950102","Census Tract 9501.02",5.92709853850919
