"GEOID","NAMELSAD","Particulate.Matter"
"27159480100","Census Tract 4801",4.97136417009817
"27159480300","Census Tract 4803",5.24568954479233
"27159480200","Census Tract 4802",5.06027010785373
