"GEOID","NAMELSAD","Particulate.Matter"
"35028000200","Census Tract 2",2.5703666982831
"35028000500","Census Tract 5",3.88563695326288
"35028000100","Census Tract 1",3.79604328200134
"35028000400","Census Tract 4",3.92310042373727
