"GEOID","NAMELSAD","Particulate.Matter"
"48343950300","Census Tract 9503",6.86143135648417
"48343950200","Census Tract 9502",6.8439023614868
"48343950100","Census Tract 9501",6.86751225874963
