"GEOID","NAMELSAD","Particulate.Matter"
"05081030200","Census Tract 302",7.089906125496
"05081030102","Census Tract 301.02",7.27601372233017
"05081030101","Census Tract 301.01",7.3440466779472
"05081030300","Census Tract 303",7.14802663414423
