"GEOID","NAMELSAD","Particulate.Matter"
"28069030100","Census Tract 301",7.00059988439724
"28069030200","Census Tract 302",6.72590051833095
