"GEOID","NAMELSAD","Particulate.Matter"
"13091960500","Census Tract 9605",6.31588436457481
"13091960600","Census Tract 9606",6.54472179745913
"13091960100","Census Tract 9601",6.43982632479537
"13091960400","Census Tract 9604",6.32863512518832
"13091960300","Census Tract 9603",6.46428434961281
"13091960200","Census Tract 9602",6.3478022186214
