"GEOID","NAMELSAD","Particulate.Matter"
"37073970300","Census Tract 9703",5.79306965016443
"37073970100","Census Tract 9701",5.66474398614256
"37073970200","Census Tract 9702",5.74871516085776
