"GEOID","NAMELSAD","Particulate.Matter"
"40149964900","Census Tract 9649",5.07641156047719
"40149965000","Census Tract 9650",5.24048921005927
"40149965100","Census Tract 9651",5.57479688714716
"40149965400","Census Tract 9654",5.62384333358644
