"GEOID","NAMELSAD","Particulate.Matter"
"19077950200","Census Tract 9502",5.68398643020717
"19077950300","Census Tract 9503",5.86169149583307
"19077950100","Census Tract 9501",6.01030425903127
