"GEOID","NAMELSAD","Particulate.Matter"
"22011960600","Census Tract 9606",8.64568426461167
"22011960300","Census Tract 9603",8.84549350636548
"22011960400","Census Tract 9604",9.00405945609257
"22011960700","Census Tract 9607",8.66092252875885
"22011960100","Census Tract 9601",8.69829132758503
"22011960200","Census Tract 9602",8.51231581456734
"22011960500","Census Tract 9605",8.8535824123098
