"GEOID","NAMELSAD","Particulate.Matter"
"21203950400","Census Tract 9504",5.99239535021159
"21203950300","Census Tract 9503",6.30176346205821
"21203950200","Census Tract 9502",6.28759175832596
"21203950100","Census Tract 9501",5.89671775870639
