"GEOID","NAMELSAD","Particulate.Matter"
"12041950204","Census Tract 9502.04",6.38672426692543
"12041950202","Census Tract 9502.02",6.54153467903761
"12041950201","Census Tract 9502.01",6.17468218960262
"12041950203","Census Tract 9502.03",6.21906481589818
"12041950100","Census Tract 9501",6.28333000563868
