"GEOID","NAMELSAD","Particulate.Matter"
"51145500102","Census Tract 5001.02",5.54088330994474
"51145500101","Census Tract 5001.01",5.76871854723531
"51145500400","Census Tract 5004",5.18051052617147
"51145500200","Census Tract 5002",5.4326106038695
"51145500300","Census Tract 5003",5.67064750754499
