"GEOID","NAMELSAD","Particulate.Matter"
"27115950700","Census Tract 9507",5.9962055050421
"27115950200","Census Tract 9502",5.28021327386264
"27115950500","Census Tract 9505",5.2912446367191
"27115950600","Census Tract 9506",5.66653786648271
"27115950400","Census Tract 9504",5.21414798174332
"27115950800","Census Tract 9508",5.79869845284068
"27115950100","Census Tract 9501",5.10456837993785
"27115950300","Census Tract 9503",5.16845972132375
