"GEOID","NAMELSAD","Particulate.Matter"
"26089970100","Census Tract 9701",4.59307992381186
"26089970300","Census Tract 9703",4.56674575790091
"26089970500","Census Tract 9705",4.64710683414758
"26089970400","Census Tract 9704",4.44909636320398
"26089970200","Census Tract 9702",4.9726052889498
"26089970600","Census Tract 9706",4.97056165402515
