"GEOID","NAMELSAD","Particulate.Matter"
"13065970200","Census Tract 9702",6.20988579433045
"13065970100","Census Tract 9701",6.27328991180431
