"GEOID","NAMELSAD","Particulate.Matter"
"16011950200","Census Tract 9502",3.34056937153591
"16011950600","Census Tract 9506",5.14722895540816
"16011950500","Census Tract 9505",5.39099208274487
"16011950400","Census Tract 9504",5.35880987508377
"16011950300","Census Tract 9503",4.19652586863227
"16011950700","Census Tract 9507",5.17958946768997
"16011940000","Census Tract 9400",4.3445882405244
"16011950100","Census Tract 9501",5.0428221820673
