"GEOID","NAMELSAD","Particulate.Matter"
"18147952800","Census Tract 9528",8.54568503819274
"18147952900","Census Tract 9529",8.59195063264942
"18147953100","Census Tract 9531",8.44873878472681
"18147953000","Census Tract 9530",8.55236097693006
"18147952700","Census Tract 9527",8.16982215133984
