"GEOID","NAMELSAD","Particulate.Matter"
"49001100200","Census Tract 1002",3.87199888550489
"49001100100","Census Tract 1001",3.27688879041139
