"GEOID","NAMELSAD","Particulate.Matter"
"17129010300","Census Tract 103",6.90097989586995
"17129010200","Census Tract 102",6.90261953199846
"17129010100","Census Tract 101",6.9595859277381
