"GEOID","NAMELSAD","Particulate.Matter"
"27173970100","Census Tract 9701",6.09287987135654
"27173970400","Census Tract 9704",6.13458810114763
"27173970300","Census Tract 9703",6.06226588612607
"27173970200","Census Tract 9702",5.65054477493408
