"GEOID","NAMELSAD","Particulate.Matter"
"55078940102","Census Tract 9401.02",5.08406558401983
"55078940101","Census Tract 9401.01",5.35445597675997
