"GEOID","NAMELSAD","Particulate.Matter"
"08089968600","Census Tract 9686",6.10560770484827
"08089968300","Census Tract 9683",4.94327522244092
"08089968400","Census Tract 9684",4.7246153533818
"08089968000","Census Tract 9680",4.77028269246635
"08089968500","Census Tract 9685",4.88461159279808
"08089968200","Census Tract 9682",4.84330850729441
"08089968100","Census Tract 9681",4.95389869509014
