"GEOID","NAMELSAD","Particulate.Matter"
"28015950200","Census Tract 9502",6.91413953313299
"28015950100","Census Tract 9501",7.08019183630548
