"GEOID","NAMELSAD","Particulate.Matter"
"01007010003","Census Tract 100.03",7.47361852715602
"01007010004","Census Tract 100.04",7.24292021430349
"01007010001","Census Tract 100.01",7.5142291180921
"01007010002","Census Tract 100.02",7.93937891189872
