"GEOID","NAMELSAD","Particulate.Matter"
"18027954300","Census Tract 9543",7.65387311387673
"18027954700","Census Tract 9547",8.11852446529538
"18027954500","Census Tract 9545",7.78499221002978
"18027954400","Census Tract 9544",7.63541934184322
"18027954900","Census Tract 9549",8.24787453118211
"18027954600","Census Tract 9546",7.96140892867477
"18027954800","Census Tract 9548",8.68127341254038
