"GEOID","NAMELSAD","Particulate.Matter"
"29085470300","Census Tract 4703",5.9194179018941
"29085470500","Census Tract 4705",5.72375268196889
"29085470100","Census Tract 4701",5.7213613620595
