"GEOID","NAMELSAD","Particulate.Matter"
"18051050502","Census Tract 505.02",8.61919862237424
"18051050200","Census Tract 502",8.80107179005611
"18051050100","Census Tract 501",8.69860678690281
"18051050501","Census Tract 505.01",8.56110573319089
"18051050300","Census Tract 503",8.78679372936475
"18051050401","Census Tract 504.01",8.58237669458392
"18051050402","Census Tract 504.02",8.67422083263745
