"GEOID","NAMELSAD","Particulate.Matter"
"51036600200","Census Tract 6002",5.97508291597323
"51036600300","Census Tract 6003",6.01530805149773
"51036600100","Census Tract 6001",6.19986039228432
