"GEOID","NAMELSAD","Particulate.Matter"
"05067480300","Census Tract 4803",7.34843177043303
"05067480200","Census Tract 4802",7.54757397562583
"05067480400","Census Tract 4804",7.41648349704381
"05067480500","Census Tract 4805",7.18549997401109
"05067480100","Census Tract 4801",7.45547947640821
