"GEOID","NAMELSAD","Particulate.Matter"
"51011040300","Census Tract 403",5.0815282352699
"51011040100","Census Tract 401",5.12698201925968
"51011040200","Census Tract 402",5.17610526753272
