"GEOID","NAMELSAD","Particulate.Matter"
"18131959000","Census Tract 9590",6.74787941401201
"18131959200","Census Tract 9592",6.90853583782039
"18131959100","Census Tract 9591",6.66694173797165
"18131958900","Census Tract 9589",6.928112969896
