"GEOID","NAMELSAD","Particulate.Matter"
"51075400200","Census Tract 4002",5.72602069949287
"51075400300","Census Tract 4003",5.73070078247327
"51075400400","Census Tract 4004",5.40462566722004
"51075400100","Census Tract 4001",5.98170183982546
"51075400500","Census Tract 4005",5.56053843102062
