"GEOID","NAMELSAD","Particulate.Matter"
"17107953200","Census Tract 9532",7.10004934210786
"17107953300","Census Tract 9533",7.53041769333167
"17107953400","Census Tract 9534",7.30634868659052
"17107953500","Census Tract 9535",6.91214861713447
"17107953000","Census Tract 9530",7.03655933250135
"17107953100","Census Tract 9531",7.12134041415754
"17107952900","Census Tract 9529",7.05253198486561
"17107953600","Census Tract 9536",7.0644242826281
