"GEOID","NAMELSAD","Particulate.Matter"
"17049950600","Census Tract 9506",8.33453661458905
"17049950300","Census Tract 9503",7.95376228331617
"17049950100","Census Tract 9501",7.93394368414581
"17049950800","Census Tract 9508",8.29244852013562
"17049950500","Census Tract 9505",8.07628631307824
"17049950200","Census Tract 9502",8.13342405772039
"17049950400","Census Tract 9504",7.97456301051746
"17049950700","Census Tract 9507",8.60711440657874
