"GEOID","NAMELSAD","Particulate.Matter"
"48237950500","Census Tract 9505",6.0251054029798
"48237950300","Census Tract 9503",6.58087880151702
"48237950100","Census Tract 9501",6.19452485557056
