"GEOID","NAMELSAD","Particulate.Matter"
"08015000402","Census Tract 4.02",4.41645534018093
"08015000401","Census Tract 4.01",3.27060289137938
"08015000100","Census Tract 1",6.75049081954453
"08015000200","Census Tract 2",4.75594715118665
"08015000300","Census Tract 3",3.70572420050611
