"GEOID","NAMELSAD","Particulate.Matter"
"45039960400","Census Tract 9604",5.8434398028231
"45039960100","Census Tract 9601",6.15408963906279
"45039960500","Census Tract 9605",6.07667509432584
"45039960300","Census Tract 9603",5.93851054205092
"45039960200","Census Tract 9602",5.93020358385075
