"GEOID","NAMELSAD","Particulate.Matter"
"19079960400","Census Tract 9604",5.55414276088055
"19079960500","Census Tract 9605",5.60533763184056
"19079960300","Census Tract 9603",5.60252643530547
"19079960200","Census Tract 9602",5.93279176794188
"19079960100","Census Tract 9601",5.60398138495126
