"GEOID","NAMELSAD","Particulate.Matter"
"51193010200","Census Tract 102",6.06511340846057
"51193010100","Census Tract 101",6.18561444046041
"51193010400","Census Tract 104",6.00778097075283
"51193010300","Census Tract 103",6.06633718803253
