"GEOID","NAMELSAD","Particulate.Matter"
"08071000200","Census Tract 2",6.61234026717442
"08071000500","Census Tract 5",4.11583281183342
"08071000300","Census Tract 3",4.02743872341718
"08071000400","Census Tract 4",3.90710748670157
"08071000100","Census Tract 1",4.04416928542738
"08071000800","Census Tract 8",4.58421258079107
