"GEOID","NAMELSAD","Particulate.Matter"
"06063000502","Census Tract 5.02",6.88634832351119
"06063000501","Census Tract 5.01",5.76849932000086
"06063000100","Census Tract 1",8.74746712974235
"06063000400","Census Tract 4",6.7398232783874
"06063000300","Census Tract 3",5.40296063391654
"06063000201","Census Tract 2.01",5.57521329488452
"06063000202","Census Tract 2.02",6.14394864559693
