"GEOID","NAMELSAD","Particulate.Matter"
"38105954100","Census Tract 9541",4.92945910079756
"38105953700","Census Tract 9537",4.81131182850588
"38105953400","Census Tract 9534",4.56347117003
"38105953500","Census Tract 9535",4.71529694860476
"38105953800","Census Tract 9538",4.95095201094153
"38105953900","Census Tract 9539",4.92951830567967
"38105953600","Census Tract 9536",4.64343425692546
