"GEOID","NAMELSAD","Particulate.Matter"
"26031960800","Census Tract 9608",4.66320699232823
"26031960100","Census Tract 9601",4.634542585417
"26031960600","Census Tract 9606",4.76685340076179
"26031960200","Census Tract 9602",4.86379205705557
"26031960700","Census Tract 9607",4.80184441731904
"26031960500","Census Tract 9605",4.66175533606076
"26031960300","Census Tract 9603",4.90341995123794
"26031960400","Census Tract 9604",4.8159135669262
