"GEOID","NAMELSAD","Particulate.Matter"
"48333950100","Census Tract 9501",4.90965001125451
"48333950200","Census Tract 9502",4.9367932111848
