"GEOID","NAMELSAD","Particulate.Matter"
"26009960500","Census Tract 9605",4.79195666552825
"26009960400","Census Tract 9604",4.96959337298736
"26009960100","Census Tract 9601",4.81867473114853
"26009960300","Census Tract 9603",4.89251548990815
"26009960200","Census Tract 9602",4.82427339905727
"26009960700","Census Tract 9607",4.56358796632365
"26009960600","Census Tract 9606",4.93992465504379
