"GEOID","NAMELSAD","Particulate.Matter"
"55113100400","Census Tract 1004",4.69823995511023
"55113100800","Census Tract 1008",4.64725149038877
"55113100300","Census Tract 1003",4.93466688781669
"55113100700","Census Tract 1007",4.57087098687473
"55113940000","Census Tract 9400",4.61907220239125
"55113100500","Census Tract 1005",4.70059332969529
