"GEOID","NAMELSAD","Particulate.Matter"
"54097966600","Census Tract 9666",5.63553586563121
"54097967000","Census Tract 9670",4.94279124089067
"54097966800","Census Tract 9668",5.76522500123134
"54097967100","Census Tract 9671",5.17309067471388
"54097966700","Census Tract 9667",6.76434572492546
"54097966900","Census Tract 9669",5.67425721635226
