"GEOID","NAMELSAD","Particulate.Matter"
"27057070400","Census Tract 704",4.76889636499923
"27057070600","Census Tract 706",5.23014722786909
"27057070100","Census Tract 701",4.89278409924197
"27057070300","Census Tract 703",4.69134261670236
"27057070700","Census Tract 707",4.92565155299175
"27057070500","Census Tract 705",4.90980747400528
"27057070200","Census Tract 702",4.8788176092882
