"GEOID","NAMELSAD","Particulate.Matter"
"31043010400","Census Tract 104",6.4306322102279
"31043010100","Census Tract 101",8.0864147265349
"31043010300","Census Tract 103",7.06981364725403
"31043010200","Census Tract 102",7.63699703069212
