"GEOID","NAMELSAD","Particulate.Matter"
"20009971700","Census Tract 9717",5.9194326895128
"20009971400","Census Tract 9714",5.55953069443583
"20009971500","Census Tract 9715",5.35592460265855
"20009971600","Census Tract 9716",5.92118477399998
"20009971300","Census Tract 9713",4.98429546113651
"20009971200","Census Tract 9712",4.8430374603897
"20009971800","Census Tract 9718",4.91342543944703
"20009971100","Census Tract 9711",4.98391456770934
