"GEOID","NAMELSAD","Particulate.Matter"
"49029970200","Census Tract 9702",3.97444303396807
"49029970100","Census Tract 9701",3.52706475330116
