"GEOID","NAMELSAD","Particulate.Matter"
"18101950100","Census Tract 9501",7.68872958271677
"18101950200","Census Tract 9502",7.90850404413054
"18101950300","Census Tract 9503",7.81636815794219
