"GEOID","NAMELSAD","Particulate.Matter"
"13209950300","Census Tract 9503",6.30601670275619
"13209950200","Census Tract 9502",6.16513441365271
"13209950100","Census Tract 9501",6.14184915549201
