"GEOID","NAMELSAD","Particulate.Matter"
"13237960201","Census Tract 9602.01",6.79724044377749
"13237960202","Census Tract 9602.02",6.81428933912911
"13237960102","Census Tract 9601.02",6.66554677723055
"13237960101","Census Tract 9601.01",6.61289754012263
"13237960300","Census Tract 9603",6.95929683792782
