"GEOID","NAMELSAD","Particulate.Matter"
"26071000200","Census Tract 2",3.91553131761581
"26071000300","Census Tract 3",4.13355251488478
"26071000100","Census Tract 1",3.89998540032028
"26071000400","Census Tract 4",4.18338745117864
"26071000500","Census Tract 5",4.33917114635807
