"GEOID","NAMELSAD","Particulate.Matter"
"40115574900","Census Tract 5749",7.42174180373205
"40115574300","Census Tract 5743",7.33296045748238
"40115574800","Census Tract 5748",7.53922659114272
"40115574600","Census Tract 5746",7.57214676683095
"40115574700","Census Tract 5747",7.40796299576466
"40115574200","Census Tract 5742",7.4067583977071
"40115574100","Census Tract 5741",7.40082918588815
"40115574500","Census Tract 5745",8.74075801203039
"40115574400","Census Tract 5744",8.8573499705982
