"GEOID","NAMELSAD","Particulate.Matter"
"13301970400","Census Tract 9704",6.28899796174236
"13301970500","Census Tract 9705",6.36305201525457
