"GEOID","NAMELSAD","Particulate.Matter"
"19053960300","Census Tract 9603",5.80434380630458
"19053960200","Census Tract 9602",6.11084021349794
"19053960100","Census Tract 9601",5.84154293228231
