"GEOID","NAMELSAD","Particulate.Matter"
"19095960300","Census Tract 9603",6.99187414422145
"19095960100","Census Tract 9601",6.94357715864375
"19095960400","Census Tract 9604",7.3834087377742
"19095960200","Census Tract 9602",6.89210574642174
