"GEOID","NAMELSAD","Particulate.Matter"
"16057005600","Census Tract 56",3.84308784471735
"16057005100","Census Tract 51",4.2508525163154
"16057005500","Census Tract 55",3.86046221182028
"16057005400","Census Tract 54",3.68241421488988
"16057005200","Census Tract 52",3.71718819006101
"16057005300","Census Tract 53",3.93616733420569
"16057005700","Census Tract 57",4.12461965549243
