"GEOID","NAMELSAD","Particulate.Matter"
"21193971000","Census Tract 9710",6.0889883637055
"21193970400","Census Tract 9704",6.07742998592775
"21193970500","Census Tract 9705",6.28017387294025
"21193970700","Census Tract 9707",5.65801011553758
"21193970900","Census Tract 9709",5.36754618207893
"21193970300","Census Tract 9703",6.17858472992493
"21193970600","Census Tract 9706",6.2121394441628
"21193970800","Census Tract 9708",5.68249683718784
