"GEOID","NAMELSAD","Particulate.Matter"
"06005000200","Census Tract 2",9.95591045924137
"06005000500","Census Tract 5",10.5716961626147
"06005000401","Census Tract 4.01",9.79927102766516
"06005000301","Census Tract 3.01",12.406835741765
"06005000402","Census Tract 4.02",8.86234652739011
"06005000102","Census Tract 1.02",4.85596989085326
"06005000303","Census Tract 3.03",12.5070419794746
"06005000101","Census Tract 1.01",7.49192663885081
"06005000304","Census Tract 3.04",12.5507530381672
