"GEOID","NAMELSAD","Particulate.Matter"
"08099000200","Census Tract 2",5.90863293139775
"08099000300","Census Tract 3",6.17935096308219
"08099000100","Census Tract 1",5.23084240287376
"08099000600","Census Tract 6",4.9342828385605
"08099000700","Census Tract 7",4.90339070324794
