"GEOID","NAMELSAD","Particulate.Matter"
"13283960200","Census Tract 9602",6.24858221802101
"13283960100","Census Tract 9601",6.12490113343717
