"GEOID","NAMELSAD","Particulate.Matter"
"55037190100","Census Tract 1901",4.40736249729555
"55037190200","Census Tract 1902",4.40066508365665
