"GEOID","NAMELSAD","Particulate.Matter"
"29186960300","Census Tract 9603",7.35029757476271
"29186960100","Census Tract 9601",6.95340297616501
"29186960200","Census Tract 9602",8.03590320739873
"29186960400","Census Tract 9604",7.06587828301373
