"GEOID","NAMELSAD","Particulate.Matter"
"18115965800","Census Tract 9658",7.31239412689874
"18115965700","Census Tract 9657",8.05887311369482
