"GEOID","NAMELSAD","Particulate.Matter"
"48449950800","Census Tract 9508",7.27024059621072
"48449950100","Census Tract 9501",6.8668766460613
"48449950200","Census Tract 9502",6.90209447125024
"48449950300","Census Tract 9503",6.90831218716403
"48449950400","Census Tract 9504",6.90728624776276
"48449950600","Census Tract 9506",7.76423846618583
"48449950700","Census Tract 9507",8.06143777766241
"48449950500","Census Tract 9505",7.16721456044368
