"GEOID","NAMELSAD","Particulate.Matter"
"51133020100","Census Tract 201",5.98508679863905
"51133020300","Census Tract 203",5.77931918162476
"51133020200","Census Tract 202",5.98076114045117
