"GEOID","NAMELSAD","Particulate.Matter"
"27015960700","Census Tract 9607",6.10754599111443
"27015960400","Census Tract 9604",6.00071155598449
"27015960200","Census Tract 9602",6.45697813364135
"27015960500","Census Tract 9605",6.03637661303355
"27015960300","Census Tract 9603",6.86975691537735
"27015960600","Census Tract 9606",6.11536230116456
"27015960101","Census Tract 9601.01",7.13033586135606
"27015960102","Census Tract 9601.02",6.40976249202804
