"GEOID","NAMELSAD","Particulate.Matter"
"46057955100","Census Tract 9551",5.73542687971856
"46057955200","Census Tract 9552",5.56893960326028
