"GEOID","NAMELSAD","Particulate.Matter"
"21061920200","Census Tract 9202",7.56304358694078
"21061920400","Census Tract 9204",7.4750230270016
"21061920300","Census Tract 9203",7.37407281533195
"21061980100","Census Tract 9801",7.12165047943532
