"GEOID","NAMELSAD","Particulate.Matter"
"47005963300","Census Tract 9633",7.54043801035222
"47005963100","Census Tract 9631",7.37415165637861
"47005963400","Census Tract 9634",7.50893216196919
"47005963200","Census Tract 9632",7.17327433801117
"47005963000","Census Tract 9630",7.36485164991635
