"GEOID","NAMELSAD","Particulate.Matter"
"41031960301","Census Tract 9603.01",4.6728295900855
"41031960302","Census Tract 9603.02",3.74261770175292
"41031960202","Census Tract 9602.02",4.97445401430335
"41031960201","Census Tract 9602.01",5.54553220738295
"41031960100","Census Tract 9601",3.67837342585672
"41031940000","Census Tract 9400",3.7706711800748
