"GEOID","NAMELSAD","Particulate.Matter"
"38071957800","Census Tract 9578",5.16955476426067
"38071957700","Census Tract 9577",5.00733316862706
"38071957600","Census Tract 9576",5.37433014249516
