"GEOID","NAMELSAD","Particulate.Matter"
"20061000200","Census Tract 2",6.63663927025523
"20061000400","Census Tract 4",6.77404875480267
"20061000700","Census Tract 7",5.35233275739106
"20061000800","Census Tract 8",5.33244266643317
"20061000100","Census Tract 1",6.39159732440531
"20061000600","Census Tract 6",5.90905215697928
"20061000500","Census Tract 5",7.20250794157037
"20061000300","Census Tract 3",6.31547763096644
