"GEOID","NAMELSAD","Particulate.Matter"
"17041952000","Census Tract 9520",7.39012330149125
"17041952300","Census Tract 9523",7.68762959155016
"17041952200","Census Tract 9522",7.79311418103111
"17041952400","Census Tract 9524",7.48218360523209
"17041952100","Census Tract 9521",7.70265170886921
