"GEOID","NAMELSAD","Particulate.Matter"
"16059970100","Census Tract 9701",3.83535339574417
"16059970200","Census Tract 9702",4.65779981002149
"16059970300","Census Tract 9703",3.79241429768518
