"GEOID","NAMELSAD","Particulate.Matter"
"31033955000","Census Tract 9550",3.61508010510973
"31033954900","Census Tract 9549",3.67368685384421
"31033954800","Census Tract 9548",3.41500413333937
