"GEOID","NAMELSAD","Particulate.Matter"
"30001000300","Census Tract 3",5.70334650469132
"30001000100","Census Tract 1",2.94247390871082
"30001000200","Census Tract 2",3.55091543512573
