"GEOID","NAMELSAD","Particulate.Matter"
"47049965100","Census Tract 9651",5.69586743078477
"47049965200","Census Tract 9652",5.69416969701863
"47049965300","Census Tract 9653",5.42679188527429
"47049965000","Census Tract 9650",5.8687275873099
