"GEOID","NAMELSAD","Particulate.Matter"
"21147960400","Census Tract 9604",5.92937745515777
"21147960200","Census Tract 9602",5.93483825350627
"21147960300","Census Tract 9603",6.04853424975896
"21147960100","Census Tract 9601",6.25298981819138
