"GEOID","NAMELSAD","Particulate.Matter"
"54029020900","Census Tract 209",6.99444858782652
"54029020700","Census Tract 207",6.97531574139722
"54029021100","Census Tract 211",6.5921708908423
"54029021300","Census Tract 213",8.8848194399744
"54029020600","Census Tract 206",6.74083449297529
"54029021200","Census Tract 212",6.78963248352448
"54029021400","Census Tract 214",8.21663731198775
"54029021500","Census Tract 215",6.89719235789181
