"GEOID","NAMELSAD","Particulate.Matter"
"53043960200","Census Tract 9602",5.70104005514192
"53043960300","Census Tract 9603",5.8190394904642
"53043960400","Census Tract 9604",5.28156835609921
"53043960100","Census Tract 9601",5.25351667662219
