"GEOID","NAMELSAD","Particulate.Matter"
"29063080200","Census Tract 802",6.26048419071103
"29063080100","Census Tract 801",6.29048442979541
