"GEOID","NAMELSAD","Particulate.Matter"
"48461950100","Census Tract 9501",5.12094078755249
"48461950200","Census Tract 9502",5.29219932522621
