"GEOID","NAMELSAD","Particulate.Matter"
"17125956600","Census Tract 9566",7.01557314778429
"17125956300","Census Tract 9563",6.93504268695632
"17125956700","Census Tract 9567",6.93737052418828
"17125956400","Census Tract 9564",7.07543409137068
"17125956500","Census Tract 9565",7.75056682524615
"17125956800","Census Tract 9568",7.04021797741312
