"GEOID","NAMELSAD","Particulate.Matter"
"30015010300","Census Tract 103",4.14051591802982
"30015010200","Census Tract 102",4.06683671674783
