"GEOID","NAMELSAD","Particulate.Matter"
"54051020601","Census Tract 206.01",6.65343398318997
"54051020702","Census Tract 207.02",7.74790324610148
"54051021100","Census Tract 211",6.43621728329028
"54051020500","Census Tract 205",8.36983849934196
"54051021000","Census Tract 210",6.08585910628717
"54051020900","Census Tract 209",5.99619150929217
"54051020800","Census Tract 208",5.5811143282673
"54051021300","Census Tract 213",6.1504824710095
"54051020200","Census Tract 202",8.33941241046909
