"GEOID","NAMELSAD","Particulate.Matter"
"48195950100","Census Tract 9501",5.14590847226337
"48195950300","Census Tract 9503",5.08627720634295
