"GEOID","NAMELSAD","Particulate.Matter"
"27089080100","Census Tract 801",5.16715912919846
"27089080200","Census Tract 802",4.75330394285302
"27089080400","Census Tract 804",5.39165885123937
"27089080300","Census Tract 803",5.55382135466257
