"GEOID","NAMELSAD","Particulate.Matter"
"31169963100","Census Tract 9631",5.12311077631171
"31169963200","Census Tract 9632",5.04246735799373
