"GEOID","NAMELSAD","Particulate.Matter"
"30003940500","Census Tract 9405",3.74781998474853
"30003000100","Census Tract 1",4.00253889174588
"30003940700","Census Tract 9407",4.21258452499719
"30003940600","Census Tract 9406",4.17739027928166
"30003940400","Census Tract 9404",3.99149469151485
