"GEOID","NAMELSAD","Particulate.Matter"
"08063962200","Census Tract 9622",4.33834871869705
"08063962300","Census Tract 9623",4.14706840499748
"08063962100","Census Tract 9621",4.44539285824373
