"GEOID","NAMELSAD","Particulate.Matter"
"40135030104","Census Tract 301.04",6.81107198723453
"40135030302","Census Tract 303.02",7.47854021286833
"40135030103","Census Tract 301.03",7.44530776057136
"40135030301","Census Tract 303.01",7.37977257881979
"40135030402","Census Tract 304.02",7.34212825981644
"40135030401","Census Tract 304.01",7.39842077482607
"40135030201","Census Tract 302.01",6.87284743729287
"40135030101","Census Tract 301.01",6.71515288453222
"40135030202","Census Tract 302.02",7.12772161234337
