"GEOID","NAMELSAD","Particulate.Matter"
"48289950100","Census Tract 9501",7.06854151659111
"48289950300","Census Tract 9503",7.02511486269404
"48289950200","Census Tract 9502",6.6360516602228
