"GEOID","NAMELSAD","Particulate.Matter"
"19123950400","Census Tract 9504",6.89470016508392
"19123950100","Census Tract 9501",6.65389994400635
"19123950700","Census Tract 9507",6.97861546746877
"19123950200","Census Tract 9502",6.61029723569824
"19123950300","Census Tract 9503",6.35763688255599
"19123950500","Census Tract 9505",7.01282729949186
"19123950600","Census Tract 9506",7.06635034527399
