"GEOID","NAMELSAD","Particulate.Matter"
"31095963600","Census Tract 9636",5.25219099647192
"31095963700","Census Tract 9637",5.33825163583316
"31095963800","Census Tract 9638",6.0236245584119
