"GEOID","NAMELSAD","Particulate.Matter"
"19137960200","Census Tract 9602",6.33887331869213
"19137960100","Census Tract 9601",6.19137023223077
"19137960400","Census Tract 9604",6.20596007541784
"19137960300","Census Tract 9603",6.5559574675954
