"GEOID","NAMELSAD","Particulate.Matter"
"21181960200","Census Tract 9602",6.45289493503677
"21181960100","Census Tract 9601",6.56630006991394
