"GEOID","NAMELSAD","Particulate.Matter"
"29151490400","Census Tract 4904",6.251106939228
"29151490300","Census Tract 4903",6.08289372554935
"29151490100","Census Tract 4901",6.62270503074507
"29151490200","Census Tract 4902",6.32645347480287
