"GEOID","NAMELSAD","Particulate.Matter"
"48175960200","Census Tract 9602",7.17320986659199
"48175960100","Census Tract 9601",7.00143549117918
