"GEOID","NAMELSAD","Particulate.Matter"
"39001770200","Census Tract 7702",6.21411402632694
"39001770500","Census Tract 7705",5.84541326031871
"39001770600","Census Tract 7706",6.28006629636316
"39001770300","Census Tract 7703",6.19857097924493
"39001770100","Census Tract 7701",6.1455801787074
"39001770400","Census Tract 7704",6.06243231977732
