"GEOID","NAMELSAD","Particulate.Matter"
"56039967600","Census Tract 9676",3.1938857099669
"56039967800","Census Tract 9678",5.43639072790367
"56039967702","Census Tract 9677.02",4.60828900708591
"56039967701","Census Tract 9677.01",4.36070502890124
