"GEOID","NAMELSAD","Particulate.Matter"
"31047968500","Census Tract 9685",5.10627930869233
"31047968100","Census Tract 9681",4.57932023876343
"31047968000","Census Tract 9680",4.70801789225144
"31047968600","Census Tract 9686",4.46765130333293
"31047968200","Census Tract 9682",4.49855759946967
"31047968400","Census Tract 9684",4.69670032136937
"31047968300","Census Tract 9683",4.78264835556341
