"GEOID","NAMELSAD","Particulate.Matter"
"21237930200","Census Tract 9302",5.81859918801308
"21237930100","Census Tract 9301",5.84039705201887
