"GEOID","NAMELSAD","Particulate.Matter"
"31121966800","Census Tract 9668",5.78056201791369
"31121966600","Census Tract 9666",5.44963082674229
"31121966700","Census Tract 9667",5.37986284977617
