"GEOID","NAMELSAD","Particulate.Matter"
"28073020202","Census Tract 202.02",6.840364612432
"28073020302","Census Tract 203.02",7.48063348654767
"28073020201","Census Tract 202.01",6.61288062235884
"28073020301","Census Tract 203.01",6.73296801063388
"28073020500","Census Tract 205",6.65251156337589
"28073020600","Census Tract 206",6.50900606191436
"28073020100","Census Tract 201",6.57159066223468
"28073020400","Census Tract 204",6.56656058095173
