"GEOID","NAMELSAD","Particulate.Matter"
"16031950100","Census Tract 9501",3.48962810875878
"16031950400","Census Tract 9504",6.07222768628279
"16031950600","Census Tract 9506",3.35871524173632
"16031950500","Census Tract 9505",5.09956872941424
"16031950300","Census Tract 9503",4.94785326899971
"16031950200","Census Tract 9502",5.04047608715794
