"GEOID","NAMELSAD","Particulate.Matter"
"39065000100","Census Tract 1",7.04313258254965
"39065000700","Census Tract 7",6.97619217128452
"39065000400","Census Tract 4",6.96790644506
"39065000500","Census Tract 5",7.0984983488201
"39065000300","Census Tract 3",7.14348772067456
"39065000200","Census Tract 2",7.31981170820137
"39065000600","Census Tract 6",7.28914021173414
