"GEOID","NAMELSAD","Particulate.Matter"
"17157950700","Census Tract 9507",8.28679602398097
"17157951100","Census Tract 9511",8.1276920252195
"17157950500","Census Tract 9505",8.23204143864958
"17157950800","Census Tract 9508",8.14869535768209
"17157950900","Census Tract 9509",7.89013229756916
"17157951000","Census Tract 9510",7.5778900069671
"17157950600","Census Tract 9506",8.41872802470002
"17157951200","Census Tract 9512",7.62575574998062
"17157951300","Census Tract 9513",7.72326686362557
