"GEOID","NAMELSAD","Particulate.Matter"
"20151968600","Census Tract 9686",5.05810036699378
"20151968800","Census Tract 9688",5.14898102086257
"20151968700","Census Tract 9687",5.37846979526691
