"GEOID","NAMELSAD","Particulate.Matter"
"20029977100","Census Tract 9771",4.96693667513507
"20029977300","Census Tract 9773",5.120463643985
"20029977200","Census Tract 9772",5.10887272965979
"20029977400","Census Tract 9774",4.85200303019081
