"GEOID","NAMELSAD","Particulate.Matter"
"35006974202","Census Tract 9742.02",5.77505194955139
"35006941500","Census Tract 9415",3.3457384499796
"35006974201","Census Tract 9742.01",4.30819328695716
"35006974400","Census Tract 9744",4.40654781908645
"35006945800","Census Tract 9458",3.29072659664758
"35006974700","Census Tract 9747",3.28925339586557
"35006946100","Census Tract 9461",3.81599983380674
