"GEOID","NAMELSAD","Particulate.Matter"
"13263960100","Census Tract 9601",6.9548140319595
"13263960200","Census Tract 9602",7.01126461880514
"13263960300","Census Tract 9603",6.77149830418838
