"GEOID","NAMELSAD","Particulate.Matter"
"18031969300","Census Tract 9693",8.74145674514881
"18031969400","Census Tract 9694",6.94545848267682
"18031969500","Census Tract 9695",7.27271895214865
"18031969000","Census Tract 9690",6.88838317543281
"18031969200","Census Tract 9692",7.06900093440531
"18031969100","Census Tract 9691",6.95728459726421
