"GEOID","NAMELSAD","Particulate.Matter"
"19039960100","Census Tract 9601",6.15272642837867
"19039960200","Census Tract 9602",6.05947907448653
"19039960300","Census Tract 9603",6.20579161204587
