"GEOID","NAMELSAD","Particulate.Matter"
"46085972600","Census Tract 9726",4.46101654497941
"46085940100","Census Tract 9401",4.58423349586852
