"GEOID","NAMELSAD","Particulate.Matter"
"28147950300","Census Tract 9503",6.68518830552613
"28147950100","Census Tract 9501",6.39974614231288
"28147950200","Census Tract 9502",6.65444225806102
