"GEOID","NAMELSAD","Particulate.Matter"
"48387950600","Census Tract 9506",6.88491950077178
"48387950100","Census Tract 9501",6.93057443964541
"48387950500","Census Tract 9505",6.91424554336465
"48387950700","Census Tract 9507",6.99897196676129
