"GEOID","NAMELSAD","Particulate.Matter"
"19119950200","Census Tract 9502",6.50301688068862
"19119950100","Census Tract 9501",6.44040791301666
"19119950300","Census Tract 9503",6.23902221402797
