"GEOID","NAMELSAD","Particulate.Matter"
"17173959300","Census Tract 9593",7.3960984473013
"17173959400","Census Tract 9594",7.20532638242468
"17173959500","Census Tract 9595",7.65395860114354
"17173959200","Census Tract 9592",7.38666708993102
"17173959600","Census Tract 9596",7.69300383159764
"17173959100","Census Tract 9591",7.43866355716808
