"GEOID","NAMELSAD","Particulate.Matter"
"13005970100","Census Tract 9701",6.48307387505081
"13005970202","Census Tract 9702.02",6.56533725955233
"13005970201","Census Tract 9702.01",6.56021765642665
