"GEOID","NAMELSAD","Particulate.Matter"
"48379950100","Census Tract 9501",6.77079794621574
"48379950200","Census Tract 9502",6.96673925997278
