"GEOID","NAMELSAD","Particulate.Matter"
"38089963400","Census Tract 9634",4.10390424913793
"38089963500","Census Tract 9635",4.01456318085854
"38089963300","Census Tract 9633",3.94456299264405
"38089964000","Census Tract 9640",3.71554272665327
"38089963900","Census Tract 9639",3.87927095729956
"38089963600","Census Tract 9636",4.85389878203069
"38089963700","Census Tract 9637",5.20308242185748
"38089963800","Census Tract 9638",4.17039221120583
