"GEOID","NAMELSAD","Particulate.Matter"
"29025950200","Census Tract 9502",5.99559922523938
"29025950100","Census Tract 9501",5.92792298344186
