"GEOID","NAMELSAD","Particulate.Matter"
"51147930300","Census Tract 9303",5.17406843352776
"51147930202","Census Tract 9302.02",5.15132928854751
"51147930100","Census Tract 9301",5.21594418717547
"51147930203","Census Tract 9302.03",5.73412925816578
"51147930201","Census Tract 9302.01",5.28745794930948
