"GEOID","NAMELSAD","Particulate.Matter"
"08087000100","Census Tract 1",3.84480495462598
"08087000700","Census Tract 7",4.57839724458826
"08087000200","Census Tract 2",3.82739212218433
"08087000600","Census Tract 6",3.9430440236274
"08087000400","Census Tract 4",5.7082687230933
"08087000500","Census Tract 5",5.40852434390247
"08087000800","Census Tract 8",3.97944970984692
"08087000300","Census Tract 3",4.16678223406543
