"GEOID","NAMELSAD","Particulate.Matter"
"20165972100","Census Tract 9721",4.72925650852623
"20165972200","Census Tract 9722",4.72833972274372
