"GEOID","NAMELSAD","Particulate.Matter"
"20043020100","Census Tract 201",6.00516002613093
"20043020200","Census Tract 202",6.03455037563183
"20043020300","Census Tract 203",6.47145472126621
