"GEOID","NAMELSAD","Particulate.Matter"
"48297950100","Census Tract 9501",7.56674665065892
"48297950200","Census Tract 9502",7.4984040628127
"48297950400","Census Tract 9504",7.24842074269848
"48297950300","Census Tract 9503",7.53973947992298
