"GEOID","NAMELSAD","Particulate.Matter"
"54057010600","Census Tract 106",6.41431367336259
"54057010400","Census Tract 104",6.52458657251672
"54057010200","Census Tract 102",7.04524914848008
"54057010500","Census Tract 105",6.00093889419966
"54057010300","Census Tract 103",7.14488627713377
"54057010100","Census Tract 101",7.32846925020138
"54057010700","Census Tract 107",5.26809204184313
