"GEOID","NAMELSAD","Particulate.Matter"
"51570830400","Census Tract 8304",7.04552884294056
"51570830500","Census Tract 8305",7.32200440403479
"51570830100","Census Tract 8301",7.01881881191896
"51570830200","Census Tract 8302",6.79683091858985
"51570830300","Census Tract 8303",6.70334843593683
