"GEOID","NAMELSAD","Particulate.Matter"
"40093955200","Census Tract 9552",5.71835280850151
"40093955100","Census Tract 9551",6.32016899383996
"40093955300","Census Tract 9553",6.12926826011092
