"GEOID","NAMELSAD","Particulate.Matter"
"28111950200","Census Tract 9502",6.59737236767459
"28111950102","Census Tract 9501.02",6.76326251297145
"28111950101","Census Tract 9501.01",6.65118288667168
