"GEOID","NAMELSAD","Particulate.Matter"
"47103975601","Census Tract 9756.01",7.13181963267664
"47103975602","Census Tract 9756.02",7.14535192254011
"47103975000","Census Tract 9750",7.1232751229552
"47103975700","Census Tract 9757",7.20420228029899
"47103975200","Census Tract 9752",7.20343572529951
"47103975100","Census Tract 9751",6.93622737263715
"47103975500","Census Tract 9755",7.3496668643495
"47103975400","Census Tract 9754",7.65384736239484
"47103975300","Census Tract 9753",7.45293068348464
