"GEOID","NAMELSAD","Particulate.Matter"
"28085950100","Census Tract 9501",6.87737621743736
"28085950600","Census Tract 9506",7.31423827421148
"28085950500","Census Tract 9505",7.70560912910561
"28085950400","Census Tract 9504",6.66536690395077
"28085950200","Census Tract 9502",6.71215869115635
"28085950300","Census Tract 9503",6.6376906772814
