"GEOID","NAMELSAD","Particulate.Matter"
"29197470200","Census Tract 4702",6.06151706234613
"29197470100","Census Tract 4701",6.13941576723606
