"GEOID","NAMELSAD","Particulate.Matter"
"47027955000","Census Tract 9550",6.56045369956104
"47027955100","Census Tract 9551",6.54130916805096
