"GEOID","NAMELSAD","Particulate.Matter"
"48459950100","Census Tract 9501",6.7448440927603
"48459950200","Census Tract 9502",6.76196446853209
"48459950400","Census Tract 9504",7.11163109944375
"48459950600","Census Tract 9506",6.61058709886817
"48459950300","Census Tract 9503",6.53770813586682
"48459950500","Census Tract 9505",6.49184359902157
"48459950700","Census Tract 9507",6.5023389935896
