"GEOID","NAMELSAD","Particulate.Matter"
"27077460400","Census Tract 4604",4.95312385632833
"27077460300","Census Tract 4603",4.97417986767797
