"GEOID","NAMELSAD","Particulate.Matter"
"48083950700","Census Tract 9507",4.75432541911692
"48083950300","Census Tract 9503",4.53835441297318
"48083950600","Census Tract 9506",4.53302845345709
