"GEOID","NAMELSAD","Particulate.Matter"
"20127963600","Census Tract 9636",5.26595863524888
"20127963700","Census Tract 9637",5.47782677608852
