"GEOID","NAMELSAD","Particulate.Matter"
"21187970300","Census Tract 9703",6.68026058128232
"21187970100","Census Tract 9701",6.83986164604422
"21187970200","Census Tract 9702",6.77063929540176
