"GEOID","NAMELSAD","Particulate.Matter"
"31173940100","Census Tract 9401",5.89970782681487
"31173940200","Census Tract 9402",5.92906715590642
