"GEOID","NAMELSAD","Particulate.Matter"
"01005950900","Census Tract 9509",7.30393726060177
"01005950100","Census Tract 9501",7.17738260462848
"01005950600","Census Tract 9506",7.12364619184926
"01005950200","Census Tract 9502",6.8609107134603
"01005950300","Census Tract 9503",6.74168484608138
"01005950500","Census Tract 9505",6.76994496682932
"01005950400","Census Tract 9504",6.85987585370052
"01005950700","Census Tract 9507",7.15911323907514
"01005950800","Census Tract 9508",7.15450033616352
