"GEOID","NAMELSAD","Particulate.Matter"
"19069360300","Census Tract 3603",5.69775828379067
"19069360100","Census Tract 3601",6.10473020920682
"19069360200","Census Tract 3602",5.87538281350314
