"GEOID","NAMELSAD","Particulate.Matter"
"19121060100","Census Tract 601",6.66507160925196
"19121060300","Census Tract 603",6.48440127688593
"19121060200","Census Tract 602",6.8420101404515
