"GEOID","NAMELSAD","Particulate.Matter"
"30017961800","Census Tract 9618",6.02101592807889
"30017962000","Census Tract 9620",5.4695011610121
"30017961900","Census Tract 9619",4.60188124466195
"30017961300","Census Tract 9613",3.82603417371438
"30017961600","Census Tract 9616",4.64290722397555
"30017961500","Census Tract 9615",4.83842680922176
