"GEOID","NAMELSAD","Particulate.Matter"
"31061964700","Census Tract 9647",4.83203900803697
"31061964600","Census Tract 9646",4.7588732117657
