"GEOID","NAMELSAD","Particulate.Matter"
"30093000100","Census Tract 1",5.13867260309264
"30093000600","Census Tract 6",4.39200795621442
"30093000500","Census Tract 5",5.40617013107123
"30093000200","Census Tract 2",4.56462070304179
"30093000700","Census Tract 7",4.73507932529279
"30093000800","Census Tract 8",3.02557316010744
"30093000300","Census Tract 3",6.09014500280074
"30093000400","Census Tract 4",5.49683557886533
