"GEOID","NAMELSAD","Particulate.Matter"
"05147490200","Census Tract 4902",7.89102875594302
"05147490100","Census Tract 4901",7.6382578003419
