"GEOID","NAMELSAD","Particulate.Matter"
"20013480600","Census Tract 4806",5.62944906655
"20013480700","Census Tract 4807",5.7248311308217
"20013480800","Census Tract 4808",5.84922082655275
