"GEOID","NAMELSAD","Particulate.Matter"
"47173040100","Census Tract 401",6.1536999071346
"47173040201","Census Tract 402.01",6.09668946395056
"47173040300","Census Tract 403",6.35066667065508
"47173040202","Census Tract 402.02",6.20359232666864
