"GEOID","NAMELSAD","Particulate.Matter"
"21075960100","Census Tract 9601",7.83520030406795
"21075960200","Census Tract 9602",8.03157498858306
