"GEOID","NAMELSAD","Particulate.Matter"
"13257970302","Census Tract 9703.02",7.09234848617058
"13257970301","Census Tract 9703.01",7.04929732875245
"13257970400","Census Tract 9704",6.80911192817467
"13257970200","Census Tract 9702",7.11929769673442
"13257970100","Census Tract 9701",6.78477936269687
