"GEOID","NAMELSAD","Particulate.Matter"
"13231010400","Census Tract 104",6.66960136323052
"13231010300","Census Tract 103",6.95777155819469
"13231010200","Census Tract 102",7.1171227965343
"13231010100","Census Tract 101",6.86950751651826
