"GEOID","NAMELSAD","Particulate.Matter"
"51117930700","Census Tract 9307",5.81022224326957
"51117930200","Census Tract 9302",5.51619273978816
"51117930500","Census Tract 9305",5.54499192763166
"51117930800","Census Tract 9308",5.59858771960615
"51117930300","Census Tract 9303",5.50906404601432
"51117930600","Census Tract 9306",5.66799322710243
"51117930400","Census Tract 9304",5.23585036045625
"51117930101","Census Tract 9301.01",5.44613323115218
"51117930102","Census Tract 9301.02",5.70588920832286
