"GEOID","NAMELSAD","Particulate.Matter"
"45067950500","Census Tract 9505",6.21054641738545
"45067950300","Census Tract 9503",6.2902110393223
"45067950800","Census Tract 9508",5.98019559200491
"45067950100","Census Tract 9501",6.07085846305861
"45067950400","Census Tract 9504",6.24925531728289
"45067950600","Census Tract 9506",6.20730056904115
"45067950700","Census Tract 9507",6.03497331784375
"45067950200","Census Tract 9502",6.25161668981107
