"GEOID","NAMELSAD","Particulate.Matter"
"51840000201","Census Tract 2.01",6.84520798661396
"51840000202","Census Tract 2.02",6.60313173634869
"51840000301","Census Tract 3.01",6.98223399345536
"51840000302","Census Tract 3.02",6.88527538906435
"51840000100","Census Tract 1",7.22911147607101
