"GEOID","NAMELSAD","Particulate.Matter"
"29169470102","Census Tract 4701.02",5.81366401755103
"29169470400","Census Tract 4704",6.09657883031274
"29169470500","Census Tract 4705",5.8535615362013
"29169470390","Census Tract 4703.90",5.99773128880377
"29169470287","Census Tract 4702.87",5.8947749202887
"29169470286","Census Tract 4702.86",5.93169749343383
"29169470101","Census Tract 4701.01",5.76000227782735
"29169470389","Census Tract 4703.89",6.23537088529139
"29169470600","Census Tract 4706",6.00766945433437
