"GEOID","NAMELSAD","Particulate.Matter"
"31011960200","Census Tract 9602",4.79219972760006
"31011960100","Census Tract 9601",4.71501569831687
