"GEOID","NAMELSAD","Particulate.Matter"
"39015951202","Census Tract 9512.02",6.72996353507459
"39015951201","Census Tract 9512.01",6.92709655560539
"39015951700","Census Tract 9517",6.57905016717359
"39015951300","Census Tract 9513",6.7474689765701
"39015951800","Census Tract 9518",6.74013437314928
"39015951600","Census Tract 9516",6.37624455345572
"39015951900","Census Tract 9519",6.70554769095429
"39015951500","Census Tract 9515",6.51870793121253
"39015951400","Census Tract 9514",6.60174896053635
