"GEOID","NAMELSAD","Particulate.Matter"
"28101050300","Census Tract 503",6.97986668997324
"28101050500","Census Tract 505",7.18077472750185
"28101050400","Census Tract 504",6.77192847973241
"28101050200","Census Tract 502",6.89513233546218
"28101050100","Census Tract 501",6.69748768730624
