"GEOID","NAMELSAD","Particulate.Matter"
"47061955200","Census Tract 9552",5.35782319644104
"47061955300","Census Tract 9553",5.3038805993969
"47061955000","Census Tract 9550",5.61193123817935
"47061955100","Census Tract 9551",5.91502662751356
