"GEOID","NAMELSAD","Particulate.Matter"
"05121960302","Census Tract 9603.02",7.82077996216558
"05121960301","Census Tract 9603.01",7.2378445096395
"05121960200","Census Tract 9602",7.00247477702663
"05121960100","Census Tract 9601",7.61618397063601
