"GEOID","NAMELSAD","Particulate.Matter"
"55093960200","Census Tract 9602",6.09786599642733
"55093960100","Census Tract 9601",6.26540893400708
"55093960400","Census Tract 9604",6.92566372152801
"55093960700","Census Tract 9607",5.92244018082036
"55093960800","Census Tract 9608",6.09193165527638
"55093960500","Census Tract 9605",6.71628024886029
"55093960600","Census Tract 9606",6.43184777128342
"55093960300","Census Tract 9603",6.65496806313929
