"GEOID","NAMELSAD","Particulate.Matter"
"28117950300","Census Tract 9503",7.63615724606002
"28117950100","Census Tract 9501",7.05431581201574
"28117950500","Census Tract 9505",7.0169862078421
"28117950200","Census Tract 9502",7.04603053339293
"28117950400","Census Tract 9504",6.87015808434994
