"GEOID","NAMELSAD","Particulate.Matter"
"47177930100","Census Tract 9301",6.61016984904707
"47177930300","Census Tract 9303",6.62613251195046
"47177930500","Census Tract 9305",6.92395127879818
"47177930800","Census Tract 9308",6.6018945338788
"47177930200","Census Tract 9302",6.66382888833929
"47177930400","Census Tract 9304",6.75898206154814
"47177930900","Census Tract 9309",5.8541268550992
"47177930700","Census Tract 9307",6.67307899334879
"47177930600","Census Tract 9306",6.67272401880097
