"GEOID","NAMELSAD","Particulate.Matter"
"16051960100","Census Tract 9601",4.9192784586973
"16051960400","Census Tract 9604",4.95306199828044
"16051960300","Census Tract 9603",4.85210547477878
"16051960200","Census Tract 9602",4.74236246187432
