"GEOID","NAMELSAD","Particulate.Matter"
"48335950400","Census Tract 9504",4.80662055753264
"48335950200","Census Tract 9502",4.68576586724121
