"GEOID","NAMELSAD","Particulate.Matter"
"21099970500","Census Tract 9705",7.21920758054755
"21099970200","Census Tract 9702",7.04751080290619
"21099970100","Census Tract 9701",7.07428120707087
"21099970400","Census Tract 9704",7.14613288596202
"21099970300","Census Tract 9703",7.05085308878022
