"GEOID","NAMELSAD","Particulate.Matter"
"05049550200","Census Tract 5502",6.00501411932045
"05049550100","Census Tract 5501",6.48033966503036
