"GEOID","NAMELSAD","Particulate.Matter"
"13269950200","Census Tract 9502",6.90356113168008
"13269950100","Census Tract 9501",6.96704499697124
"13269950300","Census Tract 9503",6.62438658224673
