"GEOID","NAMELSAD","Particulate.Matter"
"13187960202","Census Tract 9602.02",5.91812474304577
"13187960201","Census Tract 9602.01",6.43063032284643
"13187960102","Census Tract 9601.02",5.70677923188688
"13187960101","Census Tract 9601.01",6.46942267008058
