"GEOID","NAMELSAD","Particulate.Matter"
"50013020200","Census Tract 202",5.63128602227768
"50013020100","Census Tract 201",5.42026302081034
