"GEOID","NAMELSAD","Particulate.Matter"
"21083020400","Census Tract 204",7.76035307143956
"21083020200","Census Tract 202",7.79887660263682
"21083020300","Census Tract 203",7.8477681935432
"21083020100","Census Tract 201",7.86481993120359
"21083020900","Census Tract 209",7.73055137934456
"21083020800","Census Tract 208",8.07912152327611
"21083020600","Census Tract 206",8.00333475261547
"21083020700","Census Tract 207",8.11456378644187
"21083020500","Census Tract 205",7.85004931980226
