"GEOID","NAMELSAD","Particulate.Matter"
"12067960200","Census Tract 9602",6.26394198806975
"12067960100","Census Tract 9601",6.3271072986101
