"GEOID","NAMELSAD","Particulate.Matter"
"51009010200","Census Tract 102",5.25202880305746
"51009010600","Census Tract 106",5.48118186392934
"51009010504","Census Tract 105.04",5.49924157585079
"51009010100","Census Tract 101",4.90876230450406
"51009010300","Census Tract 103",5.26081196012932
"51009010502","Census Tract 105.02",6.02250642385697
"51009010503","Census Tract 105.03",5.71329991034978
"51009010401","Census Tract 104.01",5.41448084214849
"51009010402","Census Tract 104.02",5.45488089286617
