"GEOID","NAMELSAD","Particulate.Matter"
"31141965300","Census Tract 9653",5.60296794913377
"31141965100","Census Tract 9651",5.21102748897903
"31141965298","Census Tract 9652.98",5.4001611695414
"31141965400","Census Tract 9654",5.63789948427557
"31141965500","Census Tract 9655",5.76892415038841
"31141965600","Census Tract 9656",7.59399266176257
"31141965700","Census Tract 9657",6.49809818100814
