"GEOID","NAMELSAD","Particulate.Matter"
"47045964900","Census Tract 9649",7.85094253002153
"47045964000","Census Tract 9640",7.85618261438414
"47045964500","Census Tract 9645",8.04688555489567
"47045964200","Census Tract 9642",8.78335070883568
"47045964800","Census Tract 9648",8.26821297302122
"47045964300","Census Tract 9643",8.18819615451523
"47045964400","Census Tract 9644",8.27430959724676
"47045964600","Census Tract 9646",8.07842817523051
