"GEOID","NAMELSAD","Particulate.Matter"
"20001952700","Census Tract 9527",6.67032451414415
"20001952800","Census Tract 9528",6.96737203806319
"20001953000","Census Tract 9530",6.84853855389649
"20001952600","Census Tract 9526",6.73927103936248
"20001952900","Census Tract 9529",7.04558528205197
