"GEOID","NAMELSAD","Particulate.Matter"
"42023960100","Census Tract 9601",5.80485443114728
"42023960200","Census Tract 9602",5.14335516941367
