"GEOID","NAMELSAD","Particulate.Matter"
"19065080500","Census Tract 805",6.63846816377369
"19065080100","Census Tract 801",5.80857429278002
"19065080300","Census Tract 803",6.57225796001598
"19065080200","Census Tract 802",6.42759998622209
"19065080400","Census Tract 804",6.6039897898019
"19065080600","Census Tract 806",5.95537506826271
"19065080700","Census Tract 807",5.76643005446693
