"GEOID","NAMELSAD","Particulate.Matter"
"21091960200","Census Tract 9602",8.47165631148698
"21091960100","Census Tract 9601",8.16418057852875
"21091960300","Census Tract 9603",7.90874694216554
