"GEOID","NAMELSAD","Particulate.Matter"
"46129965200","Census Tract 9652",4.26875637099822
"46129965100","Census Tract 9651",4.01618677655534
