"GEOID","NAMELSAD","Particulate.Matter"
"28143980000","Census Tract 9800",7.31301605934106
"28143950100","Census Tract 9501",7.60519733067316
"28143950200","Census Tract 9502",7.43729323777053
