"GEOID","NAMELSAD","Particulate.Matter"
"01105687000","Census Tract 6870",6.93832363871102
"01105686800","Census Tract 6868",7.24885255575001
"01105687100","Census Tract 6871",7.01102143798772
