"GEOID","NAMELSAD","Particulate.Matter"
"19067480100","Census Tract 4801",5.94073609918836
"19067480200","Census Tract 4802",5.82903307190551
"19067480400","Census Tract 4804",6.11356310794055
"19067480500","Census Tract 4805",6.09849805350995
"19067480300","Census Tract 4803",6.01755464945728
