"GEOID","NAMELSAD","Particulate.Matter"
"13129970600","Census Tract 9706",8.65568772558726
"13129970300","Census Tract 9703",8.81236567142805
"13129970400","Census Tract 9704",8.74505044256038
"13129970200","Census Tract 9702",8.12616651331351
"13129970800","Census Tract 9708",8.36925204247158
"13129970900","Census Tract 9709",8.08597435273073
"13129970700","Census Tract 9707",8.18617179976292
"13129970100","Census Tract 9701",8.22031734012867
"13129970500","Census Tract 9705",8.92492398802644
