"GEOID","NAMELSAD","Particulate.Matter"
"29205450300","Census Tract 4503",6.38903296683737
"29205450200","Census Tract 4502",6.4841533407291
"29205450100","Census Tract 4501",6.33879819641762
