"GEOID","NAMELSAD","Particulate.Matter"
"48147950401","Census Tract 9504.01",7.43087842906391
"48147950402","Census Tract 9504.02",7.47178357979297
"48147950800","Census Tract 9508",7.477804983088
"48147950100","Census Tract 9501",7.02153487592808
"48147950500","Census Tract 9505",7.12345946298199
"48147950600","Census Tract 9506",7.23495172656636
"48147950300","Census Tract 9503",7.42342742563744
"48147950702","Census Tract 9507.02",7.39729210359682
"48147950701","Census Tract 9507.01",7.17127430764693
