"GEOID","NAMELSAD","Particulate.Matter"
"31099966600","Census Tract 9666",4.93195151409963
"31099966700","Census Tract 9667",4.81761317755725
