"GEOID","NAMELSAD","Particulate.Matter"
"30085080100","Census Tract 801",4.54715778032138
"30085940002","Census Tract 9400.02",4.61189496125469
"30085940001","Census Tract 9400.01",4.36128977771561
