"GEOID","NAMELSAD","Particulate.Matter"
"40127097600","Census Tract 976",6.45500972186482
"40127097700","Census Tract 977",6.71891713967328
"40127097800","Census Tract 978",6.61969772543808
