"GEOID","NAMELSAD","Particulate.Matter"
"19001960100","Census Tract 9601",5.97441267726046
"19001960300","Census Tract 9603",5.87281153960088
"19001960200","Census Tract 9602",6.27327642085257
