"GEOID","NAMELSAD","Particulate.Matter"
"13243790200","Census Tract 7902",6.55582598564776
"13243790100","Census Tract 7901",6.51888161891897
