"GEOID","NAMELSAD","Particulate.Matter"
"22093040600","Census Tract 406",7.89977187369811
"22093040300","Census Tract 403",7.99528086412921
"22093040100","Census Tract 401",7.84208433976579
"22093040500","Census Tract 405",7.97585403413331
"22093040700","Census Tract 407",7.54851979133179
"22093040400","Census Tract 404",8.0670902223246
"22093040200","Census Tract 402",8.68678515296584
