"GEOID","NAMELSAD","Particulate.Matter"
"13233010300","Census Tract 103",7.19153705833004
"13233010500","Census Tract 105",7.62958649041978
"13233010100","Census Tract 101",7.82504946975235
"13233010700","Census Tract 107",7.52607982229189
"13233010600","Census Tract 106",7.6684880795145
"13233010400","Census Tract 104",7.43493250489968
"13233010200","Census Tract 102",7.58433925357265
