"GEOID","NAMELSAD","Particulate.Matter"
"18137968600","Census Tract 9686",7.01783319167037
"18137968900","Census Tract 9689",6.93683256663061
"18137968500","Census Tract 9685",6.9379135616781
"18137968700","Census Tract 9687",6.91363794093462
"18137968800","Census Tract 9688",6.72914970275017
"18137968400","Census Tract 9684",6.85259870333353
