"GEOID","NAMELSAD","Particulate.Matter"
"40067371600","Census Tract 3716",6.64257539128374
"40067371700","Census Tract 3717",6.67562148335206
"40067371800","Census Tract 3718",6.68908645120293
