"GEOID","NAMELSAD","Particulate.Matter"
"48307950300","Census Tract 9503",5.22742754644919
"48307950400","Census Tract 9504",4.97902483835653
"48307950500","Census Tract 9505",4.97942290799618
