"GEOID","NAMELSAD","Particulate.Matter"
"41027950300","Census Tract 9503",6.58767478721144
"41027950200","Census Tract 9502",5.13888192339096
"41027950100","Census Tract 9501",3.30028923546171
"41027950400","Census Tract 9504",4.55539927077002
