"GEOID","NAMELSAD","Particulate.Matter"
"13133950301","Census Tract 9503.01",7.13952062573058
"13133950302","Census Tract 9503.02",6.90851944756146
"13133950303","Census Tract 9503.03",6.79441795565662
"13133950100","Census Tract 9501",6.83581554910104
"13133950200","Census Tract 9502",6.47637751399963
"13133950400","Census Tract 9504",6.41152391761929
"13133950500","Census Tract 9505",6.613828320839
