"GEOID","NAMELSAD","Particulate.Matter"
"39071954500","Census Tract 9545",6.27168850580463
"39071954400","Census Tract 9544",6.42723386124308
"39071955200","Census Tract 9552",6.23713943776733
"39071955100","Census Tract 9551",5.96625588455768
"39071955000","Census Tract 9550",6.00098351830558
"39071954600","Census Tract 9546",6.49537770903102
"39071954800","Census Tract 9548",6.70883126917109
"39071954900","Census Tract 9549",6.31088863619738
"39071954700","Census Tract 9547",6.53758664332049
