"GEOID","NAMELSAD","Particulate.Matter"
"29013070100","Census Tract 701",6.384024111206
"29013070200","Census Tract 702",6.50450772737446
"29013070300","Census Tract 703",6.67469105739855
"29013070400","Census Tract 704",6.4164938792086
