"GEOID","NAMELSAD","Particulate.Matter"
"37059080500","Census Tract 805",6.75159219020127
"37059080200","Census Tract 802",6.71390459712378
"37059080600","Census Tract 806",6.70555227614534
"37059080400","Census Tract 804",6.66292175087942
"37059080700","Census Tract 807",6.69342228120294
"37059080300","Census Tract 803",6.72153256339627
"37059080100","Census Tract 801",6.54739225817854
