"GEOID","NAMELSAD","Particulate.Matter"
"48241950400","Census Tract 9504",8.28925723776828
"48241950800","Census Tract 9508",8.85100097516851
"48241950300","Census Tract 9503",8.42007553608412
"48241950600","Census Tract 9506",8.60892322246031
"48241950500","Census Tract 9505",8.39809535646693
"48241950700","Census Tract 9507",9.07802313173695
"48241950100","Census Tract 9501",8.01005581433463
"48241950200","Census Tract 9502",8.31338298396891
