"GEOID","NAMELSAD","Particulate.Matter"
"19177950200","Census Tract 9502",6.50240522518978
"19177950100","Census Tract 9501",6.70765352526216
