"GEOID","NAMELSAD","Particulate.Matter"
"17101881000","Census Tract 8810",8.58043222696243
"17101881100","Census Tract 8811",8.2538768288321
"17101880700","Census Tract 8807",8.28487421589187
"17101880900","Census Tract 8809",8.12624561207952
"17101880800","Census Tract 8808",8.11998902847899
