"GEOID","NAMELSAD","Particulate.Matter"
"16017950700","Census Tract 9507",6.30233043043647
"16017950800","Census Tract 9508",6.7791631562977
"16017950200","Census Tract 9502",7.85689862224468
"16017950600","Census Tract 9506",9.23400471703881
"16017950400","Census Tract 9504",6.95910840742192
"16017950500","Census Tract 9505",7.17356359364947
"16017950900","Census Tract 9509",8.38143060669249
"16017950100","Census Tract 9501",5.575287848569
"16017950300","Census Tract 9503",10.7231549214141
