"GEOID","NAMELSAD","Particulate.Matter"
"27041450702","Census Tract 4507.02",5.56222184804594
"27041450701","Census Tract 4507.01",5.34590077103338
"27041450600","Census Tract 4506",5.5250489763874
"27041450900","Census Tract 4509",5.29843825920548
"27041451000","Census Tract 4510",5.3578691246076
"27041450100","Census Tract 4501",5.15860889089579
"27041450500","Census Tract 4505",5.23590818686486
"27041450800","Census Tract 4508",5.30767185444164
"27041450200","Census Tract 4502",5.28003845720628
