"GEOID","NAMELSAD","Particulate.Matter"
"35057963600","Census Tract 9636",2.815953324125
"35057963700","Census Tract 9637",2.85857061429474
"35057963201","Census Tract 9632.01",2.49479988749436
"35057963202","Census Tract 9632.02",2.81115681695073
