"GEOID","NAMELSAD","Particulate.Matter"
"26013000200","Census Tract 2",3.795431217813
"26013000100","Census Tract 1",3.43175263996786
