"GEOID","NAMELSAD","Particulate.Matter"
"51595890100","Census Tract 8901",5.90282173642036
"51595890200","Census Tract 8902",5.93626748435559
