"GEOID","NAMELSAD","Particulate.Matter"
"48445950300","Census Tract 9503",3.92872366269635
"48445950100","Census Tract 9501",3.9404198802236
"48445950400","Census Tract 9504",4.01161134587792
