"GEOID","NAMELSAD","Particulate.Matter"
"51051040400","Census Tract 404",4.71699528973262
"51051040200","Census Tract 402",4.92981044737845
"51051040300","Census Tract 403",4.90238687642152
"51051040100","Census Tract 401",5.17831691880855
