"GEOID","NAMELSAD","Particulate.Matter"
"46135966400","Census Tract 9664",5.7679638950053
"46135966200","Census Tract 9662",6.19684349426066
"46135966100","Census Tract 9661",7.4818552887373
"46135966302","Census Tract 9663.02",6.85974269334793
"46135966301","Census Tract 9663.01",5.74923095216781
