"GEOID","NAMELSAD","Particulate.Matter"
"48483950100","Census Tract 9501",4.47739087414762
"48483950300","Census Tract 9503",4.33023130991224
