"GEOID","NAMELSAD","Particulate.Matter"
"13229960200","Census Tract 9602",6.40786489880553
"13229960300","Census Tract 9603",6.46250044021203
"13229960400","Census Tract 9604",6.37950602676533
"13229960100","Census Tract 9601",6.4294883319651
