"GEOID","NAMELSAD","Particulate.Matter"
"47017962300","Census Tract 9623",7.59158106821975
"47017962400","Census Tract 9624",7.12182639184021
"47017962500","Census Tract 9625",7.07635343136094
"47017962000","Census Tract 9620",7.41652676028397
"47017962100","Census Tract 9621",7.60853411185891
"47017962201","Census Tract 9622.01",7.70573482216466
"47017962202","Census Tract 9622.02",7.59655348627285
"47017980100","Census Tract 9801",7.20754898053103
