"GEOID","NAMELSAD","Particulate.Matter"
"08097000100","Census Tract 1",3.25075235721011
"08097000500","Census Tract 5",2.87865974700419
"08097000402","Census Tract 4.02",2.65975256089922
"08097000401","Census Tract 4.01",4.70261713572703
