"GEOID","NAMELSAD","Particulate.Matter"
"23007970102","Census Tract 9701.02",3.45511349667925
"23007971000","Census Tract 9710",4.12876383252012
"23007971300","Census Tract 9713",4.13067393924914
"23007971200","Census Tract 9712",4.57185468897888
"23007971100","Census Tract 9711",4.24483800471857
"23007971400","Census Tract 9714",4.2441747119995
"23007970101","Census Tract 9701.01",3.30416439493859
"23007970601","Census Tract 9706.01",3.46429946008533
"23007970602","Census Tract 9706.02",3.52170478654984
