"GEOID","NAMELSAD","Particulate.Matter"
"19151780200","Census Tract 7802",5.54205888764203
"19151780300","Census Tract 7803",5.62685393015522
"19151780100","Census Tract 7801",5.51667938293313
