"GEOID","NAMELSAD","Particulate.Matter"
"13173950100","Census Tract 9501",6.47639113299709
"13173950200","Census Tract 9502",6.50214946194882
