"GEOID","NAMELSAD","Particulate.Matter"
"05075470400","Census Tract 4704",7.69800146682191
"05075470200","Census Tract 4702",7.15686302487711
"05075470100","Census Tract 4701",7.59355123926596
"05075470300","Census Tract 4703",7.18641780214339
"05075470502","Census Tract 4705.02",7.65960056454371
"05075470501","Census Tract 4705.01",7.60334269562562
