"GEOID","NAMELSAD","Particulate.Matter"
"38073969000","Census Tract 9690",4.46494419996733
"38073969100","Census Tract 9691",4.37139041770994
"38073968900","Census Tract 9689",4.63688178695585
