"GEOID","NAMELSAD","Particulate.Matter"
"13305970100","Census Tract 9701",6.38526391867674
"13305970500","Census Tract 9705",6.69422806321462
"13305970600","Census Tract 9706",6.5374360436041
"13305970200","Census Tract 9702",6.60714814895302
"13305970300","Census Tract 9703",6.53895025185148
"13305970400","Census Tract 9704",6.4568364375003
