"GEOID","NAMELSAD","Particulate.Matter"
"48507950100","Census Tract 9501",6.01515742088874
"48507950301","Census Tract 9503.01",6.46984810776511
"48507950302","Census Tract 9503.02",7.2171322504844
"48507950200","Census Tract 9502",6.37015265497003
