"GEOID","NAMELSAD","Particulate.Matter"
"13303950500","Census Tract 9505",6.2968873531342
"13303950700","Census Tract 9507",6.38275641742793
"13303950400","Census Tract 9504",6.43654309776553
"13303950300","Census Tract 9503",6.72429424743371
"13303950100","Census Tract 9501",6.59946350378376
