"GEOID","NAMELSAD","Particulate.Matter"
"37043950200","Census Tract 9502",6.27656692630608
"37043950100","Census Tract 9501",4.83552457178217
