"GEOID","NAMELSAD","Particulate.Matter"
"29199480200","Census Tract 4802",6.5358971521079
"29199480100","Census Tract 4801",6.39386991518185
