"GEOID","NAMELSAD","Particulate.Matter"
"19005960400","Census Tract 9604",6.20741568146353
"19005960500","Census Tract 9605",6.21372093354674
"19005960100","Census Tract 9601",6.39331574513986
"19005960300","Census Tract 9603",6.05125939313875
"19005960200","Census Tract 9602",6.10793555297404
