"GEOID","NAMELSAD","Particulate.Matter"
"18023950400","Census Tract 9504",7.88781394398334
"18023950100","Census Tract 9501",7.76902967083538
"18023950200","Census Tract 9502",7.55603291469217
"18023950500","Census Tract 9505",8.59735818672785
"18023950300","Census Tract 9503",7.42080913642639
"18023950600","Census Tract 9506",8.27013157031582
"18023950700","Census Tract 9507",8.5498027378419
"18023950800","Census Tract 9508",8.90889104049332
