"GEOID","NAMELSAD","Particulate.Matter"
"22125951702","Census Tract 9517.02",8.16562873843766
"22125951800","Census Tract 9518",7.80038178015347
"22125951701","Census Tract 9517.01",7.69524297229356
