"GEOID","NAMELSAD","Particulate.Matter"
"48285000300","Census Tract 3",6.56065694208526
"48285000500","Census Tract 5",6.86070616538687
"48285000400","Census Tract 4",6.46329938041113
"48285000600","Census Tract 6",6.88484262939051
"48285000200","Census Tract 2",6.69374909863271
"48285000100","Census Tract 1",7.16400308669733
