"GEOID","NAMELSAD","Particulate.Matter"
"17185957400","Census Tract 9574",8.73690770381415
"17185957300","Census Tract 9573",8.6476938071936
"17185957500","Census Tract 9575",8.65201158179716
"17185957200","Census Tract 9572",8.54400991359221
