"GEOID","NAMELSAD","Particulate.Matter"
"13155950200","Census Tract 9502",6.51440688063428
"13155950100","Census Tract 9501",6.47748313611708
