"GEOID","NAMELSAD","Particulate.Matter"
"19019950100","Census Tract 9501",6.87681141491945
"19019950300","Census Tract 9503",7.16517028094868
"19019950600","Census Tract 9506",7.19430916920409
"19019950500","Census Tract 9505",7.1026929169881
"19019950200","Census Tract 9502",6.90172575470658
"19019950400","Census Tract 9504",7.20189469227319
