"GEOID","NAMELSAD","Particulate.Matter"
"48159950100","Census Tract 9501",6.87754251903345
"48159950200","Census Tract 9502",6.83047805991541
"48159950300","Census Tract 9503",6.70677166972599
