"GEOID","NAMELSAD","Particulate.Matter"
"56011950200","Census Tract 9502",3.44877755543466
"56011950300","Census Tract 9503",2.83748675430855
