"GEOID","NAMELSAD","Particulate.Matter"
"19087970400","Census Tract 9704",7.17015711805551
"19087970200","Census Tract 9702",6.70135964680925
"19087970300","Census Tract 9703",7.16460001712731
"19087970100","Census Tract 9701",6.99744163420562
"19087970500","Census Tract 9705",6.86536819860237
