"GEOID","NAMELSAD","Particulate.Matter"
"29171960200","Census Tract 9602",5.87127383662929
"29171960100","Census Tract 9601",5.91910695903944
