"GEOID","NAMELSAD","Particulate.Matter"
"12129010100","Census Tract 101",6.70363675701456
"12129010201","Census Tract 102.01",6.65134771474026
"12129010202","Census Tract 102.02",6.67664056215718
"12129010203","Census Tract 102.03",6.77450408669355
