"GEOID","NAMELSAD","Particulate.Matter"
"28153950300","Census Tract 9503",6.77467789664941
"28153950400","Census Tract 9504",6.65798359418068
"28153950200","Census Tract 9502",6.86532041291303
"28153950100","Census Tract 9501",6.78213936423217
