"GEOID","NAMELSAD","Particulate.Matter"
"17067954300","Census Tract 9543",6.72759566923653
"17067954000","Census Tract 9540",6.829576955826
"17067954100","Census Tract 9541",7.24811970893405
"17067954200","Census Tract 9542",6.71226367883503
"17067953700","Census Tract 9537",6.83494517456068
"17067953900","Census Tract 9539",6.5533012541531
"17067953800","Census Tract 9538",6.80564746857818
