"GEOID","NAMELSAD","Particulate.Matter"
"19191950500","Census Tract 9505",5.61815461755634
"19191950200","Census Tract 9502",5.99762224789636
"19191950400","Census Tract 9504",5.86948902993215
"19191950100","Census Tract 9501",5.6172748296896
"19191950300","Census Tract 9503",5.81276496822076
