"GEOID","NAMELSAD","Particulate.Matter"
"47041920102","Census Tract 9201.02",6.94754931431308
"47041920101","Census Tract 9201.01",7.01273315816294
"47041920200","Census Tract 9202",6.9652796921661
"47041920300","Census Tract 9203",6.76492609859243
