"GEOID","NAMELSAD","Particulate.Matter"
"40041376100","Census Tract 3761",6.81893572248644
"40041375700","Census Tract 3757",7.96991036265777
"40041375602","Census Tract 3756.02",7.9680160068533
"40041375802","Census Tract 3758.02",7.69938902997968
"40041375801","Census Tract 3758.01",7.61799748803856
"40041375601","Census Tract 3756.01",7.53502369900231
"40041976200","Census Tract 9762",7.14166082040506
"40041376000","Census Tract 3760",7.16476176590654
"40041375900","Census Tract 3759",7.25104811578306
