"GEOID","NAMELSAD","Particulate.Matter"
"01053970100","Census Tract 9701",6.8344131793607
"01053969900","Census Tract 9699",6.82319565644135
"01053970400","Census Tract 9704",6.48440744480857
"01053970500","Census Tract 9705",6.55117225900299
"01053970300","Census Tract 9703",6.68773460370367
"01053969800","Census Tract 9698",6.79396723938097
"01053970600","Census Tract 9706",6.56693056773794
"01053970700","Census Tract 9707",6.61496284886435
"01053970200","Census Tract 9702",6.97905985045378
