"GEOID","NAMELSAD","Particulate.Matter"
"21225950100","Census Tract 9501",8.41012934942079
"21225950300","Census Tract 9503",8.28311578774096
"21225950202","Census Tract 9502.02",8.45792179089192
"21225950201","Census Tract 9502.01",8.57789200946928
