"GEOID","NAMELSAD","Particulate.Matter"
"22025000300","Census Tract 3",8.06885882057382
"22025000100","Census Tract 1",8.12927306013198
"22025000200","Census Tract 2",8.21059313547655
