"GEOID","NAMELSAD","Particulate.Matter"
"21045950300","Census Tract 9503",6.77517365047235
"21045950400","Census Tract 9504",6.6404901293344
"21045950100","Census Tract 9501",6.34513457244906
"21045950500","Census Tract 9505",6.81341119231612
"21045950200","Census Tract 9502",6.81617227350173
