"GEOID","NAMELSAD","Particulate.Matter"
"20181453600","Census Tract 4536",4.49680818045895
"20181453700","Census Tract 4537",4.48363542975878
