"GEOID","NAMELSAD","Particulate.Matter"
"40073958100","Census Tract 9581",6.79278452162686
"40073958200","Census Tract 9582",6.63992672779893
"40073958300","Census Tract 9583",6.82058706049075
"40073958400","Census Tract 9584",6.55099890103952
