"GEOID","NAMELSAD","Particulate.Matter"
"20099950300","Census Tract 9503",7.29213052989918
"20099950700","Census Tract 9507",7.57998932982739
"20099950800","Census Tract 9508",7.44570153141728
"20099950100","Census Tract 9501",7.38446557046516
"20099950500","Census Tract 9505",7.5230037609244
"20099950200","Census Tract 9502",8.54971137009299
"20099950400","Census Tract 9504",7.30571602293882
"20099950600","Census Tract 9506",7.41988082572481
