"GEOID","NAMELSAD","Particulate.Matter"
"48253020200","Census Tract 202",4.54981836917637
"48253020400","Census Tract 204",4.725863913377
"48253020101","Census Tract 201.01",4.94730104981672
"48253020102","Census Tract 201.02",4.99994908036443
"48253020300","Census Tract 203",4.50558190436564
"48253020500","Census Tract 205",4.71798076551847
