"GEOID","NAMELSAD","Particulate.Matter"
"45071950100","Census Tract 9501",6.19984825057478
"45071950300","Census Tract 9503",6.18568470362687
"45071950602","Census Tract 9506.02",6.17307687156068
"45071950201","Census Tract 9502.01",6.21825645884309
"45071950601","Census Tract 9506.01",6.04710392141831
"45071950700","Census Tract 9507",6.02768739912819
"45071950202","Census Tract 9502.02",6.45767589681413
"45071950502","Census Tract 9505.02",6.35358874534891
