"GEOID","NAMELSAD","Particulate.Matter"
"13085970100","Census Tract 9701",6.13811784033991
"13085970202","Census Tract 9702.02",6.88631732971977
"13085970201","Census Tract 9702.01",6.95293812069646
