"GEOID","NAMELSAD","Particulate.Matter"
"48315950300","Census Tract 9503",6.91857252184156
"48315950400","Census Tract 9504",7.17420649924493
"48315950200","Census Tract 9502",6.87027596908181
"48315950100","Census Tract 9501",7.14460395308851
