"GEOID","NAMELSAD","Particulate.Matter"
"51775010501","Census Tract 105.01",6.43665422294862
"51775010502","Census Tract 105.02",6.63750295283249
"51775010100","Census Tract 101",6.17302734899833
"51775010200","Census Tract 102",6.48143375922109
"51775010300","Census Tract 103",7.11473471488859
