"GEOID","NAMELSAD","Particulate.Matter"
"46109950400","Census Tract 9504",5.38024942010972
"46109940400","Census Tract 9404",5.68420775250841
"46109940700","Census Tract 9407",5.10307728061472
"46109940800","Census Tract 9408",4.83012002313424
