"GEOID","NAMELSAD","Particulate.Matter"
"40001376900","Census Tract 3769",6.34027473245927
"40001376700","Census Tract 3767",6.81564178384042
"40001376600","Census Tract 3766",7.03961345492928
"40001377000","Census Tract 3770",6.11187992130575
"40001376800","Census Tract 3768",6.44048298495358
