"GEOID","NAMELSAD","Particulate.Matter"
"51115951300","Census Tract 9513",5.57960684419029
"51115951400","Census Tract 9514",5.51216538954416
