"GEOID","NAMELSAD","Particulate.Matter"
"31021963200","Census Tract 9632",5.99247246665628
"31021963300","Census Tract 9633",6.55519352822143
"31021963400","Census Tract 9634",6.02042135282734
