"GEOID","NAMELSAD","Particulate.Matter"
"22123000200","Census Tract 2",7.65593526592179
"22123000100","Census Tract 1",7.74165422145977
"22123000300","Census Tract 3",7.66214401342294
