"GEOID","NAMELSAD","Particulate.Matter"
"05123960500","Census Tract 9605",8.10069766761927
"05123960200","Census Tract 9602",7.90313827810083
"05123960300","Census Tract 9603",7.54727281081759
"05123960100","Census Tract 9601",7.69717062669149
"05123960600","Census Tract 9606",7.92661704866482
"05123960400","Census Tract 9604",7.96629554691955
