"GEOID","NAMELSAD","Particulate.Matter"
"20063955200","Census Tract 9552",4.98142443828062
"20063955100","Census Tract 9551",4.87014054390498
