"GEOID","NAMELSAD","Particulate.Matter"
"17079977500","Census Tract 9775",7.53780059897271
"17079977300","Census Tract 9773",7.30840465407248
"17079977400","Census Tract 9774",7.6180109448021
