"GEOID","NAMELSAD","Particulate.Matter"
"17009970400","Census Tract 9704",6.68740501335566
"17009970500","Census Tract 9705",6.80111853544684
