"GEOID","NAMELSAD","Particulate.Matter"
"51159040200","Census Tract 402",6.12977196170244
"51159040100","Census Tract 401",6.16705217234984
