"GEOID","NAMELSAD","Particulate.Matter"
"21001970600","Census Tract 9706",6.6659605147875
"21001970200","Census Tract 9702",6.89259931525419
"21001970500","Census Tract 9705",6.50564227965843
"21001970100","Census Tract 9701",6.96054444764313
"21001970300","Census Tract 9703",6.79742281305077
"21001970401","Census Tract 9704.01",6.82908746413003
"21001970402","Census Tract 9704.02",6.77344581967412
