"GEOID","NAMELSAD","Particulate.Matter"
"48419950300","Census Tract 9503",7.43071578438735
"48419950200","Census Tract 9502",7.25844196794336
"48419950600","Census Tract 9506",8.03242661138271
"48419950500","Census Tract 9505",7.25808000275281
"48419950100","Census Tract 9501",7.61129904463238
"48419950400","Census Tract 9504",7.38231383277778
