"GEOID","NAMELSAD","Particulate.Matter"
"35047957500","Census Tract 9575",3.45448508493655
"35047957800","Census Tract 9578",4.06260429984117
"35047957700","Census Tract 9577",2.96909332654035
"35047957200","Census Tract 9572",4.01555762023018
"35047957600","Census Tract 9576",2.90782518649257
"35047957400","Census Tract 9574",3.99505579461167
"35047957300","Census Tract 9573",4.16206675107951
