"GEOID","NAMELSAD","Particulate.Matter"
"28025950500","Census Tract 9505",7.14145836713359
"28025950100","Census Tract 9501",7.14729382544189
"28025950200","Census Tract 9502",6.93494221648273
"28025950400","Census Tract 9504",7.48204817172861
"28025950300","Census Tract 9503",7.89674353938386
