"GEOID","NAMELSAD","Particulate.Matter"
"42093050100","Census Tract 501",7.47804726047142
"42093050300","Census Tract 503",7.7220750322366
"42093050400","Census Tract 504",7.21736781862864
"42093050200","Census Tract 502",7.29961042346689
