"GEOID","NAMELSAD","Particulate.Matter"
"37041930102","Census Tract 9301.02",5.61929681234664
"37041930101","Census Tract 9301.01",5.95959681870848
"37041930200","Census Tract 9302",5.76447438057004
