"GEOID","NAMELSAD","Particulate.Matter"
"26079950200","Census Tract 9502",4.71644239406165
"26079950400","Census Tract 9504",4.61141069635653
"26079950300","Census Tract 9503",4.74650810051028
"26079950601","Census Tract 9506.01",4.45914003332473
"26079950602","Census Tract 9506.02",4.46179322400921
