"GEOID","NAMELSAD","Particulate.Matter"
"08003960000","Census Tract 9600",4.54132645729316
"08003960200","Census Tract 9602",5.1886915524152
"08003960100","Census Tract 9601",4.93126017425818
"08003960300","Census Tract 9603",5.09958362501256
