"GEOID","NAMELSAD","Particulate.Matter"
"29103960200","Census Tract 9602",6.30304418793446
"29103960100","Census Tract 9601",6.37582064224157
