"GEOID","NAMELSAD","Particulate.Matter"
"13123080300","Census Tract 803",6.61096919784548
"13123080400","Census Tract 804",6.89002601054858
"13123080500","Census Tract 805",6.31323406632532
"13123080200","Census Tract 802",5.75140082270991
"13123080100","Census Tract 801",5.51601096090156
