"GEOID","NAMELSAD","Particulate.Matter"
"50009950500","Census Tract 9505",4.4129796547062
"50009950200","Census Tract 9502",4.27683455190782
"50009950100","Census Tract 9501",3.96393718535658
