"GEOID","NAMELSAD","Particulate.Matter"
"05071952200","Census Tract 9522",6.93309464777356
"05071952100","Census Tract 9521",7.004912891367
"05071952000","Census Tract 9520",7.38794520777395
"05071951900","Census Tract 9519",7.01328019803658
"05071951800","Census Tract 9518",7.08483993005012
"05071951700","Census Tract 9517",5.88527155157017
