"GEOID","NAMELSAD","Particulate.Matter"
"31181965100","Census Tract 9651",5.00179415104109
"31181965000","Census Tract 9650",4.97959751232282
