"GEOID","NAMELSAD","Particulate.Matter"
"54063950300","Census Tract 9503",5.35726595526004
"54063950100","Census Tract 9501",4.3982230596092
"54063950200","Census Tract 9502",5.09974311312166
