"GEOID","NAMELSAD","Particulate.Matter"
"47121960200","Census Tract 9602",7.37031984868945
"47121960100","Census Tract 9601",7.47934225191615
"47121960300","Census Tract 9603",7.30935919342484
