"GEOID","NAMELSAD","Particulate.Matter"
"51173030302","Census Tract 303.02",5.14376351751862
"51173030702","Census Tract 307.02",4.08148924711929
"51173030701","Census Tract 307.01",5.48752722696717
"51173030301","Census Tract 303.01",5.30743819947076
"51173030500","Census Tract 305",4.20305948133806
"51173030200","Census Tract 302",4.64917792548625
"51173030400","Census Tract 304",4.49152914852156
"51173030100","Census Tract 301",4.81576537347754
"51173030600","Census Tract 306",4.78817441288703
