"GEOID","NAMELSAD","Particulate.Matter"
"47115050101","Census Tract 501.01",6.44821951073129
"47115050202","Census Tract 502.02",6.04000793568792
"47115050102","Census Tract 501.02",5.84805436039571
"47115050302","Census Tract 503.02",6.27295579260692
"47115050301","Census Tract 503.01",7.41181040475133
"47115050201","Census Tract 502.01",7.16074341882819
