"GEOID","NAMELSAD","Particulate.Matter"
"51149850400","Census Tract 8504",5.87662328190913
"51149850200","Census Tract 8502",6.51912290658635
"51149850100","Census Tract 8501",6.6914891774457
"51149850502","Census Tract 8505.02",5.92191439493846
"51149850501","Census Tract 8505.01",5.73234378542779
"51149850302","Census Tract 8503.02",6.31639267322804
"51149850301","Census Tract 8503.01",6.19402550435027
