"GEOID","NAMELSAD","Particulate.Matter"
"18087970402","Census Tract 9704.02",7.04905782205642
"18087970401","Census Tract 9704.01",6.92238786601295
"18087970700","Census Tract 9707",6.7850219276203
"18087970600","Census Tract 9706",6.91666818168554
"18087970500","Census Tract 9705",6.78012652525093
"18087970300","Census Tract 9703",6.750553269007
"18087970100","Census Tract 9701",6.65002713548186
"18087970200","Census Tract 9702",6.81506056445651
