"GEOID","NAMELSAD","Particulate.Matter"
"42067070300","Census Tract 703",7.04222484352951
"42067070100","Census Tract 701",6.40460173596408
"42067070400","Census Tract 704",7.12845983975143
"42067070202","Census Tract 702.02",6.64419058099589
"42067070201","Census Tract 702.01",6.31239242385231
