"GEOID","NAMELSAD","Particulate.Matter"
"20189965100","Census Tract 9651",4.92504629102684
"20189965200","Census Tract 9652",4.87995533336814
