"GEOID","NAMELSAD","Particulate.Matter"
"28095950502","Census Tract 9505.02",7.01301942927976
"28095950501","Census Tract 9505.01",7.11367282826333
"28095950300","Census Tract 9503",7.69163246995036
"28095950700","Census Tract 9507",7.64539139395501
"28095950600","Census Tract 9506",7.19700583252774
"28095950400","Census Tract 9504",7.85732849417234
"28095950100","Census Tract 9501",6.87300109364838
"28095950200","Census Tract 9502",7.23802226178642
"28095950800","Census Tract 9508",7.63414581231231
