"GEOID","NAMELSAD","Particulate.Matter"
"20201978700","Census Tract 9787",4.97294772527663
"20201978600","Census Tract 9786",5.01779825899152
