"GEOID","NAMELSAD","Particulate.Matter"
"31175971300","Census Tract 9713",4.73644584270867
"31175971400","Census Tract 9714",5.1051393886734
