"GEOID","NAMELSAD","Particulate.Matter"
"56015957800","Census Tract 9578",4.14715935510452
"56015957700","Census Tract 9577",3.30379376846288
"56015957900","Census Tract 9579",3.93406557981538
"56015958000","Census Tract 9580",3.81092618247452
