"GEOID","NAMELSAD","Particulate.Matter"
"21041950200","Census Tract 9502",7.45063360086846
"21041950100","Census Tract 9501",7.18843362818289
"21041950300","Census Tract 9503",7.18856232495155
