"GEOID","NAMELSAD","Particulate.Matter"
"17025972200","Census Tract 9722",8.37093151834495
"17025972100","Census Tract 9721",8.20265429590393
"17025971900","Census Tract 9719",7.90624193719942
"17025972000","Census Tract 9720",8.03977096684082
