"GEOID","NAMELSAD","Particulate.Matter"
"28157950200","Census Tract 9502",7.57385480102898
"28157950100","Census Tract 9501",7.26186630011463
