"GEOID","NAMELSAD","Particulate.Matter"
"21081920100","Census Tract 9201",7.11556765311814
"21081920300","Census Tract 9203",6.53573410745967
"21081920400","Census Tract 9204",6.47250539995637
"21081920200","Census Tract 9202",6.77671465014327
