"GEOID","NAMELSAD","Particulate.Matter"
"17187870100","Census Tract 8701",7.10388255334509
"17187870200","Census Tract 8702",6.58765413939209
"17187870400","Census Tract 8704",7.12926495156914
"17187870300","Census Tract 8703",6.7914860500522
"17187870500","Census Tract 8705",7.32817883001307
