"GEOID","NAMELSAD","Particulate.Matter"
"16035940000","Census Tract 9400",5.29944401922961
"16035970100","Census Tract 9701",4.0061240650573
