"GEOID","NAMELSAD","Particulate.Matter"
"54031970300","Census Tract 9703",5.35779040750583
"54031970200","Census Tract 9702",5.21986433158194
"54031970100","Census Tract 9701",5.34958806800269
