"GEOID","NAMELSAD","Particulate.Matter"
"38049955900","Census Tract 9559",4.57518604876954
"38049955600","Census Tract 9556",4.84029010448792
