"GEOID","NAMELSAD","Particulate.Matter"
"13163960300","Census Tract 9603",6.31180927001484
"13163960100","Census Tract 9601",6.47443617546852
"13163960200","Census Tract 9602",6.29375725377587
"13163960400","Census Tract 9604",6.40327842155336
