"GEOID","NAMELSAD","Particulate.Matter"
"19109950400","Census Tract 9504",5.568004167338
"19109950100","Census Tract 9501",5.49497264747912
"19109950300","Census Tract 9503",5.40986855174565
"19109950600","Census Tract 9506",5.37325778070657
"19109950200","Census Tract 9502",5.40964834340746
"19109950500","Census Tract 9505",5.59740954406027
