"GEOID","NAMELSAD","Particulate.Matter"
"20059954300","Census Tract 9543",6.72068655679586
"20059954100","Census Tract 9541",6.18748817849975
"20059954400","Census Tract 9544",7.13653612163062
"20059954500","Census Tract 9545",6.34432538692525
"20059954200","Census Tract 9542",6.52487453816615
