"GEOID","NAMELSAD","Particulate.Matter"
"01037961200","Census Tract 9612",7.25791726084769
"01037961100","Census Tract 9611",7.31269399930808
"01037961000","Census Tract 9610",7.25428237406503
