"GEOID","NAMELSAD","Particulate.Matter"
"31037964700","Census Tract 9647",5.6928604905805
"31037964800","Census Tract 9648",5.86726468343715
"31037964600","Census Tract 9646",5.56932855463941
