"GEOID","NAMELSAD","Particulate.Matter"
"31107976400","Census Tract 9764",5.16764897265644
"31107976200","Census Tract 9762",4.89994338102899
"31107976300","Census Tract 9763",5.00316745870425
