"GEOID","NAMELSAD","Particulate.Matter"
"40059952100","Census Tract 9521",5.10044448011828
"40059952200","Census Tract 9522",5.21748741740969
