"GEOID","NAMELSAD","Particulate.Matter"
"28041950100","Census Tract 9501",6.58757352500077
"28041950200","Census Tract 9502",6.66507472620479
