"GEOID","NAMELSAD","Particulate.Matter"
"31147964500","Census Tract 9645",5.88648746033274
"31147968500","Census Tract 9685",5.69549410291384
"31147968600","Census Tract 9686",5.976798183248
