"GEOID","NAMELSAD","Particulate.Matter"
"26135970300","Census Tract 9703",4.51611321930555
"26135970500","Census Tract 9705",4.62627830130866
"26135970400","Census Tract 9704",4.59904017907665
"26135970201","Census Tract 9702.01",4.40428541210921
"26135970202","Census Tract 9702.02",4.4197273926059
