"GEOID","NAMELSAD","Particulate.Matter"
"17069970900","Census Tract 9709",7.85736949714973
"17069971000","Census Tract 9710",8.04053832545507
