"GEOID","NAMELSAD","Particulate.Matter"
"13251970200","Census Tract 9702",6.26398779822581
"13251970400","Census Tract 9704",6.08453215546645
"13251970500","Census Tract 9705",6.27780953362379
"13251970600","Census Tract 9706",6.3320261810592
"13251970300","Census Tract 9703",6.08124208300852
