"GEOID","NAMELSAD","Particulate.Matter"
"48219950400","Census Tract 9504",4.19532480811872
"48219950300","Census Tract 9503",4.25489702736168
"48219950100","Census Tract 9501",4.17542936713378
"48219950600","Census Tract 9506",4.15913650376266
"48219950500","Census Tract 9505",4.3795133015213
"48219950200","Census Tract 9502",4.05560042856254
"48219950700","Census Tract 9507",3.90091325681088
