"GEOID","NAMELSAD","Particulate.Matter"
"47101970200","Census Tract 9702",6.49339941344602
"47101970100","Census Tract 9701",6.58624824749813
