"GEOID","NAMELSAD","Particulate.Matter"
"48015760400","Census Tract 7604",7.32728268318743
"48015760300","Census Tract 7603",7.48633473483395
"48015760100","Census Tract 7601",7.65688654616125
"48015760200","Census Tract 7602",7.74955179284088
"48015760502","Census Tract 7605.02",7.48826920843978
"48015760501","Census Tract 7605.01",7.45583454213223
