"GEOID","NAMELSAD","Particulate.Matter"
"21235920600","Census Tract 9206",5.9907420870884
"21235920400","Census Tract 9204",6.52653764479561
"21235920200","Census Tract 9202",6.73279691168787
"21235920300","Census Tract 9203",6.54157288040463
"21235920800","Census Tract 9208",5.85989744879018
"21235920100","Census Tract 9201",6.74196352859105
"21235920500","Census Tract 9205",6.33200636411003
"21235920700","Census Tract 9207",5.7297428415725
