"GEOID","NAMELSAD","Particulate.Matter"
"30073977000","Census Tract 9770",4.15918296722502
"30073977200","Census Tract 9772",4.5869331262405
