"GEOID","NAMELSAD","Particulate.Matter"
"13207050200","Census Tract 502",7.08237805359531
"13207050102","Census Tract 501.02",7.25184062119927
"13207050302","Census Tract 503.02",7.19643368574847
"13207050301","Census Tract 503.01",6.94503002820514
"13207050101","Census Tract 501.01",7.11252176829908
