"GEOID","NAMELSAD","Particulate.Matter"
"17035972400","Census Tract 9724",7.50618500923958
"17035972500","Census Tract 9725",7.66488362488362
"17035972600","Census Tract 9726",7.49871625115813
