"GEOID","NAMELSAD","Particulate.Matter"
"37137950201","Census Tract 9502.01",5.37050645005782
"37137950101","Census Tract 9501.01",5.42220968790177
"37137950202","Census Tract 9502.02",5.27280077940438
"37137950102","Census Tract 9501.02",5.29130816345616
