"GEOID","NAMELSAD","Particulate.Matter"
"20007968200","Census Tract 9682",5.54396080161441
"20007968100","Census Tract 9681",5.29784788181658
