"GEOID","NAMELSAD","Particulate.Matter"
"54089000800","Census Tract 8",4.8762334688327
"54089000700","Census Tract 7",5.90798252687943
"54089000500","Census Tract 5",4.67216958042951
"54089000600","Census Tract 6",5.15741020336645
