"GEOID","NAMELSAD","Particulate.Matter"
"13193000200","Census Tract 2",6.72335800388879
"13193000300","Census Tract 3",6.65729092157139
"13193000100","Census Tract 1",6.51876548751614
"13193000400","Census Tract 4",6.74552111259052
