"GEOID","NAMELSAD","Particulate.Matter"
"16009950100","Census Tract 9501",4.00584288064941
"16009940000","Census Tract 9400",4.57622023386193
