"GEOID","NAMELSAD","Particulate.Matter"
"47109930100","Census Tract 9301",6.79625002774909
"47109930500","Census Tract 9305",6.98488099702044
"47109930200","Census Tract 9302",6.49700957964608
"47109930700","Census Tract 9307",7.40471663186886
"47109930300","Census Tract 9303",6.7742762139508
"47109930400","Census Tract 9304",7.04778642384747
"47109930600","Census Tract 9306",7.22733787689549
