"GEOID","NAMELSAD","Particulate.Matter"
"31111959900","Census Tract 9599",4.56554450160504
"31111960600","Census Tract 9606",3.83858933859791
"31111959700","Census Tract 9597",3.81542794416945
"31111959800","Census Tract 9598",3.84690870550289
"31111960200","Census Tract 9602",5.49052620101779
"31111960500","Census Tract 9605",4.3756971752786
"31111960300","Census Tract 9603",6.10999279433308
"31111960400","Census Tract 9604",5.19395590147238
