"GEOID","NAMELSAD","Particulate.Matter"
"13253200200","Census Tract 2002",7.34984696181031
"13253200100","Census Tract 2001",7.26941296585251
"13253200300","Census Tract 2003",7.37530318665563
