"GEOID","NAMELSAD","Particulate.Matter"
"27031480200","Census Tract 4802",3.23699904607914
"27031480100","Census Tract 4801",3.10926571746051
