"GEOID","NAMELSAD","Particulate.Matter"
"54095962000","Census Tract 9620",5.23985093545331
"54095961800","Census Tract 9618",5.57810595870411
"54095961900","Census Tract 9619",5.32529076479938
