"GEOID","NAMELSAD","Particulate.Matter"
"48305950400","Census Tract 9504",4.05907700820552
"48305950600","Census Tract 9506",4.15911093030045
"48305950500","Census Tract 9505",4.22349650324464
