"GEOID","NAMELSAD","Particulate.Matter"
"13219030300","Census Tract 303",6.62747851180479
"13219030600","Census Tract 306",6.55385152979583
"13219030500","Census Tract 305",6.69931388331203
"13219030400","Census Tract 304",6.62688479445835
"13219030100","Census Tract 301",6.92083032991545
"13219030200","Census Tract 302",6.87215166808872
