"GEOID","NAMELSAD","Particulate.Matter"
"20117060510","Census Tract 605.10",5.44340015425229
"20117090186","Census Tract 901.86",5.34462100921631
"20117070182","Census Tract 701.82",5.18376169046631
"20117040701","Census Tract 407.01",5.0950228168587
