"GEOID","NAMELSAD","Particulate.Matter"
"47003950402","Census Tract 9504.02",7.2038469809918
"47003950401","Census Tract 9504.01",7.20575424036586
"47003950700","Census Tract 9507",6.84008877715999
"47003950600","Census Tract 9506",7.46370449895318
"47003950100","Census Tract 9501",6.86255853512333
"47003950300","Census Tract 9503",6.97959148914937
"47003950500","Census Tract 9505",7.27494990906757
"47003950800","Census Tract 9508",6.70256371525968
"47003950200","Census Tract 9502",7.23698415870266
