"GEOID","NAMELSAD","Particulate.Matter"
"48389950100","Census Tract 9501",4.63367944855533
"48389950200","Census Tract 9502",6.60925274318855
"48389950300","Census Tract 9503",6.20161521362682
"48389950400","Census Tract 9504",5.57441160267667
"48389950500","Census Tract 9505",4.92057737732892
