"GEOID","NAMELSAD","Particulate.Matter"
"48239950300","Census Tract 9503",6.98614609708417
"48239950200","Census Tract 9502",7.1420795957367
"48239950100","Census Tract 9501",6.88332028607146
