"GEOID","NAMELSAD","Particulate.Matter"
"48473680400","Census Tract 6804",7
"48473680500","Census Tract 6805",7.28264729355232
"48473680200","Census Tract 6802",7.76535676134586
"48473680300","Census Tract 6803",7.21912104950502
"48473680100","Census Tract 6801",7.62142749948685
"48473680600","Census Tract 6806",7.28098141536062
