"GEOID","NAMELSAD","Particulate.Matter"
"17159978300","Census Tract 9783",8.1199998118494
"17159977900","Census Tract 9779",7.79944374039064
"17159978100","Census Tract 9781",8.05246096250118
"17159978000","Census Tract 9780",8.08377520520638
"17159978200","Census Tract 9782",8.5632081347944
