"GEOID","NAMELSAD","Particulate.Matter"
"26039960400","Census Tract 9604",4.76080933534109
"26039960200","Census Tract 9602",4.58363057155755
"26039960100","Census Tract 9601",4.54117102830596
"26039960300","Census Tract 9603",4.74964418274349
"26039960500","Census Tract 9605",4.76481342950602
