"GEOID","NAMELSAD","Particulate.Matter"
"48275950200","Census Tract 9502",4.78818135077341
"48275950100","Census Tract 9501",4.5696933197141
