"GEOID","NAMELSAD","Particulate.Matter"
"48405950300","Census Tract 9503",7.94209144455567
"48405950200","Census Tract 9502",7.34533198063431
"48405950100","Census Tract 9501",7.42267468919503
