"GEOID","NAMELSAD","Particulate.Matter"
"39105964100","Census Tract 9641",5.38565443243391
"39105964600","Census Tract 9646",5.58229629386453
"39105964300","Census Tract 9643",5.45752283059093
"39105964200","Census Tract 9642",5.24764146357179
"39105964500","Census Tract 9645",5.5125748939741
"39105964400","Census Tract 9644",5.71591053703978
