"GEOID","NAMELSAD","Particulate.Matter"
"27085950200","Census Tract 9502",5.99992772677864
"27085950400","Census Tract 9504",6.31726954543465
"27085950300","Census Tract 9503",6.29014591429948
"27085950100","Census Tract 9501",6.24661222838547
"27085950500","Census Tract 9505",5.80522127810612
"27085950600","Census Tract 9506",5.9312232890195
"27085950700","Census Tract 9507",5.86513116095735
