"GEOID","NAMELSAD","Particulate.Matter"
"05047950100","Census Tract 9501",6.22088198960373
"05047950200","Census Tract 9502",7.04957923041164
"05047950300","Census Tract 9503",7.3632044394889
