"GEOID","NAMELSAD","Particulate.Matter"
"48153950500","Census Tract 9505",4.17260656728254
"48153950600","Census Tract 9506",3.97850047303579
