"GEOID","NAMELSAD","Particulate.Matter"
"22003950500","Census Tract 9505",9.31083197677169
"22003950400","Census Tract 9504",8.9866333470454
"22003950100","Census Tract 9501",8.78568581566016
"22003950200","Census Tract 9502",8.22638154551995
"22003950300","Census Tract 9503",8.54314691639643
