"GEOID","NAMELSAD","Particulate.Matter"
"47085130400","Census Tract 1304",7.14933826530835
"47085130200","Census Tract 1302",7.25611125516918
"47085130500","Census Tract 1305",8.30805872776413
"47085130300","Census Tract 1303",7.04680955086778
"47085130100","Census Tract 1301",6.88117223088706
