"GEOID","NAMELSAD","Particulate.Matter"
"51007930200","Census Tract 9302",5.47725795530769
"51007930100","Census Tract 9301",5.28679107115348
