"GEOID","NAMELSAD","Particulate.Matter"
"27165950100","Census Tract 9501",6.00346065885214
"27165950300","Census Tract 9503",5.82478359822604
"27165950200","Census Tract 9502",5.85289341247744
