"GEOID","NAMELSAD","Particulate.Matter"
"05017080400","Census Tract 804",7.68451338463684
"05017080100","Census Tract 801",7.25758159952941
"05017080300","Census Tract 803",6.96947171061668
"05017080200","Census Tract 802",7.3505121483342
