"GEOID","NAMELSAD","Particulate.Matter"
"21021930200","Census Tract 9302",6.8834398211449
"21021930600","Census Tract 9306",6.66037152717961
"21021930500","Census Tract 9305",6.70713393270546
"21021930300","Census Tract 9303",7.93359950223311
"21021930400","Census Tract 9304",7.03692408886001
"21021930700","Census Tract 9307",6.49604344537318
"21021930100","Census Tract 9301",6.76942614775038
