"GEOID","NAMELSAD","Particulate.Matter"
"05095950200","Census Tract 9502",7.78944949717409
"05095950300","Census Tract 9503",7.54432620403529
"05095950100","Census Tract 9501",7.8901985746202
