"GEOID","NAMELSAD","Particulate.Matter"
"16053970200","Census Tract 9702",4.93276451544915
"16053970300","Census Tract 9703",5.23924499684736
"16053970400","Census Tract 9704",6.28977674647886
"16053970100","Census Tract 9701",4.66784995083623
"16053970500","Census Tract 9705",4.9894542425872
