"GEOID","NAMELSAD","Particulate.Matter"
"48365950200","Census Tract 9502",7.06144381724686
"48365950500","Census Tract 9505",7.18360343216089
"48365950100","Census Tract 9501",7.34991615839494
"48365950600","Census Tract 9506",7.41369507613917
"48365950300","Census Tract 9503",7.33041916487038
"48365950400","Census Tract 9504",7.49670082710449
