"GEOID","NAMELSAD","Particulate.Matter"
"21139040100","Census Tract 401",7.87649233839354
"21139040200","Census Tract 402",8.1583342077736
