"GEOID","NAMELSAD","Particulate.Matter"
"49013940300","Census Tract 9403",2.810759363256
"49013940500","Census Tract 9405",5.90926972176837
"49013940600","Census Tract 9406",4.62801606571678
