"GEOID","NAMELSAD","Particulate.Matter"
"48149970500","Census Tract 9705",6.71007673547937
"48149970200","Census Tract 9702",7.11136643998951
"48149970600","Census Tract 9706",6.98124101249688
"48149970300","Census Tract 9703",7.37599822648371
"48149970700","Census Tract 9707",7.19988293487691
"48149970100","Census Tract 9701",7.04111649116706
"48149970400","Census Tract 9704",7.10650159335924
