"GEOID","NAMELSAD","Particulate.Matter"
"28001000200","Census Tract 2",7.52511555280541
"28001000100","Census Tract 1",7.10237335431373
"28001000500","Census Tract 5",7.16973891715533
"28001000400","Census Tract 4",7.8181302034072
"28001000700","Census Tract 7",8.28301774168037
"28001000300","Census Tract 3",7.63896870100546
"28001000600","Census Tract 6",7.59514958779366
"28001000900","Census Tract 9",7.69621459530565
"28001000800","Census Tract 8",7.87625351683145
