"GEOID","NAMELSAD","Particulate.Matter"
"54007967900","Census Tract 9679",5.54249347748549
"54007968000","Census Tract 9680",5.51890339780434
"54007968100","Census Tract 9681",5.49904237300538
