"GEOID","NAMELSAD","Particulate.Matter"
"21183920600","Census Tract 9206",8.51755863086639
"21183920200","Census Tract 9202",8.22595032332938
"21183920300","Census Tract 9203",8.32596439722849
"21183920500","Census Tract 9205",8.16816649809078
"21183920400","Census Tract 9204",7.99857666411868
"21183920100","Census Tract 9201",8.10688280271024
"21183920700","Census Tract 9207",8.73116302002168
