"GEOID","NAMELSAD","Particulate.Matter"
"31059091600","Census Tract 916",5.14157022109819
"31059091700","Census Tract 917",5.16804719597846
