"GEOID","NAMELSAD","Particulate.Matter"
"01079979100","Census Tract 9791",7.01692226485483
"01079979900","Census Tract 9799",6.8560390578946
"01079979800","Census Tract 9798",6.91672391069689
"01079979700","Census Tract 9797",7.06620854338913
"01079979600","Census Tract 9796",7.21963824375029
"01079979400","Census Tract 9794",6.97191812206149
"01079979300","Census Tract 9793",6.92548493166635
"01079979200","Census Tract 9792",6.9691392657705
"01079979500","Census Tract 9795",6.98246601847883
