"GEOID","NAMELSAD","Particulate.Matter"
"27073180100","Census Tract 1801",5.85505518621213
"27073180200","Census Tract 1802",5.89476921256358
"27073180300","Census Tract 1803",6.07206636526335
