"GEOID","NAMELSAD","Particulate.Matter"
"17169970300","Census Tract 9703",6.9552681485809
"17169970200","Census Tract 9702",7.03222572478483
"17169970100","Census Tract 9701",6.65989303300909
