"GEOID","NAMELSAD","Particulate.Matter"
"20207096600","Census Tract 966",6.27136384221972
"20207096700","Census Tract 967",6.17674624319839
