"GEOID","NAMELSAD","Particulate.Matter"
"18149953900","Census Tract 9539",6.55524507165296
"18149953800","Census Tract 9538",6.58011488790373
"18149954100","Census Tract 9541",6.57378371161862
"18149954200","Census Tract 9542",6.54414082531714
"18149953600","Census Tract 9536",6.5309159560275
"18149954000","Census Tract 9540",6.73735988499429
"18149953700","Census Tract 9537",6.67305978429139
