"GEOID","NAMELSAD","Particulate.Matter"
"13099090500","Census Tract 905",6.99178260153658
"13099090400","Census Tract 904",6.89090008374777
"13099090200","Census Tract 902",6.88390500532428
"13099090300","Census Tract 903",6.76413601653953
"13099090100","Census Tract 901",6.970163882995
