"GEOID","NAMELSAD","Particulate.Matter"
"38085940800","Census Tract 9408",3.75948926521211
"38085940900","Census Tract 9409",3.91954016834788
