"GEOID","NAMELSAD","Particulate.Matter"
"55061960500","Census Tract 9605",6.06730733917526
"55061960200","Census Tract 9602",5.44099115126296
"55061960400","Census Tract 9604",5.78311966577457
"55061960100","Census Tract 9601",6.06340622505157
