"GEOID","NAMELSAD","Particulate.Matter"
"30023000400","Census Tract 4",3.28679766393826
"30023000300","Census Tract 3",4.22918432308486
"30023000500","Census Tract 5",3.07107304059385
