"GEOID","NAMELSAD","Particulate.Matter"
"36049950100","Census Tract 9501",4.55772333766151
"36049950400","Census Tract 9504",4.72474946066611
"36049950700","Census Tract 9507",4.08319316155484
"36049950500","Census Tract 9505",4.12300129474309
"36049950200","Census Tract 9502",4.82191846893111
"36049950300","Census Tract 9503",4.50292960954201
"36049950600","Census Tract 9506",4.70968863836922
