"GEOID","NAMELSAD","Particulate.Matter"
"39079957600","Census Tract 9576",5.80260815589463
"39079957300","Census Tract 9573",5.46297557345268
"39079957800","Census Tract 9578",5.74110195432849
"39079957400","Census Tract 9574",5.70137742068258
"39079957700","Census Tract 9577",5.62582705572877
"39079957500","Census Tract 9575",5.88824465273726
"39079957200","Census Tract 9572",5.61177509147284
