"GEOID","NAMELSAD","Particulate.Matter"
"48031950100","Census Tract 9501",5.63965507470715
"48031950200","Census Tract 9502",5.66808657905917
