"GEOID","NAMELSAD","Particulate.Matter"
"21109960200","Census Tract 9602",5.82675363133685
"21109960300","Census Tract 9603",6.13534971289578
"21109960100","Census Tract 9601",5.96616631159559
