"GEOID","NAMELSAD","Particulate.Matter"
"51181860100","Census Tract 8601",5.80029542641925
"51181860200","Census Tract 8602",5.5944425575947
