"GEOID","NAMELSAD","Particulate.Matter"
"05041950500","Census Tract 9505",7.6592526736707
"05041950200","Census Tract 9502",7.25753495419162
"05041950100","Census Tract 9501",7.43512526708432
"05041950300","Census Tract 9503",7.48789532110086
"05041950400","Census Tract 9504",7.27475113307162
