"GEOID","NAMELSAD","Particulate.Matter"
"01099075900","Census Tract 759",6.83625642807806
"01099076000","Census Tract 760",6.59853290950817
"01099075800","Census Tract 758",6.71231093520794
"01099076100","Census Tract 761",6.48966775332942
"01099075700","Census Tract 757",7.06245370888616
"01099076200","Census Tract 762",6.69179698891239
"01099075600","Census Tract 756",6.82604154275474
