"GEOID","NAMELSAD","Particulate.Matter"
"13027960500","Census Tract 9605",6.63813847867543
"13027960200","Census Tract 9602",6.84892892746769
"13027960400","Census Tract 9604",6.69268193406801
"13027960300","Census Tract 9603",6.79124861473036
"13027960600","Census Tract 9606",6.84512606607574
