"GEOID","NAMELSAD","Particulate.Matter"
"32033970200","Census Tract 9702",2.91385585197738
"32033970100","Census Tract 9701",3.19194864438684
"32033970300","Census Tract 9703",3.26204340748823
