"GEOID","NAMELSAD","Particulate.Matter"
"13159010100","Census Tract 101",6.91611741122734
"13159010200","Census Tract 102",6.88471628056681
"13159010500","Census Tract 105",7.1389446887937
