"GEOID","NAMELSAD","Particulate.Matter"
"13025960200","Census Tract 9602",6.31299384201714
"13025960300","Census Tract 9603",6.24639543346623
"13025960100","Census Tract 9601",6.38856362542188
