"GEOID","NAMELSAD","Particulate.Matter"
"26095960200","Census Tract 9602",3.7265371989254
"26095960100","Census Tract 9601",3.85033326158079
"26095980000","Census Tract 9800",3.90024254066285
