"GEOID","NAMELSAD","Particulate.Matter"
"21115960400","Census Tract 9604",6.3776669509214
"21115960300","Census Tract 9603",6.06509364766022
"21115960200","Census Tract 9602",5.97592540072089
"21115960600","Census Tract 9606",6.55992540468883
"21115960500","Census Tract 9605",6.30603053891244
"21115960100","Census Tract 9601",6.13973123617113
